调度名,币对(标准),总收益,成交收益,资金费收益,手续费,滑点,当期资金费率,当期资金费,成交量,最大持仓,当前持仓,换手率,敞口,市场成交占比,总收益率,成交收益率,资金费收益率,滑点率,手续费率,持仓占比,账户1,账户2,仓位数量,调度最后成交时间,调度最大对冲延迟,主机,调度最后更新时间,配对盈利,价差值,配对胜率,波动率,买卖单卖单数量,买卖单买单数量,配对笔数,累计资金费率
fr-BTC-USDT-loong_bn_bnfutures_pm_mode_0,BTC-USDT-FTR,2.0727182686540054E+04,-1.0307595454994444E+02,2.083025864109E+04,4.514871608559042E+01,-4.831402590498328E+01,-1.47E-06 | 0E+00,-2.8749193903167576E+01,1.2813935383224487E+05,-2.26515755856E+07,-1.9557274764059577E+07,5.656973103173683E-03,0E+00,0E+00,1.6175501176379653E-01,-8.044051375886251E-04,9.195942490787333E-04,-3.770428401584899E-04,3.523407504044182E-04,2.0380849120206612E-01,asset30_virtual@l2s0mfw9managedsub.com,asset30_virtual@l2s0mfw9managedsub.com,-2.53291E+02,2026-01-03 14:24:19,2.84E+02,prod-strategy-ap85,2026-02-02 07:47:51,-4.7156162622385075E+01,5.561360342443145E-04|binance_spot,0E+00,7.408107227106482E-01,1.47E+02,2.2E+01,0E+00,1.005E-03 | 0E+00
fr-KITE-USDT-loong_bn_bnfutures_pm_mode_0,KITE-USDT-FTR,3.673218487148333E+03,-7.289879311666863E+00,3.68050836646E+03,1.048129130154848E+00,-2.2627830266952515E+01,3.4851E-04 | 0E+00,2.275612723468815E+02,2.996731643676758E+03,-6.940751917346399E+05,-6.5295478565E+05,4.31758933234207E-03,7.952558593749999E-02,0E+00,1.225741549096995E+00,-2.432609982628523E-03,5.302751647500374E-03,-7.550836363575725E-03,3.4975742067744E-04,6.244970336551304E-03,asset30_virtual@l2s0mfw9managedsub.com,asset30_virtual@l2s0mfw9managedsub.com,-4.658971E+06,2026-01-03 13:08:21,2.7E+01,prod-strategy-ap85,2026-02-02 07:47:48,-4.394566969463756E+00,2.5179856115107313E-03|binance_futures,1.6666666666666666E-01,1.4181467853108505E+00,0E+00,3.1E+01,1E+00,5.626980000000002E-03 | 0E+00
fr-ETH-USDT-loong_bn_bnfutures_pm_mode_0,ETH-USDT-FTR,3.021093303608869E+03,-5.537710583311308E+02,3.57486436194E+03,2.445755436521722E+02,-2.0706039452040568E+02,-2.036E-04 | 0E+00,-1.9509712959717126E+03,6.965130728034973E+05,-1.2400773576567587E+07,-9.58237375231686E+06,5.616690511305065E-02,0E+00,0E+00,4.337453841962835E-03,-7.950619736427583E-04,2.882775288063511E-04,-2.9728141883536807E-04,3.511427899949449E-04,1.1157647479433573E-01,asset30_virtual@l2s0mfw9managedsub.com,asset30_virtual@l2s0mfw9managedsub.com,-4.192811E+03,2026-01-03 14:43:26,3.21E+02,prod-strategy-ap85,2026-02-02 07:47:53,-2.58686269130558E+02,8.943646302783659E-04|binance_spot,2.11118930330753E-03,1.285791185688579E+00,1.6E+02,1.9E+01,3E+00,1.9857000000000007E-04 | 0E+00
fr-ASTER-USDT-loong_bn_bnfutures_pm_mode_13,ASTER-USDT-FTR,2.988587313433425E+03,-1.0808908358565748E+03,4.06947814929E+03,2.3781610375719174E+02,-7.944824301396729E+02,5E-05 | 0E+00,1.4625487418667652E+02,6.694899723894596E+05,-3.245306148E+06,-2.92509748373353E+06,2.0629485843794715E-01,-1.0344110000000003E+03,0E+00,4.463976215755606E-03,-1.6144989177340398E-03,1.2539581671818286E-03,-1.1866980282081087E-03,3.552198144333788E-04,2.9199776722513993E-02,asset30_virtual@l2s0mfw9managedsub.com,asset30_virtual@l2s0mfw9managedsub.com,-5.371391E+06,2026-01-03 10:29:41,3.21E+02,prod-strategy-ap85,2026-02-02 07:47:51,-5.591612276876585E+02,1.4646649578908821E-03|binance_spot,4.058823529411765E-02,1.2509712622825524E+00,5.2E+01,5.2E+01,6.9E+01,1.3659399999999997E-03 | 0E+00
fr-SUI-USDT-loong_bn_bnfutures_pm_mode_1,SUI-USDT-FTR,2.1227861566263864E+03,-4.5757009177361397E+02,2.5803562484000004E+03,1.8551435387877336E+02,-2.037145999878412E+02,4.514E-05 | 0E+00,1.2473627843496209E+02,5.318656014460102E+05,-3.053952034062055E+06,-2.763320302059417E+06,1.7415650131825317E-01,-3.911208166981638E+01,0E+00,3.991207836820165E-03,-8.603114969826866E-04,8.44923633252967E-04,-3.830189420673041E-04,3.487993082733796E-04,2.747806014259566E-02,asset30_virtual@l2s0mfw9managedsub.com,asset30_virtual@l2s0mfw9managedsub.com,-2.4703281E+06,2025-12-14 16:09:31,1.015E+03,prod-strategy-ap85,2026-02-02 07:47:47,-2.254204495695669E+02,6.254467476769499E-04|binance_spot,8.368200836820083E-04,1.3503522107163186E+00,1.55E+02,2.1E+01,1E+00,9.8878E-04 | 0E+00
fr-BTC-USDT-loong_bn_bnfutures_pm_asset13_mode_0,BTC-USDT-FTR,1.7779868894159142E+03,-3.626101278408569E+01,1.8142479022E+03,1.4348544827545993E+01,-1.0052560526877437E+01,-1.47E-06 | 0E+00,-2.526960201050787E+00,5.313342513656616E+04,-1.9750548207E+06,-1.7190205449325084E+06,2.690225333478824E-02,0E+00,0E+00,3.346268163300303E-02,-6.824520100273197E-04,9.185810354150034E-04,-1.891946642069441E-04,2.7004742853799945E-04,1.7770637699221745E-02,asset13_virtual@a9ywto2zmanagedsub.com,asset13_virtual@a9ywto2zmanagedsub.com,-2.2266E+01,2026-01-06 16:44:53,1.5E+02,prod-strategy-ap57,2026-02-02 09:27:52,-1.7261333051487302E+01,5.561360342443145E-04|binance_spot,0E+00,7.44086994778575E-01,0E+00,1.9E+01,0E+00,1.005E-03 | 0E+00
fr-BTC-USDT-loong_bn_bnfutures_pm_asset10_mode_0,BTC-USDT-FTR,1.7613991417097393E+03,-8.100589129026062E+01,1.842405033E+03,3.1924699273658916E+01,-2.3146143549121916E+01,-1.47E-06 | 0E+00,-2.5916492926971966E+00,1.1656507660675049E+05,-2.0012703763E+06,-1.7630267297259842E+06,5.824554142567133E-02,0E+00,0E+00,1.5110865046244336E-02,-6.949413464853282E-04,9.206177510138764E-04,-1.985684239474989E-04,2.7387876543299164E-04,1.8006513248481838E-02,asset10_virtual@m6r3teozmanagedsub.com,asset10_virtual@m6r3teozmanagedsub.com,-2.2836E+01,2026-01-05 12:10:01,9.5E+01,prod-strategy-ap86,2026-02-02 09:44:58,-3.5569207504393574E+01,5.561360342443145E-04|binance_spot,9.009009009009009E-03,7.631365848715578E-01,0E+00,2E+01,1E+00,1.005E-03 | 0E+00
fr-XPL-USDT-loong_bn_bnfutures_pm_mode_0,XPL-USDT-FTR,1.6516597890543603E+03,-4.117416990956398E+02,2.06340148815E+03,6.0236458097992E+01,-2.3530002975497337E+02,5E-05 | 0E+00,6.1295415583932495E+01,1.7286283722019196E+05,-1.5568462752E+06,-1.2259083116786499E+06,1.1103397938115962E-01,-2.5537290938964843E+03,0E+00,9.55474187289014E-03,-2.381898305713708E-03,1.3253726594714213E-03,-1.3611950002605196E-03,3.4846389812093074E-04,1.400778895856502E-02,asset30_virtual@l2s0mfw9managedsub.com,asset30_virtual@l2s0mfw9managedsub.com,-1.1830535E+07,2026-01-03 13:31:25,3.88E+02,prod-strategy-ap85,2026-02-02 07:47:48,-1.1526048867065202E+02,1.9267822736031004E-03|binance_spot,4.7619047619047616E-02,1.4995941049644086E+00,7.7E+01,2.1E+01,1.7E+01,1.584919999999999E-03 | 0E+00
fr-PUMP-USDT-loong_bn_bnfutures_pm_mode_3,PUMP-USDT-FTR,1.6359848718513585E+03,-4.2025038530864146E+02,2.05623525716E+03,1.2390780168212768E+02,-3.569250784406395E+02,3.71E-05 | 0E+00,8.632619469590341E+01,3.525635409255177E+05,-2.61849970834008E+06,-2.326851609054E+06,1.3464333786350308E-01,0E+00,0E+00,4.640255392139301E-03,-1.1919848099024603E-03,7.852722880246143E-04,-1.0123709261135518E-03,3.514481428137924E-04,2.3560059773904064E-02,asset30_virtual@l2s0mfw9managedsub.com,asset30_virtual@l2s0mfw9managedsub.com,-9.1620956E+08,2026-01-03 10:15:32,4.36E+02,prod-strategy-ap85,2026-02-02 07:47:52,-1.661642296788356E+02,1.180173092053538E-03|binance_spot,5.787037037037037E-02,1.492264572116634E+00,1.34E+02,2.3E+01,5E+01,9.383300000000002E-04 | 0E+00
fr-BTC-USDC-loong_bn_bnfutures_pm_mode_usdc_0,BTC-USDC-FTR,1.4871205369271681E+03,-1.4313605602831734E+01,1.50143414253E+03,5.598410900682211E+00,-9.209847940132022E+00,3.814E-05 | 0E+00,4.512778107459001E+01,1.5992621299743652E+04,-1.3573966757691754E+06,-1.1832139767852651E+06,1.1781833258639266E-02,0E+00,0E+00,9.29879166807386E-02,-8.950131022649281E-04,1.1061130245358858E-03,-5.758810746228104E-04,3.500621190080921E-04,1.2213232912022524E-02,asset30_virtual@l2s0mfw9managedsub.com,asset30_virtual@l2s0mfw9managedsub.com,-1.5334E+01,2025-12-05 16:07:53,2.99E+02,prod-strategy-ap85,2026-02-02 09:48:26,-5.959131889045165E+00,5.511786503908933E-04|binance_spot,0E+00,7.3510125774069E-01,0E+00,2.3E+01,0E+00,1.1744400000000001E-03 | 0E+00
fr-SENT-USDT-loong_bn_bnfutures_pm_mode_0,SENT-USDT-FTR,1.3514298959193793E+03,8.971754938593792E+02,4.5425440205999996E+02,1.2352136991111911E+02,-3.756002614761566E+02,-2.40941E-03 | 0E+00,1.6436691434339996E+00,2.7035692450875044E+05,-2.1818098643999998E+05,6.821873999999999E+02,1.2391406277883839E+00,0E+00,0E+00,4.998687932165904E-03,3.318485352241611E-03,2.082007279699051E-03,-1.3892755369911002E-03,4.5688258266572045E-04,1.963092478369733E-03,asset30_virtual@l2s0mfw9managedsub.com,asset30_virtual@l2s0mfw9managedsub.com,1.9947E+04,2026-01-25 03:58:43,9.3E+01,prod-strategy-ap85,2026-01-29 20:30:15,2.603170610604974E+02,2.2442436607403193E-02|binance_spot,8.151476251604621E-01,3.2086201662258365E+00,0E+00,0E+00,6.35E+02,-3.7085406000000004E-01 | 0E+00
fr-LINK-USDT-loong_bn_bnfutures_pm_mode_1,LINK-USDT-FTR,1.1060820305051943E+03,-4.544836556848056E+02,1.56056568619E+03,1.3552645243018014E+02,-2.5843589864112437E+02,1E-04 | 0E+00,2.10290039484618E+02,3.8651447095379233E+05,-2.213550388994689E+06,-2.10290039484618E+06,1.746129082380332E-01,-2.0243499932276336E+03,0E+00,2.8616833614941834E-03,-1.1758515911792057E-03,7.050057201990102E-04,-6.686318833118677E-04,3.5063746021137275E-04,1.9916511470731948E-02,asset30_virtual@l2s0mfw9managedsub.com,asset30_virtual@l2s0mfw9managedsub.com,-2.207749E+05,2025-12-01 16:17:41,4.54E+02,prod-strategy-ap85,2026-02-02 07:47:50,-2.0249797017464996E+02,1.3631120897557025E-03|binance_spot,1.0309278350515464E-02,1.1555147269212729E+00,6E+01,5.9E+01,1E+01,9.383200000000002E-04 | 0E+00
fr-ETH-USDC-loong_bn_bnfutures_pm_mode_usdc_2,ETH-USDC-FTR,7.409313057499645E+02,-3.0079387770035563E+01,7.7101069352E+02,1.0346714125014842E+01,-1.924439200758934E+01,-1.4634E-04 | 0E+00,-8.831699736722655E+01,2.9941777667999268E+04,-7.578913419778261E+05,-6.03505517064552E+05,3.950668916452048E-02,0E+00,0E+00,2.4745735338949037E-02,-1.004595922912866E-03,1.0173103330458125E-03,-6.427271026114485E-04,3.4556111663580516E-04,6.819158796256352E-03,asset30_virtual@l2s0mfw9managedsub.com,asset30_virtual@l2s0mfw9managedsub.com,-2.64164E+02,2025-11-24 19:08:45,1.47E+02,prod-strategy-ap85,2026-02-02 09:48:26,-1.488028076384213E+01,7.508785715844013E-04|binance_spot,1.639344262295082E-02,1.268012850726251E+00,0E+00,3.8E+01,1E+00,9.3974E-04 | 0E+00
fr-GIGGLE-USDT-loong_bn_bnfutures_pm_mode_3,GIGGLE-USDT-FTR,7.006053247634079E+02,-2.5063084461659204E+02,9.5123616938E+02,5.960476878573536E+01,-2.2546791028675216E+02,5E-05 | 0E+00,2.573638395E+01,1.7128393582296371E+05,-5.564312423926656E+05,-5.14727679E+05,3.078258781560132E-01,-1.7609139764167367E+02,0E+00,4.0903154250702305E-03,-1.4632478137099792E-03,1.7095304808724709E-03,-1.3163400829356942E-03,3.479880848099023E-04,5.00651319115453E-03,asset30_virtual@l2s0mfw9managedsub.com,asset30_virtual@l2s0mfw9managedsub.com,-1.40291E+04,2026-01-02 17:26:58,1.57E+02,prod-strategy-ap85,2026-02-02 07:47:50,-9.765928387066558E+01,1.092001092001027E-03|binance_spot,3.416856492027335E-02,1.6427721371777348E+00,2.1E+02,2.4E+01,1.5E+01,1.9346999999999988E-03 | 0E+00
fr-KITE-USDT-loong_bn_bnfutures_pm_asset10_mode_0,KITE-USDT-FTR,6.598262648779522E+02,-4.429134842047683E+00,6.642553997199999E+02,1.5180208208039403E+00,-3.331464958190918E+01,3.4851E-04 | 0E+00,4.0650345141831E+01,5.6235904541015625E+03,-1.2544763990031E+05,-1.1664039809999999E+05,4.4828188545998036E-02,1.219760009765625E-01,0E+00,1.1733184880074407E-01,-7.875991109589596E-04,5.295080881935017E-03,-5.924088863478875E-03,2.69938010812429E-04,1.1287203451399584E-03,asset10_virtual@m6r3teozmanagedsub.com,asset10_virtual@m6r3teozmanagedsub.com,-8.32254E+05,2026-01-05 07:04:35,8E+00,prod-strategy-ap86,2026-02-02 09:45:01,-4.4920226029703E+00,2.5179856115107313E-03|binance_futures,4.444444444444444E-01,1.5000675261727405E+00,0E+00,3.2E+01,4E+00,5.626980000000002E-03 | 0E+00
fr-币安人生-USDT-loong_bn_bnfutures_pm_mode_0,币安人生-USDT-FTR,5.904257966572397E+02,-3.0433184610276027E+02,8.9475764276E+02,9.331076221383046E+01,-6.810411290614868E+02,5E-05 | 0E+00,2.0109304006295996E+01,2.576662770127505E+05,-4.6766099970159994E+05,-4.021860801259199E+05,5.50968066991174E-01,-3.13241982421875E+00,0E+00,2.2914360524874692E-03,-1.1811085627154094E-03,1.91326119417894E-03,-2.6431131654368017E-03,3.6213804652912736E-04,4.207799249241862E-03,asset30_virtual@l2s0mfw9managedsub.com,asset30_virtual@l2s0mfw9managedsub.com,-3.173262E+06,2026-01-12 13:00:26,4.63E+02,prod-strategy-ap85,2026-02-02 07:47:49,-1.2186677806168507E+02,1.7339218158889391E-03|binance_spot,2.982216142270862E-01,2.4981532448991204E+00,0E+00,3.7E+01,2.18E+02,2.152929999999999E-03 | 0E+00
fr-ETH-USDT-loong_bn_bnfutures_pm_asset10_mode_0,ETH-USDT-FTR,5.671319768231016E+02,-3.472772922689841E+01,6.0185970605E+02,1.1974512483429862E+01,-1.3935653959866613E+01,-2.036E-04 | 0E+00,-3.1926518691483494E+02,4.434035518980026E+04,-2.0478094205060867E+06,-1.5681001321946706E+06,2.1652578968428704E-02,0E+00,0E+00,1.2790424758563065E-02,-7.832081876260416E-04,2.939041592558252E-04,-3.1428827983480547E-04,2.7005901130409515E-04,1.8425250229747663E-02,asset10_virtual@m6r3teozmanagedsub.com,asset10_virtual@m6r3teozmanagedsub.com,-6.86328E+02,2026-01-06 12:27:33,7E+01,prod-strategy-ap86,2026-02-02 09:45:01,-1.3712325165280594E+01,8.943646302783659E-04|binance_spot,0E+00,1.3321334484433704E+00,0E+00,4.2E+01,0E+00,1.9857000000000007E-04 | 0E+00
fr-ETH-USDT-loong_bn_bnfutures_pm_asset13_mode_0,ETH-USDT-FTR,4.9763165935460546E+02,-2.4574222465394474E+01,5.2220588182E+02,9.454395194887184E+00,-7.611523986328393E+00,-2.036E-04 | 0E+00,-2.765036322250274E+02,3.5009838455200195E+04,-1.7794319763408566E+06,-1.3580728498282288E+06,1.967472705935792E-02,0E+00,0E+00,1.421405185834811E-02,-7.01923332118213E-04,2.934677406965792E-04,-2.1741099994129832E-04,2.70049666381219E-04,1.601051304021836E-02,asset13_virtual@a9ywto2zmanagedsub.com,asset13_virtual@a9ywto2zmanagedsub.com,-5.94403E+02,2026-01-06 12:27:33,8.6E+01,prod-strategy-ap57,2026-02-02 09:27:58,-1.2958010953268818E+01,8.943646302783659E-04|binance_spot,0E+00,1.3321334484433704E+00,0E+00,4.3E+01,0E+00,1.9857000000000007E-04 | 0E+00
fr-PARTI-USDT-loong_bn_bnfutures_pm_mode_4,PARTI-USDT-FTR,4.8798536748000004E+02,0E+00,4.8798536748000004E+02,0E+00,0E+00,5E-05 | 0E+00,2.0859064690045997E+01,0E+00,-4.184581763E+05,-4.1718129380091996E+05,0E+00,0E+00,0E+00,0E+00,0E+00,1.1661508726983382E-03,0E+00,0E+00,3.7650948041375344E-03,asset30_virtual@l2s0mfw9managedsub.com,asset30_virtual@l2s0mfw9managedsub.com,-5.572013E+06,2026-01-03 15:15:45,0E+00,prod-strategy-ap85,2026-01-18 18:21:41,0E+00,1.6025641025640969E-03|binance_spot,0E+00,1.1761078655957755E+00,0E+00,0E+00,0E+00,2.1999999999999993E-03 | 0E+00
fr-PARTI-USDT-loong_bn_bnfutures_pm_mode_2,PARTI-USDT-FTR,4.8798536748000004E+02,0E+00,4.8798536748000004E+02,0E+00,0E+00,5E-05 | 0E+00,2.0859064690045997E+01,0E+00,-4.184581763E+05,-4.1718129380091996E+05,0E+00,0E+00,0E+00,0E+00,0E+00,1.1661508726983382E-03,0E+00,0E+00,3.7650948041375344E-03,asset30_virtual@l2s0mfw9managedsub.com,asset30_virtual@l2s0mfw9managedsub.com,-5.572013E+06,2025-12-24 18:43:04,0E+00,prod-strategy-ap85,2025-12-30 11:56:20,0E+00,1.6025641025640969E-03|binance_spot,0E+00,1.1761078655957755E+00,0E+00,0E+00,0E+00,2.1999999999999993E-03 | 0E+00
fr-PARTI-USDT-loong_bn_bnfutures_pm_mode_5,PARTI-USDT-FTR,4.8798536748000004E+02,0E+00,4.8798536748000004E+02,0E+00,0E+00,5E-05 | 0E+00,2.0859064690045997E+01,0E+00,-4.184581763E+05,-4.1718129380091996E+05,0E+00,0E+00,0E+00,0E+00,0E+00,1.1661508726983382E-03,0E+00,0E+00,3.7650948041375344E-03,asset30_virtual@l2s0mfw9managedsub.com,asset30_virtual@l2s0mfw9managedsub.com,-5.572013E+06,2026-01-18 10:29:27,0E+00,prod-strategy-ap85,2026-01-24 11:51:06,0E+00,1.6025641025640969E-03|binance_spot,0E+00,1.2188831102807922E+00,0E+00,0E+00,0E+00,2.1999999999999993E-03 | 0E+00
fr-PARTI-USDT-loong_bn_bnfutures_pm_mode_6,PARTI-USDT-FTR,4.8798536748000004E+02,0E+00,4.8798536748000004E+02,0E+00,0E+00,5E-05 | 0E+00,2.0859064690045997E+01,0E+00,-4.184581763E+05,-4.1718129380091996E+05,0E+00,0E+00,0E+00,0E+00,0E+00,1.1661508726983382E-03,0E+00,0E+00,3.7650948041375344E-03,asset30_virtual@l2s0mfw9managedsub.com,asset30_virtual@l2s0mfw9managedsub.com,-5.572013E+06,2026-01-24 04:29:08,0E+00,prod-strategy-ap85,2026-01-27 16:35:13,0E+00,1.6025641025640969E-03|binance_spot,0E+00,1.2575883690738685E+00,0E+00,0E+00,0E+00,2.1999999999999993E-03 | 0E+00
fr-PARTI-USDT-loong_bn_bnfutures_pm_mode_3,PARTI-USDT-FTR,4.8798536748000004E+02,0E+00,4.8798536748000004E+02,0E+00,0E+00,5E-05 | 0E+00,2.0859064690045997E+01,0E+00,-4.184581763E+05,-4.1718129380091996E+05,0E+00,0E+00,0E+00,0E+00,0E+00,1.1661508726983382E-03,0E+00,0E+00,3.7650948041375344E-03,asset30_virtual@l2s0mfw9managedsub.com,asset30_virtual@l2s0mfw9managedsub.com,-5.572013E+06,2025-12-30 04:50:07,0E+00,prod-strategy-ap85,2026-01-01 21:33:24,0E+00,1.6025641025640969E-03|binance_spot,0E+00,1.2575883690738685E+00,0E+00,0E+00,0E+00,2.1999999999999993E-03 | 0E+00
fr-BARD-USDT-loong_bn_bnfutures_pm_mode_6,BARD-USDT-FTR,4.22173842E+02,0E+00,4.22173842E+02,0E+00,0E+00,5E-05 | 0E+00,1.0569397690135501E+01,0E+00,-2.1044776849999998E+05,-2.1138795380271002E+05,0E+00,0E+00,0E+00,0E+00,0E+00,2.0060742150373526E-03,0E+00,0E+00,1.8935125290839934E-03,asset30_virtual@l2s0mfw9managedsub.com,asset30_virtual@l2s0mfw9managedsub.com,-3.18827E+05,2025-12-26 18:34:28,0E+00,prod-strategy-ap85,2025-12-30 11:56:20,0E+00,1.2068185246643104E-03|binance_spot,0E+00,1.496357851480554E+00,0E+00,0E+00,0E+00,2.149999999999999E-03 | 0E+00
fr-BARD-USDT-loong_bn_bnfutures_pm_mode_5,BARD-USDT-FTR,4.22173842E+02,0E+00,4.22173842E+02,0E+00,0E+00,5E-05 | 0E+00,1.0569397690135501E+01,0E+00,-2.1044776849999998E+05,-2.1138795380271002E+05,0E+00,0E+00,0E+00,0E+00,0E+00,2.0060742150373526E-03,0E+00,0E+00,1.8935125290839934E-03,asset30_virtual@l2s0mfw9managedsub.com,asset30_virtual@l2s0mfw9managedsub.com,-3.18827E+05,2025-12-12 16:06:54,0E+00,prod-strategy-ap85,2025-12-27 02:18:06,0E+00,1.2068185246643104E-03|binance_spot,0E+00,1.5013302531017576E+00,0E+00,0E+00,0E+00,2.149999999999999E-03 | 0E+00
fr-BARD-USDT-loong_bn_bnfutures_pm_mode_7,BARD-USDT-FTR,4.22173842E+02,0E+00,4.22173842E+02,0E+00,0E+00,5E-05 | 0E+00,1.0569397690135501E+01,0E+00,-2.1044776849999998E+05,-2.1138795380271002E+05,0E+00,0E+00,0E+00,0E+00,0E+00,2.0060742150373526E-03,0E+00,0E+00,1.8935125290839934E-03,asset30_virtual@l2s0mfw9managedsub.com,asset30_virtual@l2s0mfw9managedsub.com,-3.18827E+05,2026-01-03 10:34:04,0E+00,prod-strategy-ap85,2026-01-03 18:34:23,0E+00,1.2068185246643104E-03|binance_spot,0E+00,1.5013302531017576E+00,0E+00,0E+00,0E+00,2.149999999999999E-03 | 0E+00
fr-BARD-USDT-loong_bn_bnfutures_pm_mode_12,BARD-USDT-FTR,4.22173842E+02,0E+00,4.22173842E+02,0E+00,0E+00,5E-05 | 0E+00,1.0569397690135501E+01,0E+00,-2.1044776849999998E+05,-2.1138795380271002E+05,0E+00,0E+00,0E+00,0E+00,0E+00,2.0060742150373526E-03,0E+00,0E+00,1.8935125290839934E-03,asset30_virtual@l2s0mfw9managedsub.com,asset30_virtual@l2s0mfw9managedsub.com,-3.18827E+05,2026-01-14 00:09:04,0E+00,prod-strategy-ap85,2026-01-25 14:50:30,0E+00,1.2068185246643104E-03|binance_spot,0E+00,1.580316911255461E+00,0E+00,0E+00,0E+00,2.149999999999999E-03 | 0E+00
fr-BARD-USDT-loong_bn_bnfutures_pm_mode_9,BARD-USDT-FTR,4.22173842E+02,0E+00,4.22173842E+02,0E+00,0E+00,5E-05 | 0E+00,1.0569397690135501E+01,0E+00,-2.1044776849999998E+05,-2.1138795380271002E+05,0E+00,0E+00,0E+00,0E+00,0E+00,2.0060742150373526E-03,0E+00,0E+00,1.8935125290839934E-03,asset30_virtual@l2s0mfw9managedsub.com,asset30_virtual@l2s0mfw9managedsub.com,-3.18827E+05,2026-01-08 14:27:49,0E+00,prod-strategy-ap85,2026-01-10 16:57:15,0E+00,1.2068185246643104E-03|binance_spot,0E+00,1.496357851480554E+00,0E+00,0E+00,0E+00,2.149999999999999E-03 | 0E+00
fr-BARD-USDT-loong_bn_bnfutures_pm_mode_8,BARD-USDT-FTR,4.221738419999999E+02,0E+00,4.221738419999999E+02,0E+00,0E+00,5E-05 | 0E+00,1.0569397690135501E+01,0E+00,-2.1044776849999998E+05,-2.1138795380271002E+05,0E+00,0E+00,0E+00,0E+00,0E+00,2.0060742150373526E-03,0E+00,0E+00,1.8935125290839934E-03,asset30_virtual@l2s0mfw9managedsub.com,asset30_virtual@l2s0mfw9managedsub.com,-3.18827E+05,2026-01-03 15:07:49,0E+00,prod-strategy-ap85,2026-01-08 22:12:10,0E+00,1.2068185246643104E-03|binance_spot,0E+00,1.580316911255461E+00,0E+00,0E+00,0E+00,2.149999999999999E-03 | 0E+00
fr-BARD-USDT-loong_bn_bnfutures_pm_mode_11,BARD-USDT-FTR,4.221738419999999E+02,0E+00,4.221738419999999E+02,0E+00,0E+00,5E-05 | 0E+00,1.0569397690135501E+01,0E+00,-2.1044776849999998E+05,-2.1138795380271002E+05,0E+00,0E+00,0E+00,0E+00,0E+00,2.0060742150373526E-03,0E+00,0E+00,1.8935125290839934E-03,asset30_virtual@l2s0mfw9managedsub.com,asset30_virtual@l2s0mfw9managedsub.com,-3.18827E+05,2026-01-12 22:18:10,0E+00,prod-strategy-ap85,2026-01-14 04:46:12,0E+00,1.2068185246643104E-03|binance_spot,0E+00,1.580316911255461E+00,0E+00,0E+00,0E+00,2.149999999999999E-03 | 0E+00
fr-BARD-USDT-loong_bn_bnfutures_pm_mode_10,BARD-USDT-FTR,4.221738419999999E+02,0E+00,4.221738419999999E+02,0E+00,0E+00,5E-05 | 0E+00,1.0569397690135501E+01,0E+00,-2.1044776849999998E+05,-2.1138795380271002E+05,0E+00,0E+00,0E+00,0E+00,0E+00,2.0060742150373526E-03,0E+00,0E+00,1.8935125290839934E-03,asset30_virtual@l2s0mfw9managedsub.com,asset30_virtual@l2s0mfw9managedsub.com,-3.18827E+05,2026-01-10 09:29:07,0E+00,prod-strategy-ap85,2026-01-13 04:46:30,0E+00,1.2068185246643104E-03|binance_spot,0E+00,1.580316911255461E+00,0E+00,0E+00,0E+00,2.149999999999999E-03 | 0E+00
fr-AT-USDT-loong_bn_bnfutures_pm_mode_0,AT-USDT-FTR,3.8167250323E+02,0E+00,3.8167250323E+02,0E+00,0E+00,5E-05 | 0E+00,2.046150557E+01,0E+00,-4.065085978388E+05,-4.092301114E+05,0E+00,0E+00,0E+00,0E+00,0E+00,9.38903888525751E-04,0E+00,0E+00,3.6575779761149345E-03,asset30_virtual@l2s0mfw9managedsub.com,asset30_virtual@l2s0mfw9managedsub.com,-2.539436E+06,2026-01-03 15:13:43,0E+00,prod-strategy-ap85,2026-01-12 10:47:00,0E+00,1.3052396046988601E-03|binance_spot,0E+00,8.346746304580116E-01,0E+00,0E+00,0E+00,2.149999999999999E-03 | 0E+00
fr-AT-USDT-loong_bn_bnfutures_pm_mode_1,AT-USDT-FTR,3.814903217850496E+02,-1.8218144495038846E-01,3.8167250323E+02,5.226811487227678E-02,-2.5757174171303632E-14,5E-05 | 0E+00,2.046150557E+01,1.4938015747070312E+02,-4.065085978388E+05,-4.092301114E+05,3.674710898241308E-04,0E+00,0E+00,2.553821928189282E+00,-1.2195826275395272E-03,9.38903888525751E-04,-1.7242701177601319E-16,3.498999850935875E-04,3.6575779761149345E-03,asset30_virtual@l2s0mfw9managedsub.com,asset30_virtual@l2s0mfw9managedsub.com,-2.539436E+06,2026-01-12 03:18:34,2.2E+01,prod-strategy-ap85,2026-01-29 16:48:46,0E+00,1.3052396046988601E-03|binance_spot,0E+00,8.346746304580116E-01,0E+00,0E+00,0E+00,2.149999999999999E-03 | 0E+00
fr-PARTI-USDT-loong_bn_bnfutures_pm_mode_7,PARTI-USDT-FTR,3.542017697742673E+02,-1.322707467757327E+02,4.8647251655E+02,3.046288783928412E+01,-9.207593009283303E+01,5E-05 | 0E+00,2.0859064690045997E+01,8.700058018453419E+04,-4.184581763E+05,-4.1718129380091996E+05,2.079074686837089E-01,-1.6478865197753905E+01,0E+00,4.0712575596965105E-03,-1.5203432723687289E-03,1.1625355748844045E-03,-1.058336966230957E-03,3.501458010356971E-04,3.7650948041375344E-03,asset30_virtual@l2s0mfw9managedsub.com,asset30_virtual@l2s0mfw9managedsub.com,-5.572013E+06,2026-01-27 09:28:52,3.29E+02,prod-strategy-ap85,2026-01-28 16:33:07,-8.176185474598009E+01,1.6025641025640969E-03|binance_spot,4.347826086956522E-03,1.2188831102807922E+00,0E+00,0E+00,2E+00,2.1999999999999993E-03 | 0E+00
fr-KITE-USDT-loong_bn_bnfutures_pm_asset13_mode_0,KITE-USDT-FTR,3.037647614288556E+02,-5.063040543114438E+01,3.5439516685999996E+02,8.386051770765334E+00,-1.3048414104990636E+02,3.4851E-04 | 0E+00,2.1089771482846498E+01,2.6744745458602905E+04,-6.585909532774E+04,-6.051410714999999E+04,4.06090386233076E-01,1.4000014648437498E-02,0E+00,1.1357923069376025E-02,-1.8930973005337856E-03,5.381111979999032E-03,-4.878870178513286E-03,3.135588552804049E-04,5.925699428702319E-04,asset13_virtual@a9ywto2zmanagedsub.com,asset13_virtual@a9ywto2zmanagedsub.com,-4.31781E+05,2026-01-05 12:40:24,1.3E+01,prod-strategy-ap57,2026-02-02 09:27:50,-4.33097862425393E+01,2.5179856115107313E-03|binance_futures,8.333333333333334E-01,1.3768041037126522E+00,0E+00,3.2E+01,3E+01,5.626980000000002E-03 | 0E+00
fr-BARD-USDT-loong_bn_bnfutures_pm_mode_13,BARD-USDT-FTR,2.1455676135585063E+02,-2.0761708064414935E+02,4.22173842E+02,3.369655028558918E+01,-2.6865983012644574E+02,5E-05 | 0E+00,1.0569397690135501E+01,9.620165612316132E+04,-2.1044776849999998E+05,-2.1138795380271002E+05,4.5712842102747847E-01,-1.74713E+01,0E+00,2.230281369388966E-03,-2.1581445581180998E-03,2.0060742150373526E-03,-2.7926736498433704E-03,3.502699604510911E-04,1.8935125290839934E-03,asset30_virtual@l2s0mfw9managedsub.com,asset30_virtual@l2s0mfw9managedsub.com,-3.18827E+05,2026-01-25 16:29:24,1.09E+02,prod-strategy-ap85,2026-02-02 07:47:49,-1.0965820316219428E+02,1.2068185246643104E-03|binance_spot,1.2075471698113208E-01,1.496357851480554E+00,0E+00,2.4E+01,3.2E+01,2.149999999999999E-03 | 0E+00
fr-FORM-USDT-loong_bn_bnfutures_pm_mode_9,FORM-USDT-FTR,2.0205141442000004E+02,0E+00,2.0205141442000004E+02,0E+00,0E+00,5E-05 | 0E+00,6.237600648999999E+00,0E+00,-1.39193748164928E+05,-1.2475201297999997E+05,0E+00,0E+00,0E+00,0E+00,0E+00,1.4515839761753753E-03,0E+00,0E+00,1.252401524611335E-03,asset30_virtual@l2s0mfw9managedsub.com,asset30_virtual@l2s0mfw9managedsub.com,-4.978133E+05,2026-01-03 14:35:00,0E+00,prod-strategy-ap85,2026-01-25 14:50:30,0E+00,1.5929908403027326E-03|binance_spot,0E+00,1.2764990830909142E+00,0E+00,0E+00,0E+00,1.5820899999999993E-03 | 0E+00
fr-FORM-USDT-loong_bn_bnfutures_pm_mode_8,FORM-USDT-FTR,2.0205141442000001E+02,0E+00,2.0205141442000001E+02,0E+00,0E+00,5E-05 | 0E+00,6.237600648999999E+00,0E+00,-1.39193748164928E+05,-1.2475201297999997E+05,0E+00,0E+00,0E+00,0E+00,0E+00,1.4515839761753751E-03,0E+00,0E+00,1.252401524611335E-03,asset30_virtual@l2s0mfw9managedsub.com,asset30_virtual@l2s0mfw9managedsub.com,-4.978133E+05,2025-12-26 11:06:27,0E+00,prod-strategy-ap85,2025-12-30 11:56:20,0E+00,1.5929908403027326E-03|binance_spot,0E+00,1.229441866841642E+00,0E+00,0E+00,0E+00,1.5820899999999993E-03 | 0E+00
fr-FORM-USDT-loong_bn_bnfutures_pm_mode_7,FORM-USDT-FTR,2.0205141442000001E+02,0E+00,2.0205141442000001E+02,0E+00,0E+00,5E-05 | 0E+00,6.237600648999999E+00,0E+00,-1.39193748164928E+05,-1.2475201297999997E+05,0E+00,0E+00,0E+00,0E+00,0E+00,1.4515839761753751E-03,0E+00,0E+00,1.252401524611335E-03,asset30_virtual@l2s0mfw9managedsub.com,asset30_virtual@l2s0mfw9managedsub.com,-4.978133E+05,2025-12-23 09:31:38,0E+00,prod-strategy-ap85,2025-12-26 17:18:23,0E+00,1.5929908403027326E-03|binance_spot,0E+00,1.229441866841642E+00,0E+00,0E+00,0E+00,1.5820899999999993E-03 | 0E+00
fr-SUI-USDT-loong_bn_bnfutures_pm_asset10_mode_0,SUI-USDT-FTR,1.5795584294351468E+02,-3.937640290648532E+01,1.9733224585E+02,1.3473595045972615E+01,-2.1310990004451014E+01,4.514E-05 | 0E+00,1.001870774542583E+01,4.989934917354584E+04,-2.3736870915516E+05,-2.2194744673074502E+05,2.1021873249910247E-01,-2.1794300452709194E+01,0E+00,3.1654890406317172E-03,-7.891165628140243E-04,8.31332177490212E-04,-4.270795182184269E-04,2.7001544647631693E-04,2.1357348096460805E-03,asset10_virtual@m6r3teozmanagedsub.com,asset10_virtual@m6r3teozmanagedsub.com,-1.984585E+05,2026-01-05 14:09:01,1.22E+02,prod-strategy-ap86,2026-02-02 09:44:59,-1.539947765180871E+01,6.254467476769499E-04|binance_spot,1.680672268907563E-02,1.3503522107163186E+00,0E+00,3.2E+01,2E+00,9.8878E-04 | 0E+00
fr-FORM-USDT-loong_bn_bnfutures_pm_mode_10,FORM-USDT-FTR,1.5500990878552233E+02,-4.7041505634477694E+01,2.0205141442000001E+02,2.7876270856737392E+01,-2.314251190214418E+02,5E-05 | 0E+00,6.237600648999999E+00,7.975302643442154E+04,-1.39193748164928E+05,-1.2475201297999997E+05,5.729641416073064E-01,-4.930838896629333E+02,0E+00,1.9436241571720442E-03,-5.898397557760203E-04,1.4515839761753751E-03,-2.901772250758854E-03,3.495324516576082E-04,1.252401524611335E-03,asset30_virtual@l2s0mfw9managedsub.com,asset30_virtual@l2s0mfw9managedsub.com,-4.978133E+05,2026-01-25 07:25:21,2.1E+02,prod-strategy-ap85,2026-02-02 07:47:50,-4.743194785818574E+00,1.5929908403027326E-03|binance_spot,2.9375E-01,1.229441866841642E+00,6.1E+01,1.8E+01,4.7E+01,1.5820899999999993E-03 | 0E+00
fr-XPL-USDT-loong_bn_bnfutures_pm_asset10_mode_0,XPL-USDT-FTR,1.5393938844939163E+02,1.33465436893916E+01,1.4059284476000002E+02,6.224855630658567E+00,-1.0202026039361954E+02,5E-05 | 0E+00,3.3140350404600003E+00,2.3044964141845703E+04,-1.084161348E+05,-6.62807008092E+04,2.1256028158869306E-01,1.6825683593750002E-01,0E+00,6.679957820800601E-03,5.791522871218778E-04,1.296788942156606E-03,-4.427008858233294E-03,2.7011782671231395E-04,9.754786713200961E-04,asset10_virtual@m6r3teozmanagedsub.com,asset10_virtual@m6r3teozmanagedsub.com,-6.39722E+05,2026-01-05 06:58:14,1E+01,prod-strategy-ap86,2026-02-02 09:44:55,9.320086657856576E+00,1.9267822736031004E-03|binance_spot,6E-01,1.4995941049644086E+00,0E+00,2.4E+01,1.2E+01,1.584919999999999E-03 | 0E+00
fr-ASTER-USDT-loong_bn_bnfutures_pm_asset10_mode_0,ASTER-USDT-FTR,1.5154293677267566E+02,-7.981955205732437E+01,2.3136248883000002E+02,4.850479189527687E+01,-3.322099992632866E+01,5E-05 | 0E+00,8.285357678535E+00,1.1666984179091454E+05,-1.8885450780000002E+05,-1.657071535707E+05,6.17776314423322E-01,-8.151E+00,0E+00,1.298904107920688E-03,-6.841489697086414E-04,1.225083221603673E-03,-2.8474367854089E-04,4.157440444824028E-04,1.6992262699772503E-03,asset10_virtual@m6r3teozmanagedsub.com,asset10_virtual@m6r3teozmanagedsub.com,-3.0429E+05,2026-01-06 12:04:23,8.8E+01,prod-strategy-ap86,2026-02-02 09:45:00,-4.8913207624573374E+01,1.4646649578908821E-03|binance_spot,1.2711864406779662E-02,1.2509712622825524E+00,0E+00,5.9E+01,3E+00,1.3659399999999997E-03 | 0E+00
fr-PENDLE-USDT-loong_bn_bnfutures_pm_mode_0,PENDLE-USDT-FTR,1.4125226109000005E+02,0E+00,1.4125226109000005E+02,0E+00,0E+00,9.75E-06 | 0E+00,5.58365050503468E+00,0E+00,-5.73705307E+05,-5.7268210308048E+05,0E+00,0E+00,0E+00,0E+00,0E+00,2.4621048361680927E-04,0E+00,0E+00,5.161937304203247E-03,asset30_virtual@l2s0mfw9managedsub.com,asset30_virtual@l2s0mfw9managedsub.com,-3.59208E+05,2026-01-03 15:04:02,0E+00,prod-strategy-ap85,2026-01-21 09:21:05,0E+00,1.1298016570424618E-03|binance_spot,0E+00,1.4169631533164908E+00,0E+00,0E+00,0E+00,2.2365999999999993E-04 | 0E+00
fr-NEAR-USDT-loong_bn_bnfutures_pm_mode_3,NEAR-USDT-FTR,1.3763433881E+02,0E+00,1.3763433881E+02,0E+00,0E+00,-7.84E-06 | 0E+00,-2.0768655299396253E+00,0E+00,-2.7144948805096E+05,-2.6490631759433995E+05,0E+00,0E+00,0E+00,0E+00,0E+00,5.070348070951657E-04,0E+00,0E+00,2.4423780318579553E-03,asset30_virtual@l2s0mfw9managedsub.com,asset30_virtual@l2s0mfw9managedsub.com,-2.22162E+05,2025-12-13 16:04:55,0E+00,prod-strategy-ap85,2025-12-26 20:18:17,0E+00,1.6736401673640433E-03|binance_spot,0E+00,1.2569708368512529E+00,0E+00,0E+00,0E+00,6.117100000000002E-04 | 0E+00
fr-OG-USDT-loong_bn_bnfutures_pm_mode_0,OG-USDT-FTR,1.2731345129000002E+02,0E+00,1.2731345129000002E+02,0E+00,0E+00,5E-05 | 0E+00,4.40286941121375E+00,0E+00,-9.094444670050399E+04,-8.8057388224275E+04,0E+00,0E+00,0E+00,0E+00,0E+00,1.3999035225236516E-03,0E+00,0E+00,8.182764327007619E-04,asset30_virtual@l2s0mfw9managedsub.com,asset30_virtual@l2s0mfw9managedsub.com,-2.9505100000000002E+04,1970-01-01 00:00:00,0E+00,prod-strategy-ap85,2026-01-22 11:52:36,0E+00,2.3497818059752262E-03|binance_spot,0E+00,1.0634701310744463E+00,0E+00,0E+00,0E+00,1.8747399999999987E-03 | 0E+00
fr-XPL-USDT-loong_bn_bnfutures_pm_asset13_mode_0,XPL-USDT-FTR,1.1645681532969795E+02,2.2725438969794665E-01,1.1622956094E+02,4.593875601014588E+00,-5.358516003936529E+01,5E-05 | 0E+00,3.0338307621900005E+00,1.6670222761154175E+04,-8.95704036E+04,-6.0676615243800006E+04,1.8611306962062382E-01,6.549721679687501E-02,0E+00,6.985918364634677E-03,1.3632354705391623E-05,1.2976335515808705E-03,-3.214423754686244E-03,2.7557373808582075E-04,8.05913422891486E-04,asset13_virtual@a9ywto2zmanagedsub.com,asset13_virtual@a9ywto2zmanagedsub.com,-5.85633E+05,2026-01-06 12:27:29,2.5E+01,prod-strategy-ap57,2026-02-02 09:27:54,-3.8353420978594923E+00,1.9267822736031004E-03|binance_spot,5E-01,1.4995941049644086E+00,0E+00,2.2E+01,1.8E+01,1.584919999999999E-03 | 0E+00
fr-ADA-USDT-loong_bn_bnfutures_pm_asset13_mode_0,ADA-USDT-FTR,9.770099272937989E+01,4.047484496937992E+01,5.7226147759999975E+01,8.383399462327361E+00,-8.891663834452629E+01,-5.448E-05 | 0E+00,-8.772742787999999E+00,2.9424991928100586E+04,-2.2345623700974E+05,-1.6102684999999998E+05,1.316812290489704E-01,6.4700146484375E-02,0E+00,3.3203405108185053E-03,1.3755261197107359E-03,2.5609554929319607E-04,-3.0218067200083664E-03,2.8490745155723544E-04,2.0105567642543336E-03,asset13_virtual@a9ywto2zmanagedsub.com,asset13_virtual@a9ywto2zmanagedsub.com,-5.55265E+05,2026-01-29 04:13:46,3E+01,prod-strategy-ap57,2026-02-02 09:27:56,1.2226996691644546E+01,1.033769813921337E-03|binance_spot,5E-01,1.1536668896122046E+00,0E+00,5.4E+01,5E+00,4.696699999999999E-04 | 0E+00
fr-BROCCOLI714-USDT-loong_bn_bnfutures_pm_mode_0,BROCCOLI714-USDT-FTR,9.573684359E+01,0E+00,9.573684359E+01,0E+00,0E+00,5E-05 | 0E+00,5.271660357873001E+00,0E+00,-1.0834465721352E+05,-1.0543320715746001E+05,0E+00,0E+00,0E+00,0E+00,0E+00,8.836323456294373E-04,0E+00,0E+00,9.748355487699581E-04,asset30_virtual@l2s0mfw9managedsub.com,asset30_virtual@l2s0mfw9managedsub.com,-6.619853E+06,2026-01-16 00:00:54,0E+00,prod-strategy-ap85,2026-01-27 16:35:13,0E+00,0E+00|binance_futures,0E+00,1.7532357483663639E+00,0E+00,0E+00,0E+00,1.6409499999999993E-03 | 0E+00
fr-OG-USDT-loong_bn_bnfutures_pm_mode_2,OG-USDT-FTR,9.152281099930025E+01,-5.417423120699766E+00,9.694023412000001E+01,1.0512274419888854E+00,-4.366199932992458E+00,5E-05 | 0E+00,4.40286941121375E+00,3.0020722885131836E+03,-9.094444670050399E+04,-8.8057388224275E+04,3.30099571488904E-02,0E+00,0E+00,3.048654469430786E-02,-1.804561183096233E-03,1.065928021303392E-03,-1.4543953354150833E-03,3.501672647961185E-04,8.182764327007619E-04,asset30_virtual@l2s0mfw9managedsub.com,asset30_virtual@l2s0mfw9managedsub.com,-2.9505100000000002E+04,2025-11-16 19:41:33,3E+01,prod-strategy-ap85,2026-01-29 10:32:44,-7.49460052698858E-01,2.3497818059752262E-03|binance_spot,0E+00,1.0654277075097092E+00,0E+00,0E+00,0E+00,1.8747399999999987E-03 | 0E+00
fr-ASTER-USDT-loong_bn_bnfutures_pm_asset13_mode_0,ASTER-USDT-FTR,9.032102389167576E+01,-2.6217619308324238E+01,1.165386432E+02,4.746892042203399E+00,-2.6954999938607216E+01,5E-05 | 0E+00,4.191935180391001E+00,1.7570936868786812E+04,-9.21083499E+04,-8.383870360782E+04,1.9076377861359137E-01,-3.0814999999999997E+00,0E+00,5.140364715106508E-03,-1.492101389021406E-03,1.2652342955500064E-03,-1.5340673146740597E-03,2.7015588739811734E-04,8.287487000314874E-04,asset13_virtual@a9ywto2zmanagedsub.com,asset13_virtual@a9ywto2zmanagedsub.com,-1.53954E+05,2026-01-06 14:15:14,2.5E+01,prod-strategy-ap57,2026-02-02 09:27:51,-1.310358986188641E+01,1.4646649578908821E-03|binance_spot,7.692307692307693E-02,1.2467834354850884E+00,0E+00,5.9E+01,3E+00,1.3659399999999997E-03 | 0E+00
fr-PUMP-USDT-loong_bn_bnfutures_pm_asset10_mode_0,PUMP-USDT-FTR,8.949561649236246E+01,-4.066159519763754E+01,1.3015721169E+02,1.4067884522548411E+01,-1.0661639755638323E+02,3.71E-05 | 0E+00,5.315058188948277E+00,4.68476428732872E+04,-1.6452511953022E+05,-1.4326302396087E+05,2.8474462141133544E-01,-9.953111E+00,0E+00,1.9103547372581553E-03,-8.679539183565416E-04,7.911084463068432E-04,-2.275811353940638E-03,3.0029012474755694E-04,1.4803215895326219E-03,asset10_virtual@m6r3teozmanagedsub.com,asset10_virtual@m6r3teozmanagedsub.com,-5.6419869E+07,2026-01-06 06:20:18,1.4E+01,prod-strategy-ap86,2026-02-02 09:44:54,-1.4929972287267518E+01,1.180173092053538E-03|binance_spot,1.7647058823529413E-01,1.492264572116634E+00,0E+00,5.9E+01,1.8E+01,9.383300000000002E-04 | 0E+00
fr-ADA-USDT-loong_bn_bnfutures_pm_asset10_mode_0,ADA-USDT-FTR,8.7002763294404E+01,2.8878549154404E+01,5.812421414000001E+01,6.329262351151556E+00,-7.266164016723633E+01,-5.448E-05 | 0E+00,-9.115885612800001E+00,2.342028791809082E+04,-2.2628663546328002E+05,-1.6732536000000002E+05,1.0349832578553353E-01,9.4698681640625E-02,0E+00,3.71484601720884E-03,1.2330569656275228E-03,2.5686101179153345E-04,-3.1025084072988447E-03,2.702469915522501E-04,2.0360233917803843E-03,asset10_virtual@m6r3teozmanagedsub.com,asset10_virtual@m6r3teozmanagedsub.com,-5.76984E+05,2026-01-29 04:13:46,2.5E+01,prod-strategy-ap86,2026-02-02 09:45:00,1.1031494407055126E+01,1.033769813921337E-03|binance_spot,3.75E-01,1.2016743719250622E+00,0E+00,5.1E+01,3E+00,4.696699999999999E-04 | 0E+00
fr-BANANAS31-USDT-loong_bn_bnfutures_pm_mode_3,BANANAS31-USDT-FTR,8.269726156E+01,0E+00,8.269726156E+01,0E+00,0E+00,5E-05 | 0E+00,9.561017674000002E+00,0E+00,-1.57504962321E+05,-1.9122035348000002E+05,0E+00,0E+00,0E+00,0E+00,0E+00,5.25045435657198E-04,0E+00,0E+00,1.4171574337587516E-03,asset30_virtual@l2s0mfw9managedsub.com,asset30_virtual@l2s0mfw9managedsub.com,-5.3235065E+07,2026-01-13 06:09:41,0E+00,prod-strategy-ap85,2026-01-13 16:46:06,0E+00,1.113895850737956E-03|binance_spot,0E+00,1.2527158968810965E+00,0E+00,0E+00,0E+00,2.149999999999999E-03 | 0E+00
fr-BANANAS31-USDT-loong_bn_bnfutures_pm_mode_4,BANANAS31-USDT-FTR,8.269726156E+01,0E+00,8.269726156E+01,0E+00,0E+00,5E-05 | 0E+00,9.561017674000002E+00,0E+00,-1.57504962321E+05,-1.9122035348000002E+05,0E+00,0E+00,0E+00,0E+00,0E+00,5.25045435657198E-04,0E+00,0E+00,1.4171574337587516E-03,asset30_virtual@l2s0mfw9managedsub.com,asset30_virtual@l2s0mfw9managedsub.com,-5.3235065E+07,2026-01-13 09:05:45,0E+00,prod-strategy-ap85,2026-01-16 03:21:41,0E+00,1.113895850737956E-03|binance_spot,0E+00,1.2295715768772777E+00,0E+00,0E+00,0E+00,2.149999999999999E-03 | 0E+00
fr-BANANAS31-USDT-loong_bn_bnfutures_pm_mode_1,BANANAS31-USDT-FTR,8.269726156E+01,0E+00,8.269726156E+01,0E+00,0E+00,5E-05 | 0E+00,9.561017674000002E+00,0E+00,-1.57504962321E+05,-1.9122035348000002E+05,0E+00,0E+00,0E+00,0E+00,0E+00,5.25045435657198E-04,0E+00,0E+00,1.4171574337587516E-03,asset30_virtual@l2s0mfw9managedsub.com,asset30_virtual@l2s0mfw9managedsub.com,-5.3235065E+07,2026-01-11 17:28:20,0E+00,prod-strategy-ap85,2026-01-12 01:56:21,0E+00,1.113895850737956E-03|binance_spot,0E+00,1.2527158968810965E+00,0E+00,0E+00,0E+00,2.149999999999999E-03 | 0E+00
fr-BANANAS31-USDT-loong_bn_bnfutures_pm_mode_2,BANANAS31-USDT-FTR,8.269726155999999E+01,0E+00,8.269726155999999E+01,0E+00,0E+00,5E-05 | 0E+00,9.561017674000002E+00,0E+00,-1.57504962321E+05,-1.9122035348000002E+05,0E+00,0E+00,0E+00,0E+00,0E+00,5.25045435657198E-04,0E+00,0E+00,1.4171574337587516E-03,asset30_virtual@l2s0mfw9managedsub.com,asset30_virtual@l2s0mfw9managedsub.com,-5.3235065E+07,2026-01-11 22:03:27,0E+00,prod-strategy-ap85,2026-01-12 19:46:24,0E+00,1.113895850737956E-03|binance_spot,0E+00,1.2527158968810965E+00,0E+00,0E+00,0E+00,2.149999999999999E-03 | 0E+00
fr-BANANAS31-USDT-loong_bn_bnfutures_pm_mode_5,BANANAS31-USDT-FTR,8.269726155999999E+01,0E+00,8.269726155999999E+01,0E+00,0E+00,5E-05 | 0E+00,9.561017674000002E+00,0E+00,-1.57504962321E+05,-1.9122035348000002E+05,0E+00,0E+00,0E+00,0E+00,0E+00,5.25045435657198E-04,0E+00,0E+00,1.4171574337587516E-03,asset30_virtual@l2s0mfw9managedsub.com,asset30_virtual@l2s0mfw9managedsub.com,-5.3235065E+07,2026-01-15 19:56:56,0E+00,prod-strategy-ap85,2026-01-22 11:52:35,0E+00,1.113895850737956E-03|binance_spot,0E+00,1.2172592343260242E+00,0E+00,0E+00,0E+00,2.149999999999999E-03 | 0E+00
fr-BANANAS31-USDT-loong_bn_bnfutures_pm_mode_0,BANANAS31-USDT-FTR,8.269726155999999E+01,0E+00,8.269726155999999E+01,0E+00,0E+00,5E-05 | 0E+00,9.561017674000002E+00,0E+00,-1.57504962321E+05,-1.9122035348000002E+05,0E+00,0E+00,0E+00,0E+00,0E+00,5.25045435657198E-04,0E+00,0E+00,1.4171574337587516E-03,asset30_virtual@l2s0mfw9managedsub.com,asset30_virtual@l2s0mfw9managedsub.com,-5.3235065E+07,2026-01-04 19:29:11,0E+00,prod-strategy-ap85,2026-01-11 07:57:03,0E+00,1.113895850737956E-03|binance_spot,0E+00,1.2295715768772777E+00,0E+00,0E+00,0E+00,2.149999999999999E-03 | 0E+00
fr-SOL-USDT-loong_bn_bnfutures_pm_asset10_mode_0,SOL-USDT-FTR,8.056492528173914E+01,7.009062654173914E+01,1.0474298739999998E+01,5.768857613548971E+01,-9.724008020982735E+01,-8.964E-05 | 0E+00,-9.798064784018559E-02,2.1360949095225334E+05,-1.3599466896456001E+03,-1.0930460490873002E+03,1.5707195920151813E+02,6.183499401081353E+00,0E+00,3.771598580315294E-04,3.2812505768952944E-04,7.701992158773211E-03,-4.5522359412186774E-04,2.700656037253721E-04,1.223617676768212E-05,asset10_virtual@m6r3teozmanagedsub.com,asset10_virtual@m6r3teozmanagedsub.com,-1.071E+01,2026-01-06 12:27:33,5.24E+02,prod-strategy-ap86,2026-01-26 06:18:33,3.0842663372620283E+01,6.864764146319313E-04|binance_spot,9.45679012345679E-01,1.249456253610945E+00,0E+00,0E+00,3.83E+02,-9.6968E-04 | 0E+00
fr-HBAR-USDT-loong_bn_bnfutures_pm_mode_1,HBAR-USDT-FTR,7.924031673932302E+01,1.1034828549932303E+02,-3.110796876E+01,1.8318924861094456E+02,-8.08302799602534E+01,6.684E-05 | 0E+00,5.214852689714303E-01,5.2330140525085106E+05,-3.4943662929340004E+04,-7.8019938505599985E+03,1.4975573863250256E+01,0E+00,0E+00,1.514238562025993E-04,2.1086946144626957E-04,-8.902320521722005E-04,-1.5446218785043468E-04,3.500645073237105E-04,3.1440705710687153E-04,asset30_virtual@l2s0mfw9managedsub.com,asset30_virtual@l2s0mfw9managedsub.com,-8.7139E+04,2026-01-21 14:31:59,2.09E+02,prod-strategy-ap85,2026-01-27 19:33:13,6.394765182014101E+01,7.821229050279932E-04|binance_spot,9.411764705882353E-01,1.0744274099398445E+00,0E+00,0E+00,1.68E+03,-1.7246000000000004E-04 | 0E+00
fr-ADA-USDT-loong_bn_bnfutures_pm_mode_2,ADA-USDT-FTR,6.622073297302461E+01,-5.703910939697537E+01,1.2325984236999999E+02,1.844994891683382E+01,-4.195032987976447E+01,-5.448E-05 | 0E+00,-2.73681799992E+01,5.2703416314423084E+04,-5.8242925096005E+05,-5.0235279E+05,9.048895849160933E-02,-6.591143029785156E+00,0E+00,1.2564789458421183E-03,-1.0822658830442033E-03,2.1163058374356033E-04,-7.959698405411364E-04,3.500712137286006E-04,5.2404313519620925E-03,asset30_virtual@l2s0mfw9managedsub.com,asset30_virtual@l2s0mfw9managedsub.com,-1.732251E+06,2026-01-03 14:23:48,6.79E+02,prod-strategy-ap85,2026-02-02 07:47:52,-3.21604613356757E+01,1.033769813921337E-03|binance_spot,8.47457627118644E-03,1.2016743719250622E+00,1.55E+02,2.6E+01,1E+00,4.696699999999999E-04 | 0E+00
fr-OG-USDT-loong_bn_bnfutures_pm_mode_1,OG-USDT-FTR,6.570015663745448E+01,-6.161329465254551E+01,1.2731345128999999E+02,1.2055814794148318E+01,-7.438459991291165E+01,5E-05 | 0E+00,4.40286941121375E+00,3.4423922006607056E+04,-9.094444670050399E+04,-8.8057388224275E+04,3.7851593203894096E-01,0E+00,0E+00,1.9085610473101966E-03,-1.789839479671141E-03,1.3999035225236512E-03,-2.1608403568493693E-03,3.5021618953919373E-04,8.182764327007619E-04,asset30_virtual@l2s0mfw9managedsub.com,asset30_virtual@l2s0mfw9managedsub.com,-2.9505100000000002E+04,2026-01-22 10:58:56,4.2E+01,prod-strategy-ap85,2026-01-29 04:32:43,-4.3923896620981104E+01,2.3497818059752262E-03|binance_spot,1.125E-01,1.0654277075097092E+00,0E+00,0E+00,9E+00,1.8747399999999987E-03 | 0E+00
fr-SUI-USDT-loong_bn_bnfutures_pm_asset13_mode_0,SUI-USDT-FTR,6.37433321658711E+01,-3.553884718412889E+01,9.928217934999999E+01,1.270963308805949E+01,-1.876977008045651E+01,4.514E-05 | 0E+00,5.674318695226996E+00,4.706115716648102E+04,-1.2473492155999999E+05,-1.2570488912775801E+05,3.772893475051705E-01,0E+00,0E+00,1.354478640216519E-03,-7.551630542871816E-04,7.959453383890035E-04,-3.988378359260819E-04,2.7006631059025123E-04,1.1223076323005495E-03,asset13_virtual@a9ywto2zmanagedsub.com,asset13_virtual@a9ywto2zmanagedsub.com,-1.1240140000000001E+05,2026-01-05 14:09:02,2.04E+02,prod-strategy-ap57,2026-02-02 09:27:54,-1.2181269548921126E+01,6.254467476769499E-04|binance_spot,1.7699115044247787E-02,1.2830008710051597E+00,0E+00,3.4E+01,2E+00,9.8878E-04 | 0E+00
fr-ENA-USDT-loong_bn_bnfutures_pm_mode_0,ENA-USDT-FTR,6.197414448E+01,0E+00,6.197414448E+01,0E+00,0E+00,2.085E-05 | 0E+00,2.4386355239399995E+00,0E+00,-1.1307022216206E+05,-1.1696093639999999E+05,0E+00,0E+00,0E+00,0E+00,0E+00,5.481031459474308E-04,0E+00,0E+00,1.0173540154699776E-03,asset30_virtual@l2s0mfw9managedsub.com,asset30_virtual@l2s0mfw9managedsub.com,-8.438740000000001E+05,2026-01-03 15:37:02,0E+00,prod-strategy-ap85,2026-01-22 14:51:48,0E+00,7.215007215006786E-04|binance_spot,0E+00,1.0119860090339505E+00,0E+00,0E+00,0E+00,1.4431499999999996E-03 | 0E+00
fr-ENA-USDT-loong_bn_bnfutures_pm_mode_3,ENA-USDT-FTR,6.197414448E+01,0E+00,6.197414448E+01,0E+00,0E+00,2.085E-05 | 0E+00,2.4386355239399995E+00,0E+00,-1.1307022216206E+05,-1.1696093639999999E+05,0E+00,0E+00,0E+00,0E+00,0E+00,5.481031459474308E-04,0E+00,0E+00,1.0173540154699776E-03,asset30_virtual@l2s0mfw9managedsub.com,asset30_virtual@l2s0mfw9managedsub.com,-8.438740000000001E+05,1970-01-01 00:00:00,0E+00,prod-strategy-ap85,2026-01-28 04:33:13,0E+00,7.215007215006786E-04|binance_spot,0E+00,1.3092943364440417E+00,0E+00,0E+00,0E+00,1.4431499999999996E-03 | 0E+00
fr-ENA-USDT-loong_bn_bnfutures_pm_mode_1,ENA-USDT-FTR,6.197414448E+01,0E+00,6.197414448E+01,0E+00,0E+00,2.085E-05 | 0E+00,2.4386355239399995E+00,0E+00,-1.1307022216206E+05,-1.1696093639999999E+05,0E+00,0E+00,0E+00,0E+00,0E+00,5.481031459474308E-04,0E+00,0E+00,1.0173540154699776E-03,asset30_virtual@l2s0mfw9managedsub.com,asset30_virtual@l2s0mfw9managedsub.com,-8.438740000000001E+05,2026-01-22 07:56:30,0E+00,prod-strategy-ap85,2026-01-23 14:51:35,0E+00,7.215007215006786E-04|binance_spot,0E+00,1.3163821123971364E+00,0E+00,0E+00,0E+00,1.4431499999999996E-03 | 0E+00
fr-ENA-USDT-loong_bn_bnfutures_pm_mode_2,ENA-USDT-FTR,6.197414448E+01,0E+00,6.197414448E+01,0E+00,0E+00,2.085E-05 | 0E+00,2.4386355239399995E+00,0E+00,-1.1307022216206E+05,-1.1696093639999999E+05,0E+00,0E+00,0E+00,0E+00,0E+00,5.481031459474308E-04,0E+00,0E+00,1.0173540154699776E-03,asset30_virtual@l2s0mfw9managedsub.com,asset30_virtual@l2s0mfw9managedsub.com,-8.438740000000001E+05,2026-01-23 07:29:51,0E+00,prod-strategy-ap85,2026-01-24 14:50:59,0E+00,7.215007215006786E-04|binance_spot,0E+00,1.3092943364440417E+00,0E+00,0E+00,0E+00,1.4431499999999996E-03 | 0E+00
fr-NEIRO-USDT-loong_bn_bnfutures_pm_mode_0,NEIROCTO-USDT-FTR,5.785617757802315E+01,-5.598957449197685E+01,1.1384575207E+02,1.3148962080478668E+01,-5.682519173086621E+01,5E-05 | 0E+00,8.596935595319E+00,3.755223300266266E+04,-1.9564527369816002E+05,-1.7193871190638E+05,1.919404046560202E-01,0E+00,0E+00,1.5406854120744518E-03,-1.4909785654559314E-03,5.818988106282615E-04,-1.5132306972753654E-03,3.501512700868237E-04,1.7603264679118377E-03,asset30_virtual@l2s0mfw9managedsub.com,asset30_virtual@l2s0mfw9managedsub.com,-1.9895708389999998E+09,2026-01-05 10:27:13,2.21E+02,prod-strategy-ap85,2026-02-02 07:47:52,-2.3894010272808313E+01,1.040462427745581E-03|binance_spot,5.813953488372093E-02,1.4297447923007485E+00,7.2E+01,5E+01,5E+00,6.649700000000003E-04 | 0E+00
fr-NEAR-USDT-loong_bn_bnfutures_pm_mode_4,NEAR-USDT-FTR,5.391120820561878E+01,-8.372313060438123E+01,1.3763433881E+02,2.5704587680345867E+01,-6.1329099776223316E+01,-7.84E-06 | 0E+00,-2.0768655299396253E+00,7.420114544820786E+04,-2.7144948805096E+05,-2.6490631759433995E+05,2.7335157631344603E-01,-2.2375700000000002E+01,0E+00,7.265549322718828E-04,-1.1283266599006843E-03,5.070348070951657E-04,-8.26524973513122E-04,3.464176668039118E-04,2.4423780318579553E-03,asset30_virtual@l2s0mfw9managedsub.com,asset30_virtual@l2s0mfw9managedsub.com,-2.22162E+05,2026-01-03 13:23:04,2.63E+02,prod-strategy-ap85,2026-02-02 07:47:51,-3.908389817841807E+01,1.6736401673640433E-03|binance_spot,5.917159763313609E-03,1.2522249687916618E+00,7.6E+01,1.9E+01,1E+00,6.117100000000002E-04 | 0E+00
fr-ENA-USDC-loong_bn_bnfutures_pm_mode_usdc_0,ENA-USDC-FTR,5.079673598E+01,0E+00,5.079673598E+01,0E+00,0E+00,-2.25E-05 | 0E+00,-1.654591635E+00,0E+00,-8.94449433E+04,-7.3537406E+04,0E+00,0E+00,0E+00,0E+00,0E+00,5.679106510205592E-04,0E+00,0E+00,8.047845886365737E-04,asset30_virtual@l2s0mfw9managedsub.com,asset30_virtual@l2s0mfw9managedsub.com,-5.30956E+05,2026-01-14 18:15:16,0E+00,prod-strategy-ap85,2026-01-22 14:06:02,0E+00,1.4450867052022698E-03|binance_spot,0E+00,1.3408940568262442E+00,0E+00,0E+00,0E+00,8.873700000000001E-04 | 0E+00
fr-AVNT-USDT-loong_bn_bnfutures_pm_mode_asset13_0,AVNT-USDT-FTR,4.920825542E+01,0E+00,4.920825542E+01,0E+00,0E+00,-1.2348E-04 | 0E+00,1.454478143715828E-01,0E+00,1.612776E+03,1.17790585011E+03,0E+00,0E+00,0E+00,0E+00,0E+00,3.0511525109500635E-02,0E+00,0E+00,1.4511018978117447E-05,asset13_virtual@a9ywto2zmanagedsub.com,asset13_virtual@a9ywto2zmanagedsub.com,4.917E+03,1970-01-01 00:00:00,0E+00,prod-strategy-ap57,2026-01-08 00:42:53,0E+00,1.6666666666667052E-03|binance_spot,0E+00,1.4115401348128582E+00,0E+00,0E+00,0E+00,-3.234187E-02 | 0E+00
fr-AVNT-USDT-loong_bn_bnfutures_pm_mode_asset13_3,AVNT-USDT-FTR,4.920825542E+01,0E+00,4.920825542E+01,0E+00,0E+00,-1.2348E-04 | 0E+00,1.454478143715828E-01,0E+00,1.612776E+03,1.17790585011E+03,0E+00,0E+00,0E+00,0E+00,0E+00,3.0511525109500635E-02,0E+00,0E+00,1.4511018978117447E-05,asset13_virtual@a9ywto2zmanagedsub.com,asset13_virtual@a9ywto2zmanagedsub.com,4.917E+03,1970-01-01 00:00:00,0E+00,prod-strategy-ap57,2026-01-08 18:42:41,0E+00,1.6666666666667052E-03|binance_spot,0E+00,1.389093523681398E+00,0E+00,0E+00,0E+00,-3.234187E-02 | 0E+00
fr-AVNT-USDT-loong_bn_bnfutures_pm_mode_asset13_4,AVNT-USDT-FTR,4.920825542E+01,0E+00,4.920825542E+01,0E+00,0E+00,-1.2348E-04 | 0E+00,1.454478143715828E-01,0E+00,1.612776E+03,1.17790585011E+03,0E+00,0E+00,0E+00,0E+00,0E+00,3.0511525109500635E-02,0E+00,0E+00,1.4511018978117447E-05,asset13_virtual@a9ywto2zmanagedsub.com,asset13_virtual@a9ywto2zmanagedsub.com,4.917E+03,1970-01-01 00:00:00,0E+00,prod-strategy-ap57,2026-01-09 00:42:47,0E+00,1.6666666666667052E-03|binance_spot,0E+00,1.389093523681398E+00,0E+00,0E+00,0E+00,-3.234187E-02 | 0E+00
fr-AVNT-USDT-loong_bn_bnfutures_pm_mode_asset13_6,AVNT-USDT-FTR,4.920825542E+01,0E+00,4.920825542E+01,0E+00,0E+00,-1.2348E-04 | 0E+00,1.454478143715828E-01,0E+00,1.612776E+03,1.17790585011E+03,0E+00,0E+00,0E+00,0E+00,0E+00,3.0511525109500635E-02,0E+00,0E+00,1.4511018978117447E-05,asset13_virtual@a9ywto2zmanagedsub.com,asset13_virtual@a9ywto2zmanagedsub.com,4.917E+03,1970-01-01 00:00:00,0E+00,prod-strategy-ap57,2026-01-09 14:58:25,0E+00,1.6666666666667052E-03|binance_spot,0E+00,1.4115401348128582E+00,0E+00,0E+00,0E+00,-3.234187E-02 | 0E+00
fr-AVNT-USDT-loong_bn_bnfutures_pm_mode_asset13_2,AVNT-USDT-FTR,4.920825542E+01,0E+00,4.920825542E+01,0E+00,0E+00,-1.2348E-04 | 0E+00,1.454478143715828E-01,0E+00,1.612776E+03,1.17790585011E+03,0E+00,0E+00,0E+00,0E+00,0E+00,3.0511525109500635E-02,0E+00,0E+00,1.4511018978117447E-05,asset13_virtual@a9ywto2zmanagedsub.com,asset13_virtual@a9ywto2zmanagedsub.com,4.917E+03,1970-01-01 00:00:00,0E+00,prod-strategy-ap57,2026-01-08 12:42:47,0E+00,1.6666666666667052E-03|binance_spot,0E+00,1.4161444172191548E+00,0E+00,0E+00,0E+00,-3.234187E-02 | 0E+00
fr-AVNT-USDT-loong_bn_bnfutures_pm_mode_asset13_5,AVNT-USDT-FTR,4.920825542E+01,0E+00,4.920825542E+01,0E+00,0E+00,-1.2348E-04 | 0E+00,1.454478143715828E-01,0E+00,1.612776E+03,1.17790585011E+03,0E+00,0E+00,0E+00,0E+00,0E+00,3.0511525109500635E-02,0E+00,0E+00,1.4511018978117447E-05,asset13_virtual@a9ywto2zmanagedsub.com,asset13_virtual@a9ywto2zmanagedsub.com,4.917E+03,1970-01-01 00:00:00,0E+00,prod-strategy-ap57,2026-01-09 06:42:47,0E+00,1.6666666666667052E-03|binance_spot,0E+00,1.389093523681398E+00,0E+00,0E+00,0E+00,-3.234187E-02 | 0E+00
fr-AVNT-USDT-loong_bn_bnfutures_pm_mode_asset13_7,AVNT-USDT-FTR,4.920825542E+01,0E+00,4.920825542E+01,0E+00,0E+00,-1.2348E-04 | 0E+00,1.454478143715828E-01,0E+00,1.612776E+03,1.17790585011E+03,0E+00,0E+00,0E+00,0E+00,0E+00,3.0511525109500635E-02,0E+00,0E+00,1.4511018978117447E-05,asset13_virtual@a9ywto2zmanagedsub.com,asset13_virtual@a9ywto2zmanagedsub.com,4.917E+03,2026-01-17 17:33:17,0E+00,prod-strategy-ap57,2026-01-22 18:12:06,0E+00,1.6666666666667052E-03|binance_spot,0E+00,1.4115401348128582E+00,0E+00,0E+00,0E+00,-3.234187E-02 | 0E+00
fr-AVNT-USDT-loong_bn_bnfutures_pm_mode_asset13_1,AVNT-USDT-FTR,4.920825542E+01,0E+00,4.920825542E+01,0E+00,0E+00,-1.2348E-04 | 0E+00,1.454478143715828E-01,0E+00,1.612776E+03,1.17790585011E+03,0E+00,0E+00,0E+00,0E+00,0E+00,3.0511525109500635E-02,0E+00,0E+00,1.4511018978117447E-05,asset13_virtual@a9ywto2zmanagedsub.com,asset13_virtual@a9ywto2zmanagedsub.com,4.917E+03,1970-01-01 00:00:00,0E+00,prod-strategy-ap57,2026-01-08 06:42:54,0E+00,1.6666666666667052E-03|binance_spot,0E+00,1.4115401348128582E+00,0E+00,0E+00,0E+00,-3.234187E-02 | 0E+00
fr-XRP-USDC-loong_bn_bnfutures_pm_mode_usdc_0,XRP-USDC-FTR,4.563508300754409E+01,3.504758547754408E+01,1.0587497530000007E+01,4.6699777327884476E+01,-2.5686629920033738E+01,-7.928E-05 | 0E+00,-1.253523477759987E-01,1.3340107550099492E+05,-1.64905320754636E+05,-1.5811345582239999E+03,8.0895555637943E-01,-2.2394955158233642E-07,0E+00,3.4208931851680414E-04,2.627234101818219E-04,6.420349253468439E-05,-1.9255189527945122E-04,3.500704709651024E-04,1.4837424658248062E-03,asset30_virtual@l2s0mfw9managedsub.com,asset30_virtual@l2s0mfw9managedsub.com,-9.893E+02,2026-01-22 22:45:34,1.48E+02,prod-strategy-ap85,2026-02-01 05:32:34,1.3595376778612083E+01,8.13873411381838E-04|binance_spot,9.908256880733946E-01,1.0851590020609532E+00,0E+00,0E+00,3.24E+02,-4.2283999999999996E-04 | 0E+00
fr-ARB-USDT-loong_bn_bnfutures_pm_mode_1,ARB-USDT-FTR,4.459635842541884E+01,-6.2567406804581154E+01,1.0716376523E+02,2.018387873224856E+01,-4.8161619717255235E+01,8.097E-05 | 0E+00,1.7264796413033647E+01,5.656786214005947E+04,-2.3275332497507997E+05,-2.1322460680540506E+05,2.4303782618837338E-01,-8.898708572387696E-01,0E+00,7.883691682567086E-04,-1.1060592434917742E-03,4.60417763060844E-04,-8.513954371832056E-04,3.568082294196338E-04,2.094207698981956E-03,asset30_virtual@l2s0mfw9managedsub.com,asset30_virtual@l2s0mfw9managedsub.com,-1.5619071E+06,2026-01-03 12:50:22,2.62E+02,prod-strategy-ap85,2026-02-02 07:47:47,-3.7155129628903794E+01,7.3152889539152E-04|binance_spot,7.751937984496124E-03,1.2262419871750887E+00,7.9E+01,2.3E+01,1E+00,5.030599999999999E-04 | 0E+00
fr-GIGGLE-USDT-loong_bn_bnfutures_pm_asset13_mode_0,GIGGLE-USDT-FTR,4.042883022444721E+01,-9.445221405552791E+00,4.9874051630000004E+01,6.55473336891373E+00,-6.12797101829201E+01,5E-05 | 0E+00,1.0888491299999998E+00,2.367156492638588E+04,-2.9053251E+04,-2.1776982599999996E+04,8.147647547734289E-01,-2.4185000360384583E+00,0E+00,1.7079069487029386E-03,-3.990112793524913E-04,1.7166427134092499E-03,-2.588747739048453E-03,2.7690325457136947E-04,2.6140783136468403E-04,asset13_virtual@a9ywto2zmanagedsub.com,asset13_virtual@a9ywto2zmanagedsub.com,-5.9354E+02,2026-01-05 12:07:57,2.909E+03,prod-strategy-ap57,2026-02-02 09:27:56,-4.59837842138938E+00,1.092001092001027E-03|binance_spot,4.4642857142857145E-01,1.715649887069036E+00,0E+00,4.3E+01,2.5E+01,1.9346999999999988E-03 | 0E+00
fr-ENA-USDC-loong_bn_bnfutures_pm_mode_usdc_1,ENA-USDC-FTR,3.94313420431331E+01,-1.1365393936866893E+01,5.0796735979999994E+01,2.2358773353043944E+00,-1.7897499807178974E+01,-2.25E-05 | 0E+00,-1.654591635E+00,6.578201572418213E+03,-8.94449433E+04,-7.3537406E+04,7.354470056909537E-02,0E+00,0E+00,5.994243503948716E-03,-1.7277357362414877E-03,5.679106510205591E-04,-2.7207283951622167E-03,3.3989188544772175E-04,8.047845886365737E-04,asset30_virtual@l2s0mfw9managedsub.com,asset30_virtual@l2s0mfw9managedsub.com,-5.30956E+05,2026-01-22 22:54:41,2.65E+02,prod-strategy-ap85,2026-02-02 09:48:26,-4.917431661859029E+00,1.4450867052022698E-03|binance_spot,6.25E-02,1.3408940568262442E+00,0E+00,3.6E+01,1E+00,8.873700000000001E-04 | 0E+00
fr-UNI-USDT-loong_bn_bnfutures_pm_mode_2,UNI-USDT-FTR,3.5701163679643656E+01,-8.240759516035635E+01,1.1810875884000001E+02,2.6730727675312664E+01,-6.687175022158772E+01,3.731E-05 | 0E+00,3.1002285424285866E+01,7.60836141257286E+04,-9.956311950302101E+05,-8.3093769563886E+05,7.641746713593082E-02,0E+00,0E+00,4.692359069673961E-04,-1.0831188306088789E-03,1.1862701714204152E-04,-8.789244700058775E-04,3.513335687647538E-04,8.958232988517396E-03,asset30_virtual@l2s0mfw9managedsub.com,asset30_virtual@l2s0mfw9managedsub.com,-2.12266E+05,2026-01-03 11:46:42,5.84E+02,prod-strategy-ap85,2026-02-02 07:47:50,-3.854740433680126E+01,7.658922644881994E-04|binance_spot,4.1666666666666664E-02,1.148676790784727E+00,2.95E+02,2.4E+01,7E+00,1.0720000000000006E-04 | 0E+00
fr-LTC-USDT-loong_bn_bnfutures_pm_mode_2,LTC-USDT-FTR,3.549382791994316E+01,-8.474550108005681E+01,1.2023932899999997E+02,3.3510220089461654E+01,-4.6076119967736304E+01,1.88E-06 | 0E+00,8.36411137037562E-01,9.518252663898468E+04,-4.800712317E+05,-4.448995409774266E+05,1.9826750772365576E-01,0E+00,0E+00,3.729027708474978E-04,-8.903472525108082E-04,2.5046143376310123E-04,-4.840817069554921E-04,3.520627290822158E-04,4.31946082657909E-03,asset30_virtual@l2s0mfw9managedsub.com,asset30_virtual@l2s0mfw9managedsub.com,-7.514956E+03,2026-01-03 15:32:41,3.25E+02,prod-strategy-ap85,2026-02-02 07:47:48,-4.0273444495162956E+01,6.753334458891036E-04|binance_spot,4.9261083743842365E-03,9.798381940547951E-01,1.39E+02,2.5E+01,1E+00,3.6519000000000005E-04 | 0E+00
fr-CRV-USDT-loong_bn_bnfutures_pm_mode_3,CRV-USDT-FTR,2.999670878E+01,0E+00,2.999670878E+01,0E+00,0E+00,1E-04 | 0E+00,6.2058456854464E+00,0E+00,-5.7716040533682004E+04,-6.2058456854464E+04,0E+00,0E+00,0E+00,0E+00,0E+00,5.197291515951182E-04,0E+00,0E+00,5.193024694849473E-04,asset30_virtual@l2s0mfw9managedsub.com,asset30_virtual@l2s0mfw9managedsub.com,-2.230606E+05,2026-01-03 15:31:28,0E+00,prod-strategy-ap85,2026-01-12 01:56:21,0E+00,1.0764262648008671E-03|binance_futures,0E+00,1.263347671738663E+00,0E+00,0E+00,0E+00,6.790800000000001E-04 | 0E+00
fr-GIGGLE-USDT-loong_bn_bnfutures_pm_asset10_mode_0,GIGGLE-USDT-FTR,2.790922581339524E+01,-1.3242026546604762E+01,4.115125236E+01,7.5821208692359505E+00,-7.389834003895521E+01,5E-05 | 0E+00,9.769262850000001E-01,2.76415576441288E+04,-2.361944657476E+04,-1.9538525700000002E+04,1.1702881164737733E+00,-6.288099769353866E+00,0E+00,1.009683541452784E-03,-4.790622408870447E-04,1.7422614975227523E-03,-2.67345064233931E-03,2.743015052498834E-04,2.1251695058642581E-04,asset10_virtual@m6r3teozmanagedsub.com,asset10_virtual@m6r3teozmanagedsub.com,-5.3253E+02,2026-01-05 07:09:20,9.2E+01,prod-strategy-ap86,2026-02-02 09:44:58,-4.832708867849015E+00,1.092001092001027E-03|binance_spot,2.5E-01,1.6427721371777348E+00,0E+00,4.1E+01,1.6E+01,1.9346999999999988E-03 | 0E+00
fr-OG-USDT-loong_bn_bnfutures_pm_mode_4,OG-USDT-FTR,2.693373991673074E+01,-2.5511225853269256E+01,5.2444965769999996E+01,3.7261410485371016E+00,-3.678510027285665E+01,5E-05 | 0E+00,4.40286941121375E+00,1.0956471086025238E+04,-9.067032519999998E+04,-8.8057388224275E+04,1.2083855508246528E-01,-2.2447509384155275E+01,0E+00,2.458249531738754E-03,-2.328416298730375E-03,5.784137826164984E-04,-3.357385784531967E-03,3.400858743003229E-04,8.158100131259892E-04,asset30_virtual@l2s0mfw9managedsub.com,asset30_virtual@l2s0mfw9managedsub.com,-2.9505100000000002E+04,2025-12-04 16:07:46,5.3E+01,prod-strategy-ap85,2026-02-02 07:47:48,-1.0251152929035007E+01,2.3497818059752262E-03|binance_spot,2.1052631578947367E-01,1.1405776090154929E+00,4.9E+01,1.1E+01,8E+00,1.8747399999999987E-03 | 0E+00
fr-BARD-USDT-loong_bn_bnfutures_pm_mode_asset10_2,BARD-USDT-FTR,2.253721654E+01,0E+00,2.253721654E+01,0E+00,0E+00,5E-05 | 0E+00,1.31874226497E-01,0E+00,-1.2788642486429999E+04,-2.63748452994E+03,0E+00,0E+00,0E+00,0E+00,0E+00,1.762283726667173E-03,0E+00,0E+00,1.1506634140447576E-04,asset10_virtual@m6r3teozmanagedsub.com,asset10_virtual@m6r3teozmanagedsub.com,-3.978E+03,2026-01-10 00:29:00,0E+00,prod-strategy-ap86,2026-01-10 15:32:08,0E+00,1.2068185246643104E-03|binance_spot,0E+00,1.580316911255461E+00,0E+00,0E+00,0E+00,2.149999999999999E-03 | 0E+00
fr-BARD-USDT-loong_bn_bnfutures_pm_asset10_mode_0,BARD-USDT-FTR,2.253721654E+01,0E+00,2.253721654E+01,0E+00,0E+00,5E-05 | 0E+00,1.31874226497E-01,0E+00,-1.2788642486429999E+04,-2.63748452994E+03,0E+00,0E+00,0E+00,0E+00,0E+00,1.762283726667173E-03,0E+00,0E+00,1.1506634140447576E-04,asset10_virtual@m6r3teozmanagedsub.com,asset10_virtual@m6r3teozmanagedsub.com,-3.978E+03,1970-01-01 00:00:00,0E+00,prod-strategy-ap86,2026-01-07 12:32:44,0E+00,1.2068185246643104E-03|binance_spot,0E+00,1.496357851480554E+00,0E+00,0E+00,0E+00,2.149999999999999E-03 | 0E+00
fr-BARD-USDT-loong_bn_bnfutures_pm_mode_asset10_4,BARD-USDT-FTR,2.253721654E+01,0E+00,2.253721654E+01,0E+00,0E+00,5E-05 | 0E+00,1.31874226497E-01,0E+00,-1.2788642486429999E+04,-2.63748452994E+03,0E+00,0E+00,0E+00,0E+00,0E+00,1.762283726667173E-03,0E+00,0E+00,1.1506634140447576E-04,asset10_virtual@m6r3teozmanagedsub.com,asset10_virtual@m6r3teozmanagedsub.com,-3.978E+03,2026-01-19 00:03:22,0E+00,prod-strategy-ap86,2026-01-25 14:49:47,0E+00,1.2068185246643104E-03|binance_spot,0E+00,1.5013302531017576E+00,0E+00,0E+00,0E+00,2.149999999999999E-03 | 0E+00
fr-BARD-USDT-loong_bn_bnfutures_pm_mode_asset10_1,BARD-USDT-FTR,2.253721654E+01,0E+00,2.253721654E+01,0E+00,0E+00,5E-05 | 0E+00,1.31874226497E-01,0E+00,-1.2788642486429999E+04,-2.63748452994E+03,0E+00,0E+00,0E+00,0E+00,0E+00,1.762283726667173E-03,0E+00,0E+00,1.1506634140447576E-04,asset10_virtual@m6r3teozmanagedsub.com,asset10_virtual@m6r3teozmanagedsub.com,-3.978E+03,1970-01-01 00:00:00,0E+00,prod-strategy-ap86,2026-01-08 12:32:38,0E+00,1.2068185246643104E-03|binance_spot,0E+00,1.496357851480554E+00,0E+00,0E+00,0E+00,2.149999999999999E-03 | 0E+00
fr-BARD-USDT-loong_bn_bnfutures_pm_mode_asset10_3,BARD-USDT-FTR,2.2537216539999996E+01,0E+00,2.2537216539999996E+01,0E+00,0E+00,5E-05 | 0E+00,1.31874226497E-01,0E+00,-1.2788642486429999E+04,-2.63748452994E+03,0E+00,0E+00,0E+00,0E+00,0E+00,1.7622837266671727E-03,0E+00,0E+00,1.1506634140447576E-04,asset10_virtual@m6r3teozmanagedsub.com,asset10_virtual@m6r3teozmanagedsub.com,-3.978E+03,2026-01-12 00:43:14,0E+00,prod-strategy-ap86,2026-01-15 13:05:37,0E+00,1.2068185246643104E-03|binance_spot,0E+00,1.5013302531017576E+00,0E+00,0E+00,0E+00,2.149999999999999E-03 | 0E+00
fr-PUMP-USDT-loong_bn_bnfutures_pm_asset13_mode_0,PUMP-USDT-FTR,1.756208729795931E+01,-4.6237645952040694E+01,6.379973325E+01,1.849504182669625E+01,-1.0466246613906684E+02,3.71E-05 | 0E+00,3.0465226865476205E+00,5.783137618929148E+04,-9.6317458841E+04,-8.211651446220001E+04,6.004246466339919E-01,-3.011883E+00,0E+00,3.0367749230929156E-04,-7.995252577199162E-04,6.623901213519351E-04,-1.809786884484464E-03,3.198098168398929E-04,8.666203323746119E-04,asset13_virtual@a9ywto2zmanagedsub.com,asset13_virtual@a9ywto2zmanagedsub.com,-3.2339139999999996E+07,2026-01-06 06:20:18,4.3E+01,prod-strategy-ap57,2026-02-02 09:27:55,-2.504999925876081E+01,1.180173092053538E-03|binance_spot,1.1347517730496454E-01,1.5453100852076411E+00,0E+00,5.3E+01,1.6E+01,9.383300000000002E-04 | 0E+00
fr-OG-USDT-loong_bn_bnfutures_pm_mode_3,OG-USDT-FTR,1.7332240574373486E+01,-7.960799354562653E+01,9.694023412000001E+01,1.4848045232216464E+01,-9.151009950507432E+01,5E-05 | 0E+00,4.40286941121375E+00,4.240478857174516E+04,-9.094444670050399E+04,-8.8057388224275E+04,4.662713349765221E-01,-1.1857100210839512E+01,0E+00,4.087330973257623E-04,-1.8773349951017168E-03,1.065928021303392E-03,-2.1580133420603504E-03,3.5015020077496396E-04,8.182764327007619E-04,asset30_virtual@l2s0mfw9managedsub.com,asset30_virtual@l2s0mfw9managedsub.com,-2.9505100000000002E+04,2025-11-27 05:38:26,5.3E+01,prod-strategy-ap85,2026-01-31 19:46:58,-4.816465681861169E+01,2.3497818059752262E-03|binance_spot,3.8461538461538464E-02,1.1405776090154929E+00,0E+00,0E+00,5E+00,1.8747399999999987E-03 | 0E+00
fr-BARD-USDT-loong_bn_bnfutures_pm_mode_asset13_4,BARD-USDT-FTR,1.5921428850000002E+01,0E+00,1.5921428850000002E+01,0E+00,0E+00,5E-05 | 0E+00,3.789477835815E-01,0E+00,-1.1259066193920002E+04,-7.578955671629999E+03,0E+00,0E+00,0E+00,0E+00,0E+00,1.4140985207634464E-03,0E+00,0E+00,1.0130391524666395E-04,asset13_virtual@a9ywto2zmanagedsub.com,asset13_virtual@a9ywto2zmanagedsub.com,-1.1431E+04,2026-01-22 07:44:58,0E+00,prod-strategy-ap57,2026-01-25 14:49:59,0E+00,1.2068185246643104E-03|binance_spot,0E+00,1.496357851480554E+00,0E+00,0E+00,0E+00,2.149999999999999E-03 | 0E+00
fr-BARD-USDT-loong_bn_bnfutures_pm_mode_asset13_1,BARD-USDT-FTR,1.592142885E+01,0E+00,1.592142885E+01,0E+00,0E+00,5E-05 | 0E+00,3.789477835815E-01,0E+00,-1.1259066193920002E+04,-7.578955671629999E+03,0E+00,0E+00,0E+00,0E+00,0E+00,1.4140985207634464E-03,0E+00,0E+00,1.0130391524666395E-04,asset13_virtual@a9ywto2zmanagedsub.com,asset13_virtual@a9ywto2zmanagedsub.com,-1.1431E+04,2026-01-08 06:11:50,0E+00,prod-strategy-ap57,2026-01-09 09:42:53,0E+00,1.2068185246643104E-03|binance_spot,0E+00,1.5013302531017576E+00,0E+00,0E+00,0E+00,2.149999999999999E-03 | 0E+00
fr-BARD-USDT-loong_bn_bnfutures_pm_mode_asset13_2,BARD-USDT-FTR,1.592142885E+01,0E+00,1.592142885E+01,0E+00,0E+00,5E-05 | 0E+00,3.789477835815E-01,0E+00,-1.1259066193920002E+04,-7.578955671629999E+03,0E+00,0E+00,0E+00,0E+00,0E+00,1.4140985207634464E-03,0E+00,0E+00,1.0130391524666395E-04,asset13_virtual@a9ywto2zmanagedsub.com,asset13_virtual@a9ywto2zmanagedsub.com,-1.1431E+04,2026-01-10 00:26:41,0E+00,prod-strategy-ap57,2026-01-10 20:57:43,0E+00,1.2068185246643104E-03|binance_spot,0E+00,1.5013302531017576E+00,0E+00,0E+00,0E+00,2.149999999999999E-03 | 0E+00
fr-BARD-USDT-loong_bn_bnfutures_pm_mode_asset13_3,BARD-USDT-FTR,1.592142885E+01,0E+00,1.592142885E+01,0E+00,0E+00,5E-05 | 0E+00,3.789477835815E-01,0E+00,-1.1259066193920002E+04,-7.578955671629999E+03,0E+00,0E+00,0E+00,0E+00,0E+00,1.4140985207634464E-03,0E+00,0E+00,1.0130391524666395E-04,asset13_virtual@a9ywto2zmanagedsub.com,asset13_virtual@a9ywto2zmanagedsub.com,-1.1431E+04,2026-01-10 13:25:14,0E+00,prod-strategy-ap57,2026-01-19 21:20:29,0E+00,1.2068185246643104E-03|binance_spot,0E+00,1.496357851480554E+00,0E+00,0E+00,0E+00,2.149999999999999E-03 | 0E+00
fr-BARD-USDT-loong_bn_bnfutures_pm_asset13_mode_0,BARD-USDT-FTR,1.5921428849999998E+01,0E+00,1.5921428849999998E+01,0E+00,0E+00,5E-05 | 0E+00,3.789477835815E-01,0E+00,-1.1259066193920002E+04,-7.578955671629999E+03,0E+00,0E+00,0E+00,0E+00,0E+00,1.4140985207634462E-03,0E+00,0E+00,1.0130391524666395E-04,asset13_virtual@a9ywto2zmanagedsub.com,asset13_virtual@a9ywto2zmanagedsub.com,-1.1431E+04,1970-01-01 00:00:00,0E+00,prod-strategy-ap57,2026-01-07 12:35:27,0E+00,1.2068185246643104E-03|binance_spot,0E+00,1.580316911255461E+00,0E+00,0E+00,0E+00,2.149999999999999E-03 | 0E+00
fr-LTC-USDT-loong_bn_bnfutures_pm_asset10_mode_0,LTC-USDT-FTR,1.4842335286232721E+01,-3.4067370537672765E+00,1.8249072339999998E+01,2.5672595147043467E+00,-1.0424360103905201E+01,1.88E-06 | 0E+00,1.0911949542399998E-01,9.504504821777344E+03,-6.689002420620716E+04,-5.8042284799999994E+04,1.4209151416176882E-01,0E+00,0E+00,1.5616105798826037E-03,-3.5843393397639586E-04,2.7282203223222257E-04,-1.0967809790595534E-03,2.7010975982905215E-04,6.018457682300626E-04,asset10_virtual@m6r3teozmanagedsub.com,asset10_virtual@m6r3teozmanagedsub.com,-9.80444E+02,2026-01-05 15:23:44,8.2E+01,prod-strategy-ap86,2026-02-02 09:44:56,-2.8667202107606853E+00,6.753334458891036E-04|binance_spot,2.1052631578947367E-01,9.96739626455217E-01,0E+00,2.7E+01,4E+00,3.6519000000000005E-04 | 0E+00
fr-PENGU-USDT-loong_bn_bnfutures_pm_asset10_mode_0,PENGU-USDT-FTR,1.3252887899184026E+01,1.0136667029184025E+01,3.116220870000001E+00,1.0895502312851022E+01,-3.3949776214081794E+01,4.604E-05 | 0E+00,8.30518857007272E-02,4.034186944293976E+04,-4.529875662036E+04,-1.80390716118E+03,8.905734384949472E-01,0E+00,0E+00,3.285144709996432E-04,2.5126914466672156E-04,6.879263587997431E-05,-8.415518835115202E-04,2.700792616530032E-04,4.075774422506084E-04,asset10_virtual@m6r3teozmanagedsub.com,asset10_virtual@m6r3teozmanagedsub.com,-2.35442E+05,2026-01-06 10:38:04,3.37E+02,prod-strategy-ap86,2026-01-31 18:47:33,1.5181947379643557E+00,1.0438413361169019E-03|binance_spot,8.03921568627451E-01,1.3667894143555714E+00,0E+00,0E+00,8.2E+01,1.7638E-04 | 0E+00
fr-TIA-USDT-loong_bn_bnfutures_pm_mode_0,TIA-USDT-FTR,1.1119646128069313E+01,5.501184806931292E-02,1.106463428E+01,4.9745480715582744E+01,-5.179855603468606E+01,-2.591E-05 | 0E+00,-1.289041787799905E+00,1.4211528491005301E+05,-4.8343568359020006E+04,-4.975074441528E+04,2.9396937324660057E+00,5.3568E+00,0E+00,7.82438436168714E-05,3.8709311320123504E-07,2.2887500148580873E-04,-3.644826527102287E-04,3.5003610447016615E-04,4.349732622060704E-04,asset30_virtual@l2s0mfw9managedsub.com,asset30_virtual@l2s0mfw9managedsub.com,-1.35624E+05,2026-01-03 15:26:07,1.6E+02,prod-strategy-ap85,2026-01-27 16:35:13,1.233272761661238E+00,8.161044613710366E-04|binance_spot,9.347826086956522E-01,1.3135716884885311E+00,0E+00,0E+00,3.44E+02,5.266800000000001E-04 | 0E+00
fr-PEOPLE-USDT-loong_bn_bnfutures_pm_mode_1,PEOPLE-USDT-FTR,1.079321269E+01,0E+00,1.079321269E+01,0E+00,0E+00,-9.361E-05 | 0E+00,-5.819945375099518E+00,0E+00,-6.0529566979999996E+04,-6.217226124452001E+04,0E+00,0E+00,0E+00,0E+00,0E+00,1.783130662997517E-04,0E+00,0E+00,5.446172904259557E-04,asset30_virtual@l2s0mfw9managedsub.com,asset30_virtual@l2s0mfw9managedsub.com,-8.218061E+06,2025-11-18 09:48:57,0E+00,prod-strategy-ap85,2026-01-18 00:21:53,0E+00,1.3192612137202797E-03|binance_spot,0E+00,1.2776766534607304E+00,0E+00,0E+00,0E+00,7.601400000000002E-04 | 0E+00
fr-PEOPLE-USDT-loong_bn_bnfutures_pm_mode_0,PEOPLE-USDT-FTR,1.079321269E+01,0E+00,1.079321269E+01,0E+00,0E+00,-9.361E-05 | 0E+00,-5.819945375099518E+00,0E+00,-6.0529566979999996E+04,-6.217226124452001E+04,0E+00,0E+00,0E+00,0E+00,0E+00,1.783130662997517E-04,0E+00,0E+00,5.446172904259557E-04,asset30_virtual@l2s0mfw9managedsub.com,asset30_virtual@l2s0mfw9managedsub.com,-8.218061E+06,2026-01-03 14:30:36,0E+00,prod-strategy-ap85,2026-01-13 22:46:12,0E+00,1.3192612137202797E-03|binance_spot,0E+00,1.2568829191556694E+00,0E+00,0E+00,0E+00,7.601400000000002E-04 | 0E+00
fr-PEOPLE-USDT-loong_bn_bnfutures_pm_mode_3,PEOPLE-USDT-FTR,1.079321269E+01,0E+00,1.079321269E+01,0E+00,0E+00,-9.361E-05 | 0E+00,-5.819945375099518E+00,0E+00,-6.0529566979999996E+04,-6.217226124452001E+04,0E+00,0E+00,0E+00,0E+00,0E+00,1.783130662997517E-04,0E+00,0E+00,5.446172904259557E-04,asset30_virtual@l2s0mfw9managedsub.com,asset30_virtual@l2s0mfw9managedsub.com,-8.218061E+06,2025-12-03 08:07:44,0E+00,prod-strategy-ap85,2026-01-28 22:33:07,0E+00,1.3192612137202797E-03|binance_spot,0E+00,1.2568829191556694E+00,0E+00,0E+00,0E+00,7.601400000000002E-04 | 0E+00
fr-PEOPLE-USDT-loong_bn_bnfutures_pm_mode_2,PEOPLE-USDT-FTR,1.0793212689999999E+01,0E+00,1.0793212689999999E+01,0E+00,0E+00,-9.361E-05 | 0E+00,-5.819945375099518E+00,0E+00,-6.0529566979999996E+04,-6.217226124452001E+04,0E+00,0E+00,0E+00,0E+00,0E+00,1.7831306629975167E-04,0E+00,0E+00,5.446172904259557E-04,asset30_virtual@l2s0mfw9managedsub.com,asset30_virtual@l2s0mfw9managedsub.com,-8.218061E+06,2025-12-02 12:08:51,0E+00,prod-strategy-ap85,2026-01-19 09:21:18,0E+00,1.3192612137202797E-03|binance_spot,0E+00,1.389079625321033E+00,0E+00,0E+00,0E+00,7.601400000000002E-04 | 0E+00
fr-ARB-USDT-loong_bn_bnfutures_pm_asset10_mode_0,ARB-USDT-FTR,9.810128248026E+00,-6.430054411974001E+00,1.6240182660000002E+01,1.6909108608961105E+00,-4.739009976387024E+00,8.097E-05 | 0E+00,2.2568021516973285E+00,6.260628280639648E+03,-3.5321237E+04,-2.787207795106E+04,1.7724827362755297E-01,-3.4046484375E-02,0E+00,1.5669558722026058E-03,-1.0270621611345758E-03,4.597852181677556E-04,-7.569543764548243E-04,2.700864490110488E-04,3.178042954741292E-04,asset10_virtual@m6r3teozmanagedsub.com,asset10_virtual@m6r3teozmanagedsub.com,-2.04169E+05,2026-01-06 04:53:28,1.1E+01,prod-strategy-ap86,2026-02-02 09:45:00,-5.694932770055778E+00,7.3152889539152E-04|binance_spot,0E+00,1.2423998835763619E+00,0E+00,3.1E+01,0E+00,5.030599999999999E-04 | 0E+00
fr-NEAR-USDT-loong_bn_bnfutures_pm_mode_asset13_0,NEAR-USDT-FTR,9.708211368321598E+00,8.590184768321597E+00,1.1180265999999999E+00,1.1956670256331563E+00,-1.206309986114502E+01,-7.84E-06 | 0E+00,-1.2363805439999999E-02,4.423393295288086E+03,-2.5380888448200003E+03,-1.5770159999999998E+03,1.7428047502418262E+00,1.4695336914062498E-01,0E+00,2.194742976769223E-03,1.941989824298935E-03,4.4049939476381475E-04,-2.7271144697883745E-03,2.703053845351739E-04,2.283655969293393E-05,asset13_virtual@a9ywto2zmanagedsub.com,asset13_virtual@a9ywto2zmanagedsub.com,-1.323E+03,2026-01-07 16:05:20,2.71E+02,prod-strategy-ap57,2026-02-02 09:27:56,-1.554962396621704E-01,1.6736401673640433E-03|binance_spot,3.333333333333333E-01,1.2569708368512529E+00,3E+00,0E+00,1E+00,6.117100000000002E-04 | 0E+00
fr-TIA-USDT-loong_bn_bnfutures_pm_asset10_mode_0,TIA-USDT-FTR,9.143865665395003E+00,6.507627175395003E+00,2.63623849E+00,8.25822275709379E+00,-1.4856188090518113E+01,-2.591E-05 | 0E+00,-8.38277098164553E-02,3.05830619905591E+04,-3.2699446999999996E+03,-3.23534194583E+03,9.352776513486331E+00,8.0352E+00,0E+00,2.989846362740816E-04,2.1278533775996293E-04,8.062027746218463E-04,-4.857652283183474E-04,2.700260281211567E-04,2.9421463116449248E-05,asset10_virtual@m6r3teozmanagedsub.com,asset10_virtual@m6r3teozmanagedsub.com,-8.821E+03,2026-01-06 10:41:23,9.8E+01,prod-strategy-ap86,2026-01-29 18:43:59,4.222800884046885E+00,8.161044613710366E-04|binance_spot,9.506172839506173E-01,1.3135716884885311E+00,0E+00,0E+00,7.7E+01,5.266800000000001E-04 | 0E+00
fr-PEOPLE-USDT-loong_bn_bnfutures_pm_mode_4,PEOPLE-USDT-FTR,8.40848339E+00,0E+00,8.40848339E+00,0E+00,0E+00,-9.361E-05 | 0E+00,-5.819945375099518E+00,0E+00,-6.0529566979999996E+04,-6.217226124452001E+04,0E+00,0E+00,0E+00,0E+00,0E+00,1.389153071717547E-04,0E+00,0E+00,5.446172904259557E-04,asset30_virtual@l2s0mfw9managedsub.com,asset30_virtual@l2s0mfw9managedsub.com,-8.218061E+06,2025-12-09 07:50:11,0E+00,prod-strategy-ap85,2026-01-30 01:47:28,0E+00,1.3192612137202797E-03|binance_spot,0E+00,1.2568829191556694E+00,0E+00,0E+00,0E+00,7.601400000000002E-04 | 0E+00
fr-LTC-USDT-loong_bn_bnfutures_pm_asset13_mode_0,LTC-USDT-FTR,8.40403396631957E+00,1.49852746631957E+00,6.9055064999999995E+00,1.6555557856336236E+00,-9.702340006828308E+00,1.88E-06 | 0E+00,4.2500158336E-02,6.128614395141602E+03,-2.552827486695969E+04,-2.26064672E+04,2.4007162360483833E-01,0E+00,0E+00,1.3712779797309135E-03,2.445132569455688E-04,2.7050423641973326E-04,-1.5831213030011713E-03,2.7013541379696676E-04,2.296917123475614E-04,asset13_virtual@a9ywto2zmanagedsub.com,asset13_virtual@a9ywto2zmanagedsub.com,-3.81866E+02,2026-01-06 16:27:53,2.6E+02,prod-strategy-ap57,2026-02-02 09:27:57,1.4388252794741916E+00,6.753334458891036E-04|binance_spot,3.6363636363636365E-01,1.0186013130759255E+00,0E+00,3.3E+01,4E+00,3.6519000000000005E-04 | 0E+00
fr-PENDLE-USDT-loong_bn_bnfutures_pm_mode_asset10_0,PENDLE-USDT-FTR,7.2730453402774975E+00,3.255763880277497E+00,4.01728146E+00,7.008636405091238E+00,-4.9859099911525846E+01,9.75E-06 | 0E+00,1.745580808881E-02,2.5940301792263985E+04,-1.0782801569680001E+04,-1.7903392911600001E+03,2.405710763073405E+00,-1.887E+00,0E+00,2.8037628083596515E-04,1.2550986901965972E-04,3.7256379374504437E-04,-1.9220709269618065E-03,2.701833024618619E-04,9.70187045286519E-05,asset10_virtual@m6r3teozmanagedsub.com,asset10_virtual@m6r3teozmanagedsub.com,-1.123E+03,2026-01-23 22:17:33,9.4E+01,prod-strategy-ap86,2026-02-02 00:44:52,-1.9449656363546097E-01,1.1298016570424618E-03|binance_spot,3.673469387755102E-01,1.3581310490993777E+00,2E+00,0E+00,1.8E+01,2.2365999999999993E-04 | 0E+00
fr-PENGU-USDT-loong_bn_bnfutures_pm_asset13_mode_0,PENGU-USDT-FTR,5.8858096340437545E+00,3.936247694043754E+00,1.9495619400000002E+00,6.449824147799518E+00,-3.1131518855690956E+01,4.604E-05 | 0E+00,7.40458557917676E-02,2.3882158497989178E+04,-2.6473293337950003E+04,-1.60829400069E+03,9.021226861772282E-01,1.70344E+00,0E+00,2.464521636325011E-04,1.6481959511219127E-04,7.36425919930885E-05,-1.303547116912073E-03,2.700687271773436E-04,2.3819455525148108E-04,asset13_virtual@a9ywto2zmanagedsub.com,asset13_virtual@a9ywto2zmanagedsub.com,-2.09911E+05,2026-01-06 17:04:02,8.54E+02,prod-strategy-ap57,2026-01-31 18:27:08,-1.0474902916466764E+00,1.0438413361169019E-03|binance_spot,7.5E-01,1.36197105664252E+00,0E+00,0E+00,3.9E+01,1.7638E-04 | 0E+00
fr-ASR-USDT-loong_bn_bnfutures_pm_mode_0,ASR-USDT-FTR,5.70525149E+00,0E+00,5.70525149E+00,0E+00,0E+00,5E-05 | 0E+00,1.2472295025000002E-01,0E+00,-2.9086396499459997E+03,-2.494459005E+03,0E+00,0E+00,0E+00,0E+00,0E+00,1.9614844658072104E-03,0E+00,0E+00,2.617060593713652E-05,asset30_virtual@l2s0mfw9managedsub.com,asset30_virtual@l2s0mfw9managedsub.com,-1.7403000000000002E+03,2026-01-16 13:47:25,0E+00,prod-strategy-ap85,2026-01-22 23:51:30,0E+00,1.3966480446927498E-03|binance_spot,0E+00,1.2659239534751483E+00,0E+00,0E+00,0E+00,2.149999999999999E-03 | 0E+00
fr-ASR-USDT-loong_bn_bnfutures_pm_mode_1,ASR-USDT-FTR,5.70525149E+00,0E+00,5.70525149E+00,0E+00,0E+00,5E-05 | 0E+00,1.2472295025000002E-01,0E+00,-2.9086396499459997E+03,-2.494459005E+03,0E+00,0E+00,0E+00,0E+00,0E+00,1.9614844658072104E-03,0E+00,0E+00,2.617060593713652E-05,asset30_virtual@l2s0mfw9managedsub.com,asset30_virtual@l2s0mfw9managedsub.com,-1.7403000000000002E+03,2026-01-22 16:09:46,0E+00,prod-strategy-ap85,2026-01-27 15:06:02,0E+00,1.3966480446927498E-03|binance_spot,0E+00,1.4177854813444486E+00,0E+00,0E+00,0E+00,2.149999999999999E-03 | 0E+00
fr-MET-USDT-loong_bn_bnfutures_pm_asset10_mode_0,MET-USDT-FTR,4.2290664E+00,0E+00,4.2290664E+00,0E+00,0E+00,5E-05 | 0E+00,1.7285766498000002E-01,0E+00,-5.79154516736E+03,-3.4571532996E+03,0E+00,0E+00,0E+00,0E+00,0E+00,7.30213833750996E-04,0E+00,0E+00,5.2109667949042734E-05,asset10_virtual@m6r3teozmanagedsub.com,asset10_virtual@m6r3teozmanagedsub.com,-1.4365E+04,2026-01-06 03:23:36,0E+00,prod-strategy-ap86,2026-01-15 13:05:37,0E+00,8.406893652794789E-04|binance_spot,0E+00,1.4206290313455936E+00,0E+00,0E+00,0E+00,1.806519999999999E-03 | 0E+00
fr-MET-USDT-loong_bn_bnfutures_pm_asset13_mode_0,MET-USDT-FTR,4.2149990299999995E+00,0E+00,4.2149990299999995E+00,0E+00,0E+00,5E-05 | 0E+00,1.2105451512E-01,0E+00,-4.7226031488E+03,-2.4210903024E+03,0E+00,0E+00,0E+00,0E+00,0E+00,8.925160334657844E-04,0E+00,0E+00,4.249181778396629E-05,asset13_virtual@a9ywto2zmanagedsub.com,asset13_virtual@a9ywto2zmanagedsub.com,-1.0060000000000002E+04,2026-01-06 03:23:36,0E+00,prod-strategy-ap57,2026-01-17 15:20:17,0E+00,8.406893652794789E-04|binance_spot,0E+00,1.4368327529553586E+00,0E+00,0E+00,0E+00,1.806519999999999E-03 | 0E+00
fr-BANK-USDT-loong_bn_bnfutures_pm_mode_4,BANK-USDT-FTR,4.074113130000001E+00,0E+00,4.074113130000001E+00,0E+00,0E+00,5E-05 | 0E+00,8.48396694E-02,0E+00,-2.05011555E+03,-1.6967933879999998E+03,0E+00,0E+00,0E+00,0E+00,0E+00,1.9872602449164394E-03,0E+00,0E+00,1.844599972555624E-05,asset30_virtual@l2s0mfw9managedsub.com,asset30_virtual@l2s0mfw9managedsub.com,-3.8085E+04,2026-01-03 08:32:23,0E+00,prod-strategy-ap85,2026-01-04 03:34:36,0E+00,1.5684517140934773E-03|binance_spot,0E+00,1.4933187409332458E+00,0E+00,0E+00,0E+00,2.149999999999999E-03 | 0E+00
fr-BANK-USDT-loong_bn_bnfutures_pm_mode_0,BANK-USDT-FTR,4.074113130000001E+00,0E+00,4.074113130000001E+00,0E+00,0E+00,5E-05 | 0E+00,8.48396694E-02,0E+00,-2.05011555E+03,-1.6967933879999998E+03,0E+00,0E+00,0E+00,0E+00,0E+00,1.9872602449164394E-03,0E+00,0E+00,1.844599972555624E-05,asset30_virtual@l2s0mfw9managedsub.com,asset30_virtual@l2s0mfw9managedsub.com,-3.8085E+04,2025-11-17 16:08:36,0E+00,prod-strategy-ap85,2025-12-30 11:56:21,0E+00,1.5684517140934773E-03|binance_spot,0E+00,1.5241839623585829E+00,0E+00,0E+00,0E+00,2.149999999999999E-03 | 0E+00
fr-BANK-USDT-loong_bn_bnfutures_pm_mode_5,BANK-USDT-FTR,4.07411313E+00,0E+00,4.07411313E+00,0E+00,0E+00,5E-05 | 0E+00,8.48396694E-02,0E+00,-2.05011555E+03,-1.6967933879999998E+03,0E+00,0E+00,0E+00,0E+00,0E+00,1.987260244916439E-03,0E+00,0E+00,1.844599972555624E-05,asset30_virtual@l2s0mfw9managedsub.com,asset30_virtual@l2s0mfw9managedsub.com,-3.8085E+04,2026-01-03 19:49:29,0E+00,prod-strategy-ap85,2026-01-07 18:13:51,0E+00,1.5684517140934773E-03|binance_spot,0E+00,1.6162846629328451E+00,0E+00,0E+00,0E+00,2.149999999999999E-03 | 0E+00
fr-BANK-USDT-loong_bn_bnfutures_pm_mode_8,BANK-USDT-FTR,4.07411313E+00,0E+00,4.07411313E+00,0E+00,0E+00,5E-05 | 0E+00,8.48396694E-02,0E+00,-2.05011555E+03,-1.6967933879999998E+03,0E+00,0E+00,0E+00,0E+00,0E+00,1.987260244916439E-03,0E+00,0E+00,1.844599972555624E-05,asset30_virtual@l2s0mfw9managedsub.com,asset30_virtual@l2s0mfw9managedsub.com,-3.8085E+04,2026-01-22 04:18:00,0E+00,prod-strategy-ap85,2026-01-23 11:19:33,0E+00,1.5684517140934773E-03|binance_spot,0E+00,1.4933187409332458E+00,0E+00,0E+00,0E+00,2.149999999999999E-03 | 0E+00
fr-BANK-USDT-loong_bn_bnfutures_pm_mode_1,BANK-USDT-FTR,4.07411313E+00,0E+00,4.07411313E+00,0E+00,0E+00,5E-05 | 0E+00,8.48396694E-02,0E+00,-2.05011555E+03,-1.6967933879999998E+03,0E+00,0E+00,0E+00,0E+00,0E+00,1.987260244916439E-03,0E+00,0E+00,1.844599972555624E-05,asset30_virtual@l2s0mfw9managedsub.com,asset30_virtual@l2s0mfw9managedsub.com,-3.8085E+04,2025-12-02 10:19:11,0E+00,prod-strategy-ap85,2025-12-31 18:33:47,0E+00,1.5684517140934773E-03|binance_spot,0E+00,1.4933187409332458E+00,0E+00,0E+00,0E+00,2.149999999999999E-03 | 0E+00
fr-BANK-USDT-loong_bn_bnfutures_pm_mode_2,BANK-USDT-FTR,4.07411313E+00,0E+00,4.07411313E+00,0E+00,0E+00,5E-05 | 0E+00,8.48396694E-02,0E+00,-2.05011555E+03,-1.6967933879999998E+03,0E+00,0E+00,0E+00,0E+00,0E+00,1.987260244916439E-03,0E+00,0E+00,1.844599972555624E-05,asset30_virtual@l2s0mfw9managedsub.com,asset30_virtual@l2s0mfw9managedsub.com,-3.8085E+04,2025-12-31 10:35:24,0E+00,prod-strategy-ap85,2026-01-01 03:33:18,0E+00,1.5684517140934773E-03|binance_spot,0E+00,1.4933187409332458E+00,0E+00,0E+00,0E+00,2.149999999999999E-03 | 0E+00
fr-BANK-USDT-loong_bn_bnfutures_pm_mode_3,BANK-USDT-FTR,4.07411313E+00,0E+00,4.07411313E+00,0E+00,0E+00,5E-05 | 0E+00,8.48396694E-02,0E+00,-2.05011555E+03,-1.6967933879999998E+03,0E+00,0E+00,0E+00,0E+00,0E+00,1.987260244916439E-03,0E+00,0E+00,1.844599972555624E-05,asset30_virtual@l2s0mfw9managedsub.com,asset30_virtual@l2s0mfw9managedsub.com,-3.8085E+04,2025-12-31 22:20:35,0E+00,prod-strategy-ap85,2026-01-02 18:33:48,0E+00,1.5684517140934773E-03|binance_spot,0E+00,1.6162846629328451E+00,0E+00,0E+00,0E+00,2.149999999999999E-03 | 0E+00
fr-BANK-USDT-loong_bn_bnfutures_pm_mode_6,BANK-USDT-FTR,4.07411313E+00,0E+00,4.07411313E+00,0E+00,0E+00,5E-05 | 0E+00,8.48396694E-02,0E+00,-2.05011555E+03,-1.6967933879999998E+03,0E+00,0E+00,0E+00,0E+00,0E+00,1.987260244916439E-03,0E+00,0E+00,1.844599972555624E-05,asset30_virtual@l2s0mfw9managedsub.com,asset30_virtual@l2s0mfw9managedsub.com,-3.8085E+04,2026-01-07 10:26:26,0E+00,prod-strategy-ap85,2026-01-15 16:00:24,0E+00,1.5684517140934773E-03|binance_spot,0E+00,1.5241839623585829E+00,0E+00,0E+00,0E+00,2.149999999999999E-03 | 0E+00
fr-BANK-USDT-loong_bn_bnfutures_pm_mode_7,BANK-USDT-FTR,4.07411313E+00,0E+00,4.07411313E+00,0E+00,0E+00,5E-05 | 0E+00,8.48396694E-02,0E+00,-2.05011555E+03,-1.6967933879999998E+03,0E+00,0E+00,0E+00,0E+00,0E+00,1.987260244916439E-03,0E+00,0E+00,1.844599972555624E-05,asset30_virtual@l2s0mfw9managedsub.com,asset30_virtual@l2s0mfw9managedsub.com,-3.8085E+04,2026-01-15 12:45:33,0E+00,prod-strategy-ap85,2026-01-22 11:52:35,0E+00,1.5684517140934773E-03|binance_spot,0E+00,1.4933187409332458E+00,0E+00,0E+00,0E+00,2.149999999999999E-03 | 0E+00
fr-PARTI-USDT-loong_bn_bnfutures_pm_asset10_mode_0,PARTI-USDT-FTR,3.7903689999999997E+00,0E+00,3.7903689999999997E+00,0E+00,0E+00,5E-05 | 0E+00,8.643838477999999E-02,0E+00,-2.06223045E+03,-1.7287676955999998E+03,0E+00,0E+00,0E+00,0E+00,0E+00,1.8379948758879007E-03,0E+00,0E+00,1.8555004040983796E-05,asset10_virtual@m6r3teozmanagedsub.com,asset10_virtual@m6r3teozmanagedsub.com,-2.309E+04,2026-01-05 07:10:18,0E+00,prod-strategy-ap86,2026-01-22 11:51:24,0E+00,1.6025641025640969E-03|binance_spot,0E+00,1.2575883690738685E+00,0E+00,0E+00,0E+00,2.1999999999999993E-03 | 0E+00
fr-PARTI-USDT-loong_bn_bnfutures_pm_mode_asset10_1,PARTI-USDT-FTR,3.7903689999999997E+00,0E+00,3.7903689999999997E+00,0E+00,0E+00,5E-05 | 0E+00,8.643838477999999E-02,0E+00,-2.06223045E+03,-1.7287676955999998E+03,0E+00,0E+00,0E+00,0E+00,0E+00,1.8379948758879007E-03,0E+00,0E+00,1.8555004040983796E-05,asset10_virtual@m6r3teozmanagedsub.com,asset10_virtual@m6r3teozmanagedsub.com,-2.309E+04,1970-01-01 00:00:00,0E+00,prod-strategy-ap86,2026-01-27 15:44:54,0E+00,1.6025641025640969E-03|binance_spot,0E+00,1.1761078655957755E+00,0E+00,0E+00,0E+00,2.1999999999999993E-03 | 0E+00
fr-MITO-USDT-loong_bn_bnfutures_pm_mode_asset13_0,MITO-USDT-FTR,3.65557807E+00,0E+00,3.65557807E+00,0E+00,0E+00,5E-05 | 0E+00,7.191092266950001E-02,0E+00,-1.86827611269E+03,-1.4382184533900001E+03,0E+00,0E+00,0E+00,0E+00,0E+00,1.9566583574933093E-03,0E+00,0E+00,1.6809891843385615E-05,asset13_virtual@a9ywto2zmanagedsub.com,asset13_virtual@a9ywto2zmanagedsub.com,-2.8949E+04,2026-01-07 10:55:26,0E+00,prod-strategy-ap57,2026-01-08 06:26:01,0E+00,1.404494382022392E-03|binance_spot,0E+00,1.5141780211920624E+00,0E+00,0E+00,0E+00,2.149999999999999E-03 | 0E+00
fr-BEAMX-USDT-loong_bn_bnfutures_pm_mode_asset10_2,BEAMX-USDT-FTR,3.4872197E+00,0E+00,3.4872197E+00,0E+00,0E+00,5E-05 | 0E+00,9.837422166000001E-02,0E+00,-2.73867985749E+03,-1.9674844332E+03,0E+00,0E+00,0E+00,0E+00,0E+00,1.2733214108479392E-03,0E+00,0E+00,2.4641385652455998E-05,asset10_virtual@m6r3teozmanagedsub.com,asset10_virtual@m6r3teozmanagedsub.com,-7.52154E+05,2026-01-10 02:38:13,0E+00,prod-strategy-ap86,2026-01-27 15:44:54,0E+00,1.143728555089485E-03|binance_spot,0E+00,1.4326710970998462E+00,0E+00,0E+00,0E+00,1.8329599999999987E-03 | 0E+00
fr-BEAMX-USDT-loong_bn_bnfutures_pm_asset10_mode_0,BEAMX-USDT-FTR,3.4872197E+00,0E+00,3.4872197E+00,0E+00,0E+00,5E-05 | 0E+00,9.837422166000001E-02,0E+00,-2.73867985749E+03,-1.9674844332E+03,0E+00,0E+00,0E+00,0E+00,0E+00,1.2733214108479392E-03,0E+00,0E+00,2.4641385652455998E-05,asset10_virtual@m6r3teozmanagedsub.com,asset10_virtual@m6r3teozmanagedsub.com,-7.52154E+05,2026-01-05 07:05:57,0E+00,prod-strategy-ap86,2026-01-08 21:32:32,0E+00,1.143728555089485E-03|binance_spot,0E+00,1.4677729881311696E+00,0E+00,0E+00,0E+00,1.8329599999999987E-03 | 0E+00
fr-BEAMX-USDT-loong_bn_bnfutures_pm_mode_asset10_1,BEAMX-USDT-FTR,3.4872197E+00,0E+00,3.4872197E+00,0E+00,0E+00,5E-05 | 0E+00,9.837422166000001E-02,0E+00,-2.73867985749E+03,-1.9674844332E+03,0E+00,0E+00,0E+00,0E+00,0E+00,1.2733214108479392E-03,0E+00,0E+00,2.4641385652455998E-05,asset10_virtual@m6r3teozmanagedsub.com,asset10_virtual@m6r3teozmanagedsub.com,-7.52154E+05,1970-01-01 00:00:00,0E+00,prod-strategy-ap86,2026-01-09 12:32:32,0E+00,1.143728555089485E-03|binance_spot,0E+00,1.4296275158426484E+00,0E+00,0E+00,0E+00,1.8329599999999987E-03 | 0E+00
fr-BEAMX-USDT-loong_bn_bnfutures_pm_asset13_mode_0,BEAMX-USDT-FTR,3.34786955E+00,0E+00,3.34786955E+00,0E+00,0E+00,5E-05 | 0E+00,9.962575117000001E-02,0E+00,-2.89462200431E+03,-1.9925150234E+03,0E+00,0E+00,0E+00,0E+00,0E+00,1.1565826367018314E-03,0E+00,0E+00,2.604448158889937E-05,asset13_virtual@a9ywto2zmanagedsub.com,asset13_virtual@a9ywto2zmanagedsub.com,-7.61723E+05,2026-01-05 13:10:02,0E+00,prod-strategy-ap57,2026-01-27 15:28:51,0E+00,1.143728555089485E-03|binance_spot,0E+00,1.4677729881311696E+00,0E+00,0E+00,0E+00,1.8329599999999987E-03 | 0E+00
fr-AT-USDT-loong_bn_bnfutures_pm_asset13_mode_0,AT-USDT-FTR,3.31727281E+00,0E+00,3.31727281E+00,0E+00,0E+00,5E-05 | 0E+00,7.939054749999999E-02,0E+00,-1.61727142E+03,-1.5878109499999998E+03,0E+00,0E+00,0E+00,0E+00,0E+00,2.0511540419109117E-03,0E+00,0E+00,1.4551466706093687E-05,asset13_virtual@a9ywto2zmanagedsub.com,asset13_virtual@a9ywto2zmanagedsub.com,-9.853E+03,2026-01-05 10:10:58,0E+00,prod-strategy-ap57,2026-01-22 11:52:17,0E+00,1.3052396046988601E-03|binance_spot,0E+00,8.300306459369098E-01,0E+00,0E+00,0E+00,2.149999999999999E-03 | 0E+00
fr-AT-USDT-loong_bn_bnfutures_pm_mode_asset13_1,AT-USDT-FTR,3.3172728099999995E+00,0E+00,3.3172728099999995E+00,0E+00,0E+00,5E-05 | 0E+00,7.939054749999999E-02,0E+00,-1.61727142E+03,-1.5878109499999998E+03,0E+00,0E+00,0E+00,0E+00,0E+00,2.0511540419109117E-03,0E+00,0E+00,1.4551466706093687E-05,asset13_virtual@a9ywto2zmanagedsub.com,asset13_virtual@a9ywto2zmanagedsub.com,-9.853E+03,2026-01-22 07:44:48,0E+00,prod-strategy-ap57,2026-01-25 17:46:06,0E+00,1.3052396046988601E-03|binance_spot,0E+00,8.300306459369098E-01,0E+00,0E+00,0E+00,2.149999999999999E-03 | 0E+00
fr-LDO-USDT-loong_bn_bnfutures_pm_mode_asset13_0,LDO-USDT-FTR,3.2515101074057977E+00,2.4526864374057977E+00,7.988236699999999E-01,1.5541800176724792E+00,-1.5815135180950165E+01,4.705E-05 | 0E+00,2.84455891916576E-01,5.75310368347168E+03,-9.202096188250001E+03,-6.04582129472E+03,6.251949083968193E-01,0E+00,0E+00,5.651749536075963E-04,4.2632404565421235E-04,8.680888067873102E-05,-2.748974475531546E-03,2.7014635980532467E-04,8.279624227180835E-05,asset13_virtual@a9ywto2zmanagedsub.com,asset13_virtual@a9ywto2zmanagedsub.com,-1.4563E+04,2026-01-08 06:11:51,4.59E+02,prod-strategy-ap57,2026-02-02 09:27:56,1.5612925393506294E+00,9.613073780341264E-04|binance_spot,2.857142857142857E-01,1.247745099822854E+00,0E+00,3.2E+01,2E+00,1.4841E-04 | 0E+00
fr-AT-USDT-loong_bn_bnfutures_pm_asset10_mode_0,AT-USDT-FTR,3.21357648E+00,0E+00,3.21357648E+00,0E+00,0E+00,5E-05 | 0E+00,7.69088375E-02,0E+00,-1.5667163E+03,-1.5381767499999999E+03,0E+00,0E+00,0E+00,0E+00,0E+00,2.051154047481347E-03,0E+00,0E+00,1.409659491623508E-05,asset10_virtual@m6r3teozmanagedsub.com,asset10_virtual@m6r3teozmanagedsub.com,-9.545E+03,2026-01-05 07:09:16,0E+00,prod-strategy-ap86,2026-01-15 13:05:37,0E+00,1.3052396046988601E-03|binance_spot,0E+00,8.176878057212881E-01,0E+00,0E+00,0E+00,2.149999999999999E-03 | 0E+00
fr-AT-USDT-loong_bn_bnfutures_pm_mode_asset10_1,AT-USDT-FTR,3.21357648E+00,0E+00,3.21357648E+00,0E+00,0E+00,5E-05 | 0E+00,7.69088375E-02,0E+00,-1.5667163E+03,-1.5381767499999999E+03,0E+00,0E+00,0E+00,0E+00,0E+00,2.051154047481347E-03,0E+00,0E+00,1.409659491623508E-05,asset10_virtual@m6r3teozmanagedsub.com,asset10_virtual@m6r3teozmanagedsub.com,-9.545E+03,2026-01-18 14:40:00,0E+00,prod-strategy-ap86,2026-01-25 17:44:08,0E+00,1.3052396046988601E-03|binance_spot,0E+00,8.300306459369098E-01,0E+00,0E+00,0E+00,2.149999999999999E-03 | 0E+00
fr-CATI-USDT-loong_bn_bnfutures_pm_asset13_mode_0,CATI-USDT-FTR,3.20208531E+00,0E+00,3.20208531E+00,0E+00,0E+00,5E-05 | 0E+00,6.76906222705E-02,0E+00,-1.66692927639E+03,-1.35381244541E+03,0E+00,0E+00,0E+00,0E+00,0E+00,1.920948510145928E-03,0E+00,0E+00,1.4998265329391604E-05,asset13_virtual@a9ywto2zmanagedsub.com,asset13_virtual@a9ywto2zmanagedsub.com,-2.8727E+04,2026-01-06 00:38:39,0E+00,prod-strategy-ap57,2026-01-07 21:55:31,0E+00,2.968617472434376E-03|binance_spot,0E+00,1.0368632384516234E+00,0E+00,0E+00,0E+00,2.059519999999999E-03 | 0E+00
fr-EDEN-USDT-loong_bn_bnfutures_pm_mode_asset13_0,EDEN-USDT-FTR,3.16325135E+00,0E+00,3.16325135E+00,0E+00,0E+00,5E-05 | 0E+00,6.11172628275E-02,0E+00,-1.6961560638E+03,-1.22234525655E+03,0E+00,0E+00,0E+00,0E+00,0E+00,1.8649530061008528E-03,0E+00,0E+00,1.5261234561805724E-05,asset13_virtual@a9ywto2zmanagedsub.com,asset13_virtual@a9ywto2zmanagedsub.com,-2.9534999999999996E+04,2026-01-07 09:55:10,0E+00,prod-strategy-ap57,2026-01-08 15:06:22,0E+00,3.3767486734201935E-03|binance_spot,0E+00,1.2738729516166947E+00,0E+00,0E+00,0E+00,2.148979999999999E-03 | 0E+00
fr-PARTI-USDT-loong_bn_bnfutures_pm_mode_asset13_1,PARTI-USDT-FTR,3.1432721700000004E+00,0E+00,3.1432721700000004E+00,0E+00,0E+00,5E-05 | 0E+00,6.7031863052E-02,0E+00,-1.5771990436199999E+03,-1.3406372610399999E+03,0E+00,0E+00,0E+00,0E+00,0E+00,1.9929457747993157E-03,0E+00,0E+00,1.419091383691133E-05,asset13_virtual@a9ywto2zmanagedsub.com,asset13_virtual@a9ywto2zmanagedsub.com,-1.7906E+04,2026-01-22 09:43:46,0E+00,prod-strategy-ap57,2026-01-27 15:28:50,0E+00,1.6025641025640969E-03|binance_spot,0E+00,1.2188831102807922E+00,0E+00,0E+00,0E+00,2.1999999999999993E-03 | 0E+00
fr-PARTI-USDT-loong_bn_bnfutures_pm_asset13_mode_0,PARTI-USDT-FTR,3.1432721700000004E+00,0E+00,3.1432721700000004E+00,0E+00,0E+00,5E-05 | 0E+00,6.7031863052E-02,0E+00,-1.5771990436199999E+03,-1.3406372610399999E+03,0E+00,0E+00,0E+00,0E+00,0E+00,1.9929457747993157E-03,0E+00,0E+00,1.419091383691133E-05,asset13_virtual@a9ywto2zmanagedsub.com,asset13_virtual@a9ywto2zmanagedsub.com,-1.7906E+04,2026-01-05 12:40:24,0E+00,prod-strategy-ap57,2026-01-22 11:52:17,0E+00,1.6025641025640969E-03|binance_spot,0E+00,1.2188831102807922E+00,0E+00,0E+00,0E+00,2.1999999999999993E-03 | 0E+00
fr-ALLO-USDT-loong_bn_bnfutures_pm_asset10_mode_0,ALLO-USDT-FTR,3.11252718E+00,0E+00,3.11252718E+00,0E+00,0E+00,5E-05 | 0E+00,6.123290000000001E-02,0E+00,-1.6178460797E+03,-1.2246580000000001E+03,0E+00,0E+00,0E+00,0E+00,0E+00,1.9238710153299387E-03,0E+00,0E+00,1.4556637230588508E-05,asset10_virtual@m6r3teozmanagedsub.com,asset10_virtual@m6r3teozmanagedsub.com,-1.817E+04,2026-01-05 07:08:48,0E+00,prod-strategy-ap86,2026-01-12 06:31:32,0E+00,1.4836795252226587E-03|binance_spot,0E+00,1.4310394774665227E+00,0E+00,0E+00,0E+00,2.149999999999999E-03 | 0E+00
fr-ALLO-USDT-loong_bn_bnfutures_pm_mode_asset10_2,ALLO-USDT-FTR,3.11252718E+00,0E+00,3.11252718E+00,0E+00,0E+00,5E-05 | 0E+00,6.123290000000001E-02,0E+00,-1.6178460797E+03,-1.2246580000000001E+03,0E+00,0E+00,0E+00,0E+00,0E+00,1.9238710153299387E-03,0E+00,0E+00,1.4556637230588508E-05,asset10_virtual@m6r3teozmanagedsub.com,asset10_virtual@m6r3teozmanagedsub.com,-1.817E+04,1970-01-01 00:00:00,0E+00,prod-strategy-ap86,2026-01-22 20:51:42,0E+00,1.4836795252226587E-03|binance_spot,0E+00,1.5106933620096685E+00,0E+00,0E+00,0E+00,2.149999999999999E-03 | 0E+00
fr-ALLO-USDT-loong_bn_bnfutures_pm_mode_asset10_1,ALLO-USDT-FTR,3.11252718E+00,0E+00,3.11252718E+00,0E+00,0E+00,5E-05 | 0E+00,6.123290000000001E-02,0E+00,-1.6178460797E+03,-1.2246580000000001E+03,0E+00,0E+00,0E+00,0E+00,0E+00,1.9238710153299387E-03,0E+00,0E+00,1.4556637230588508E-05,asset10_virtual@m6r3teozmanagedsub.com,asset10_virtual@m6r3teozmanagedsub.com,-1.817E+04,2026-01-11 23:02:49,0E+00,prod-strategy-ap86,2026-01-22 11:51:23,0E+00,1.4836795252226587E-03|binance_spot,0E+00,1.3819169981808272E+00,0E+00,0E+00,0E+00,2.149999999999999E-03 | 0E+00
fr-ALLO-USDT-loong_bn_bnfutures_pm_mode_asset13_1,ALLO-USDT-FTR,3.0709012099999997E+00,0E+00,3.0709012099999997E+00,0E+00,0E+00,5E-05 | 0E+00,6.041399E-02,0E+00,-1.59620950307E+03,-1.2082798E+03,0E+00,0E+00,0E+00,0E+00,0E+00,1.9238710232546013E-03,0E+00,0E+00,1.4361961234604302E-05,asset13_virtual@a9ywto2zmanagedsub.com,asset13_virtual@a9ywto2zmanagedsub.com,-1.7927E+04,1970-01-01 00:00:00,0E+00,prod-strategy-ap57,2026-01-22 20:51:42,0E+00,1.4836795252226587E-03|binance_spot,0E+00,1.5106933620096685E+00,0E+00,0E+00,0E+00,2.149999999999999E-03 | 0E+00
fr-ALLO-USDT-loong_bn_bnfutures_pm_asset13_mode_0,ALLO-USDT-FTR,3.0709012099999997E+00,0E+00,3.0709012099999997E+00,0E+00,0E+00,5E-05 | 0E+00,6.041399E-02,0E+00,-1.59620950307E+03,-1.2082798E+03,0E+00,0E+00,0E+00,0E+00,0E+00,1.9238710232546013E-03,0E+00,0E+00,1.4361961234604302E-05,asset13_virtual@a9ywto2zmanagedsub.com,asset13_virtual@a9ywto2zmanagedsub.com,-1.7927E+04,2026-01-09 02:02:39,0E+00,prod-strategy-ap57,2026-01-22 11:52:17,0E+00,1.4836795252226587E-03|binance_spot,0E+00,1.5106933620096685E+00,0E+00,0E+00,0E+00,2.149999999999999E-03 | 0E+00
fr-LINK-USDT-loong_bn_bnfutures_pm_mode_asset13_0,LINK-USDT-FTR,3.0489866982298963E+00,-2.0433387221770108E+01,2.3482373920000004E+01,5.795176925137639E+00,-1.0746699988842016E+01,1E-04 | 0E+00,4.5835557459153E+00,2.0624039525985718E+04,-4.527483475E+04,-4.5835557459152995E+04,4.555298686316181E-01,0E+00,0E+00,1.4783654261272421E-04,-9.90755821429871E-04,5.186628300172869E-04,-5.210763863840288E-04,2.809913604866727E-04,4.07362204229466E-04,asset13_virtual@a9ywto2zmanagedsub.com,asset13_virtual@a9ywto2zmanagedsub.com,-4.8120599999999995E+03,2026-01-08 03:43:31,5.5E+01,prod-strategy-ap57,2026-02-02 09:27:53,-6.52371275774197E+00,1.3631120897557025E-03|binance_spot,0E+00,1.162748087133212E+00,0E+00,1E+02,0E+00,9.383200000000002E-04 | 0E+00
fr-ENA-USDT-loong_bn_bnfutures_pm_asset13_mode_0,ENA-USDT-FTR,2.7587934899999995E+00,0E+00,2.7587934899999995E+00,0E+00,0E+00,2.085E-05 | 0E+00,5.671252124999999E-02,0E+00,-3.0579932087499997E+03,-2.7200249999999996E+03,0E+00,0E+00,0E+00,0E+00,0E+00,9.021581480645922E-04,0E+00,0E+00,2.7514420779528907E-05,asset13_virtual@a9ywto2zmanagedsub.com,asset13_virtual@a9ywto2zmanagedsub.com,-1.9625E+04,2026-01-06 17:52:39,0E+00,prod-strategy-ap57,2026-01-28 00:27:08,0E+00,7.215007215006786E-04|binance_spot,0E+00,1.3092943364440417E+00,0E+00,0E+00,0E+00,1.4431499999999996E-03 | 0E+00
fr-BROCCOLI714-USDT-loong_bn_bnfutures_pm_mode_asset10_0,BROCCOLI714-USDT-FTR,2.4220982E+00,0E+00,2.4220982E+00,0E+00,0E+00,5E-05 | 0E+00,1.1500763943E-01,0E+00,-5.5907207E+03,-2.3001527886E+03,0E+00,0E+00,0E+00,0E+00,0E+00,4.3323541453251283E-04,0E+00,0E+00,5.030274147126077E-05,asset10_virtual@m6r3teozmanagedsub.com,asset10_virtual@m6r3teozmanagedsub.com,-1.4442E+05,2026-01-18 23:48:48,0E+00,prod-strategy-ap86,2026-01-27 15:44:54,0E+00,0E+00|binance_futures,0E+00,1.7532357483663639E+00,0E+00,0E+00,0E+00,1.6409499999999993E-03 | 0E+00
fr-FORM-USDT-loong_bn_bnfutures_pm_asset10_mode_0,FORM-USDT-FTR,2.4094266600000003E+00,0E+00,2.4094266600000003E+00,0E+00,0E+00,5E-05 | 0E+00,8.882767600000001E-02,0E+00,-1.9498809927379998E+03,-1.7765535200000002E+03,0E+00,0E+00,0E+00,0E+00,0E+00,1.2356788280789956E-03,0E+00,0E+00,1.7544135137608447E-05,asset10_virtual@m6r3teozmanagedsub.com,asset10_virtual@m6r3teozmanagedsub.com,-7.089200000000001E+03,2026-01-05 12:07:57,0E+00,prod-strategy-ap86,2026-01-27 15:44:54,0E+00,1.5929908403027326E-03|binance_spot,0E+00,1.2764990830909142E+00,0E+00,0E+00,0E+00,1.5820899999999993E-03 | 0E+00
fr-SOLV-USDT-loong_bn_bnfutures_pm_asset13_mode_0,SOLV-USDT-FTR,2.2172663E+00,0E+00,2.2172663E+00,0E+00,0E+00,5E-05 | 0E+00,4.247237995650001E-02,0E+00,-1.1501756484E+03,-8.494475991300001E+02,0E+00,0E+00,0E+00,0E+00,0E+00,1.9277632099796418E-03,0E+00,0E+00,1.03487531201487E-05,asset13_virtual@a9ywto2zmanagedsub.com,asset13_virtual@a9ywto2zmanagedsub.com,-9.0969E+04,2026-01-05 12:07:57,0E+00,prod-strategy-ap57,2026-01-07 23:20:42,0E+00,1.0695187165774556E-03|binance_spot,0E+00,1.182167401750333E+00,0E+00,0E+00,0E+00,2.149999999999999E-03 | 0E+00
fr-PAXG-USDT-loong_bn_bnfutures_pm_mode_asset10_2,PAXG-USDT-FTR,2.121499912134231E+00,-4.751049978657692E-01,2.59660491E+00,2.701184256002307E-01,0E+00,2.601E-05 | 0E+00,3.964565201567669E-02,1.0003512725830078E+03,-1.55067396E+03,-1.52424652117173E+03,6.45107416766712E-01,0E+00,0E+00,2.120754949065346E-03,-4.749381651097421E-04,1.6745008796046333E-03,0E+00,2.700235737220164E-04,1.3952253296448196E-05,asset10_virtual@m6r3teozmanagedsub.com,asset10_virtual@m6r3teozmanagedsub.com,-3.21E-01,2026-01-31 23:46:34,1E+01,prod-strategy-ap86,2026-02-01 09:45:01,-4.7510499786576543E-01,7.930247567144999E-04|binance_spot,0E+00,7.866231456005124E-01,0E+00,0E+00,0E+00,-2.109899999999999E-04 | 0E+00
fr-FF-USDT-loong_bn_bnfutures_pm_asset13_mode_0,FF-USDT-FTR,2.10424298E+00,0E+00,2.10424298E+00,0E+00,0E+00,2.33E-05 | 0E+00,3.395068956200001E-02,0E+00,-1.7170004764799999E+03,-1.4571111400000002E+03,0E+00,0E+00,0E+00,0E+00,0E+00,1.225534301722432E-03,0E+00,0E+00,1.5448783029780933E-05,asset13_virtual@a9ywto2zmanagedsub.com,asset13_virtual@a9ywto2zmanagedsub.com,-1.8173E+04,2026-01-05 09:24:41,0E+00,prod-strategy-ap57,2026-01-20 18:20:11,0E+00,2.245508982035904E-03|binance_spot,0E+00,1.0321579695627723E+00,0E+00,0E+00,0E+00,1.0505500000000001E-03 | 0E+00
fr-TWT-USDT-loong_bn_bnfutures_pm_asset10_mode_0,TWT-USDT-FTR,2.01142185E+00,0E+00,2.01142185E+00,0E+00,0E+00,5E-05 | 0E+00,5.71785800755E-02,0E+00,-1.4959152E+03,-1.14357160151E+03,0E+00,0E+00,0E+00,0E+00,0E+00,1.3446095407012378E-03,0E+00,0E+00,1.345955908127003E-05,asset10_virtual@m6r3teozmanagedsub.com,asset10_virtual@m6r3teozmanagedsub.com,-1.703E+03,2026-01-05 20:07:57,0E+00,prod-strategy-ap86,2026-01-07 12:32:44,0E+00,1.042131904123833E-03|binance_spot,0E+00,1.092719568690252E+00,0E+00,0E+00,0E+00,1.5144599999999994E-03 | 0E+00
fr-TWT-USDT-loong_bn_bnfutures_pm_mode_asset10_1,TWT-USDT-FTR,2.0114218499999996E+00,0E+00,2.0114218499999996E+00,0E+00,0E+00,5E-05 | 0E+00,5.71785800755E-02,0E+00,-1.4959152E+03,-1.14357160151E+03,0E+00,0E+00,0E+00,0E+00,0E+00,1.3446095407012373E-03,0E+00,0E+00,1.345955908127003E-05,asset10_virtual@m6r3teozmanagedsub.com,asset10_virtual@m6r3teozmanagedsub.com,-1.703E+03,2026-01-08 13:38:35,0E+00,prod-strategy-ap86,2026-01-10 12:11:56,0E+00,1.042131904123833E-03|binance_spot,0E+00,1.092719568690252E+00,0E+00,0E+00,0E+00,1.5144599999999994E-03 | 0E+00
fr-TWT-USDT-loong_bn_bnfutures_pm_mode_asset13_0,TWT-USDT-FTR,1.99016199E+00,0E+00,1.99016199E+00,0E+00,0E+00,5E-05 | 0E+00,5.6574226322500004E-02,0E+00,-1.480104E+03,-1.13148452645E+03,0E+00,0E+00,0E+00,0E+00,0E+00,1.3446095612200224E-03,0E+00,0E+00,1.3317297153223724E-05,asset13_virtual@a9ywto2zmanagedsub.com,asset13_virtual@a9ywto2zmanagedsub.com,-1.685E+03,2026-01-08 13:38:35,0E+00,prod-strategy-ap57,2026-01-10 08:22:02,0E+00,1.042131904123833E-03|binance_spot,0E+00,1.0874096356932892E+00,0E+00,0E+00,0E+00,1.5144599999999994E-03 | 0E+00
fr-FF-USDT-loong_bn_bnfutures_pm_asset10_mode_0,FF-USDT-FTR,1.9562892399999998E+00,0E+00,1.9562892399999998E+00,0E+00,0E+00,2.33E-05 | 0E+00,3.1387527394000005E-02,0E+00,-2.10804609024E+03,-1.34710418E+03,0E+00,0E+00,0E+00,0E+00,0E+00,9.280106583330335E-04,0E+00,0E+00,1.896723216504891E-05,asset10_virtual@m6r3teozmanagedsub.com,asset10_virtual@m6r3teozmanagedsub.com,-1.6801E+04,2026-01-05 07:07:33,0E+00,prod-strategy-ap86,2026-01-21 03:19:59,0E+00,2.245508982035904E-03|binance_spot,0E+00,1.0056512648522908E+00,0E+00,0E+00,0E+00,1.0505500000000001E-03 | 0E+00
fr-BEAMX-USDT-loong_bn_bnfutures_pm_mode_asset10_3,BEAMX-USDT-FTR,1.9507526853984194E+00,-1.3809316846015802E+00,3.3316843699999996E+00,2.2152479382639285E+00,-1.7101848892867565E+01,5E-05 | 0E+00,9.837422166000001E-02,8.197922468185425E+03,-2.73867985749E+03,-1.9674844332E+03,2.9933847308822803E+00,0E+00,0E+00,2.3795695713992404E-04,-1.684489808193128E-04,1.2165293292270708E-03,-2.0861198625915997E-03,2.702206500318689E-04,2.4641385652455998E-05,asset10_virtual@m6r3teozmanagedsub.com,asset10_virtual@m6r3teozmanagedsub.com,-7.52154E+05,2026-01-27 17:07:01,8E+00,prod-strategy-ap86,2026-02-02 09:44:59,-3.7520189194476066E+00,1.143728555089485E-03|binance_spot,3E-01,1.4296275158426484E+00,1.9E+01,0E+00,6E+00,1.8329599999999987E-03 | 0E+00
fr-ENA-USDT-loong_bn_bnfutures_pm_mode_asset13_1,ENA-USDT-FTR,1.872787931353144E+00,-2.66861578646856E-01,2.13964951E+00,5.154851377010345E-01,-2.644919991493225E+00,2.085E-05 | 0E+00,5.671252124999999E-02,1.5740933837890625E+03,-3.0579932087499997E+03,-2.7200249999999996E+03,5.147471810221896E-01,-1.5166015625E-03,0E+00,1.1897565612308731E-03,-1.6953351141371482E-04,6.99690733085249E-04,-1.68028149964428E-03,3.2748065839663837E-04,2.7514420779528907E-05,asset13_virtual@a9ywto2zmanagedsub.com,asset13_virtual@a9ywto2zmanagedsub.com,-1.9625E+04,2026-01-29 18:18:36,1.649E+03,prod-strategy-ap57,2026-02-02 09:27:52,-1.0052953773917719E+00,7.215007215006786E-04|binance_spot,5E-01,1.3163821123971364E+00,0E+00,2.9E+01,1E+00,1.4431499999999996E-03 | 0E+00
fr-BROCCOLI714-USDT-loong_bn_bnfutures_pm_mode_asset13_0,BROCCOLI714-USDT-FTR,1.7384296099999998E+00,0E+00,1.7384296099999998E+00,0E+00,0E+00,5E-05 | 0E+00,9.43561153105E-02,0E+00,-5.55151919984E+03,-1.88712230621E+03,0E+00,0E+00,0E+00,0E+00,0E+00,3.1314484331606076E-04,0E+00,0E+00,4.995002434700269E-05,asset13_virtual@a9ywto2zmanagedsub.com,asset13_virtual@a9ywto2zmanagedsub.com,-1.18487E+05,2026-01-18 23:48:48,0E+00,prod-strategy-ap57,2026-01-27 15:28:50,0E+00,0E+00|binance_futures,0E+00,1.7532357483663639E+00,0E+00,0E+00,0E+00,1.6409499999999993E-03 | 0E+00
fr-ENA-USDT-loong_bn_bnfutures_pm_mode_asset10_0,ENA-USDT-FTR,1.18188106E+00,0E+00,1.18188106E+00,0E+00,0E+00,2.085E-05 | 0E+00,3.627000530999999E-02,0E+00,-1.77697748305E+03,-1.7395685999999998E+03,0E+00,0E+00,0E+00,0E+00,0E+00,6.651075048916332E-04,0E+00,0E+00,1.59884286349908E-05,asset10_virtual@m6r3teozmanagedsub.com,asset10_virtual@m6r3teozmanagedsub.com,-1.2551E+04,2026-01-19 00:03:22,0E+00,prod-strategy-ap86,2026-01-28 00:44:05,0E+00,7.215007215006786E-04|binance_spot,0E+00,1.3163821123971364E+00,0E+00,0E+00,0E+00,1.4431499999999996E-03 | 0E+00
fr-FORM-USDT-loong_bn_bnfutures_pm_asset13_mode_0,FORM-USDT-FTR,1.11372861E+00,0E+00,1.11372861E+00,0E+00,0E+00,5E-05 | 0E+00,3.3443823E-02,0E+00,-1.212273638718E+03,-6.6887646E+02,0E+00,0E+00,0E+00,0E+00,0E+00,9.187105736109108E-04,0E+00,0E+00,1.0907482364636124E-05,asset13_virtual@a9ywto2zmanagedsub.com,asset13_virtual@a9ywto2zmanagedsub.com,-2.6691E+03,2026-01-05 12:07:57,0E+00,prod-strategy-ap57,2026-01-27 15:28:51,0E+00,1.5929908403027326E-03|binance_spot,0E+00,1.229441866841642E+00,0E+00,0E+00,0E+00,1.5820899999999993E-03 | 0E+00
fr-PENDLE-USDT-loong_bn_bnfutures_pm_mode_asset13_0,PENDLE-USDT-FTR,1.10227794E+00,0E+00,1.10227794E+00,0E+00,0E+00,9.75E-06 | 0E+00,1.801538875773E-02,0E+00,-5.2175170065600005E+03,-1.8477321802800002E+03,0E+00,0E+00,0E+00,0E+00,0E+00,2.1126484851206092E-04,0E+00,0E+00,4.694482575437798E-05,asset13_virtual@a9ywto2zmanagedsub.com,asset13_virtual@a9ywto2zmanagedsub.com,-1.159E+03,2026-01-07 12:08:12,0E+00,prod-strategy-ap57,2026-01-23 17:51:04,0E+00,1.1298016570424618E-03|binance_spot,0E+00,1.3581310490993777E+00,0E+00,0E+00,0E+00,2.2365999999999993E-04 | 0E+00
fr-SUSHI-USDT-loong_bn_bnfutures_pm_mode_asset13_0,SUSHI-USDT-FTR,1.07142526E+00,0E+00,1.07142526E+00,0E+00,0E+00,1E-04 | 0E+00,1.4896376E-01,0E+00,-1.8994308781199998E+03,-1.4896376E+03,0E+00,0E+00,0E+00,0E+00,0E+00,5.640769939785674E-04,0E+00,0E+00,1.7090208138031323E-05,asset13_virtual@a9ywto2zmanagedsub.com,asset13_virtual@a9ywto2zmanagedsub.com,-6.212E+03,2026-01-08 13:15:00,0E+00,prod-strategy-ap57,2026-01-08 22:25:58,0E+00,1.2510425354461674E-03|binance_spot,0E+00,1.1443385338112484E+00,0E+00,0E+00,0E+00,5.9971E-04 | 0E+00
fr-AAVE-USDC-loong_bn_bnfutures_pm_mode_usdc_2,AAVE-USDC-FTR,1.0608153500000002E+00,0E+00,1.0608153500000002E+00,0E+00,0E+00,6.533E-05 | 0E+00,9.954122332033659E-02,0E+00,-1.8486896937539998E+03,-1.5236678910199998E+03,0E+00,0E+00,0E+00,0E+00,0E+00,5.73820124374621E-04,0E+00,0E+00,1.6633662226319352E-05,asset30_virtual@l2s0mfw9managedsub.com,asset30_virtual@l2s0mfw9managedsub.com,-1.21E+01,1970-01-01 00:00:00,0E+00,prod-strategy-ap85,2026-01-11 20:51:43,0E+00,1.3476020610383443E-03|binance_spot,0E+00,1.3157496597710001E+00,0E+00,0E+00,0E+00,7.223900000000002E-04 | 0E+00
fr-AAVE-USDC-loong_bn_bnfutures_pm_mode_usdc_1,AAVE-USDC-FTR,1.06081535E+00,0E+00,1.06081535E+00,0E+00,0E+00,6.533E-05 | 0E+00,9.954122332033659E-02,0E+00,-1.8486896937539998E+03,-1.5236678910199998E+03,0E+00,0E+00,0E+00,0E+00,0E+00,5.738201243746209E-04,0E+00,0E+00,1.6633662226319352E-05,asset30_virtual@l2s0mfw9managedsub.com,asset30_virtual@l2s0mfw9managedsub.com,-1.21E+01,2025-12-09 02:23:47,0E+00,prod-strategy-ap85,2026-01-08 14:51:41,0E+00,1.3476020610383443E-03|binance_spot,0E+00,1.1531791396410205E+00,0E+00,0E+00,0E+00,7.223900000000002E-04 | 0E+00
fr-ENA-USDT-loong_bn_bnfutures_pm_mode_asset10_1,ENA-USDT-FTR,8.01287438118959E-01,-2.035631518810413E-01,1.0048505900000002E+00,4.9607413820922375E-01,-2.270100027322769E+00,2.085E-05 | 0E+00,3.627000530999999E-02,1.502439453125E+03,-1.77697748305E+03,-1.7395685999999998E+03,8.455028088179353E-01,0E+00,0E+00,5.333242790265661E-04,-1.3548842281640034E-04,5.654830179813405E-04,-1.5109427688424135E-03,3.3017912114688815E-04,1.59884286349908E-05,asset10_virtual@m6r3teozmanagedsub.com,asset10_virtual@m6r3teozmanagedsub.com,-1.2551E+04,2026-01-29 18:18:34,4.66E+02,prod-strategy-ap86,2026-02-02 09:44:54,-6.112047117202835E-01,7.215007215006786E-04|binance_spot,5E-01,1.0119860090339505E+00,4.7E+01,0E+00,2E+00,1.4431499999999996E-03 | 0E+00
fr-ARB-USDT-loong_bn_bnfutures_pm_mode_asset13_0,ARB-USDT-FTR,7.88107093996395E-01,-1.004668756003605E+00,1.79277585E+00,3.103682193905115E-01,-6.941800117492676E-01,8.097E-05 | 0E+00,2.464786661031933E-01,1.1492232666015625E+03,-3.8576404999999995E+03,-3.04407392989E+03,2.979083371303165E-01,-1.7106689453125E-02,0E+00,6.857737020300277E-04,-8.742154681349009E-04,4.647337796251362E-04,-6.040427756062312E-04,2.700678174645038E-04,3.4709280461920604E-05,asset13_virtual@a9ywto2zmanagedsub.com,asset13_virtual@a9ywto2zmanagedsub.com,-2.22985E+04,2026-01-10 09:43:43,1.9E+01,prod-strategy-ap57,2026-02-02 09:27:55,-1.004668756003605E+00,7.3152889539152E-04|binance_spot,0E+00,1.2262419871750887E+00,0E+00,3E+01,0E+00,5.030599999999999E-04 | 0E+00
fr-BNB-USDT-loong_bn_bnfutures_pm_mode_asset13_0,BNB-USDT-FTR,7.166078499999999E-01,0E+00,7.166078499999999E-01,0E+00,0E+00,0E+00 | 0E+00,0E+00,0E+00,-1.9800009E+03,-1.6728753000000002E+03,0E+00,0E+00,0E+00,0E+00,0E+00,3.619229920552056E-04,0E+00,0E+00,1.7815140252948718E-05,asset13_virtual@a9ywto2zmanagedsub.com,asset13_virtual@a9ywto2zmanagedsub.com,-2.19E+00,2026-01-11 05:23:22,0E+00,prod-strategy-ap57,2026-01-23 12:22:21,0E+00,3.7962587215756294E-04|binance_futures,0E+00,8.849504538665494E-01,0E+00,0E+00,0E+00,3.7155999999999995E-04 | 0E+00
fr-BNB-USDT-loong_bn_bnfutures_pm_mode_asset10_0,BNB-USDT-FTR,7.1333565E-01,0E+00,7.1333565E-01,0E+00,0E+00,0E+00 | 0E+00,0E+00,0E+00,-1.9709816E+03,-1.6652366000000004E+03,0E+00,0E+00,0E+00,0E+00,0E+00,3.6191897986262276E-04,0E+00,0E+00,1.7733988726965363E-05,asset10_virtual@m6r3teozmanagedsub.com,asset10_virtual@m6r3teozmanagedsub.com,-2.18E+00,2026-01-15 11:28:44,0E+00,prod-strategy-ap86,2026-01-23 10:55:44,0E+00,3.7962587215756294E-04|binance_futures,0E+00,8.849504538665494E-01,0E+00,0E+00,0E+00,3.7155999999999995E-04 | 0E+00
fr-FF-USDT-loong_bn_bnfutures_pm_mode_asset10_1,FF-USDT-FTR,5.650841229552028E-01,-1.391205117044797E+00,1.9562892399999998E+00,6.003285879269242E-01,-7.121011972427368E+00,2.33E-05 | 0E+00,3.1387527394000005E-02,2.2213889923095703E+03,-2.10804609024E+03,-1.34710418E+03,1.0537668045278206E+00,-6.296142578124993E-04,0E+00,2.5438323720497366E-04,-6.262771274464478E-04,9.280106583330335E-04,-3.2056573599132123E-03,2.7024919543819505E-04,1.896723216504891E-05,asset10_virtual@m6r3teozmanagedsub.com,asset10_virtual@m6r3teozmanagedsub.com,-1.6801E+04,2026-01-23 02:21:14,7E+00,prod-strategy-ap86,2026-02-02 09:44:53,-3.0906179107294625E+00,2.245508982035904E-03|binance_spot,5E-01,1.0321579695627723E+00,1.5E+01,0E+00,2E+00,1.0505500000000001E-03 | 0E+00
fr-XVG-USDT-loong_bn_bnfutures_pm_mode_asset10_0,XVG-USDT-FTR,4.52500308535563E-01,8.60528098535563E-01,-4.0802779E-01,5.57349098729901E-01,-3.7420769967138767E+00,1E-04 | 0E+00,1.1281266103799999E-01,2.062365619659424E+03,-1.4957605260500002E+03,-1.1281266103799999E+03,1.3788073583581675E+00,0E+00,0E+00,2.1940838434374613E-04,4.1725293048556025E-04,-2.727895160313654E-04,-1.814458581467159E-03,2.702474737830147E-04,1.3458167395987097E-05,asset10_virtual@m6r3teozmanagedsub.com,asset10_virtual@m6r3teozmanagedsub.com,-2.0463099999999997E+05,2026-01-18 05:20:17,7E+00,prod-strategy-ap86,2026-01-29 18:44:13,-7.84209708683169E-01,1.447963800904839E-03|binance_spot,4E-01,1.357068526835612E+00,0E+00,0E+00,2E+00,-1.0819000000000002E-04 | 0E+00
fr-QNT-USDT-loong_bn_bnfutures_pm_mode_asset13_0,QNT-USDT-FTR,4.150223975452336E-01,6.074228575452337E-01,-1.9240046000000008E-01,8.986196229234338E-01,-8.013969838619232E+00,4.073E-05 | 0E+00,4.721330719517569E-02,3.325841339111328E+03,-2.2747799999999997E+03,-1.1591776870899998E+03,1.4620496659506979E+00,0E+00,0E+00,1.24787190737165E-04,1.826373526608273E-04,-8.457980991568419E-05,-2.4096067796068052E-03,2.701931725833761E-04,2.0467427436322216E-05,asset13_virtual@a9ywto2zmanagedsub.com,asset13_virtual@a9ywto2zmanagedsub.com,-1.7E+01,2026-01-22 09:34:36,1E+01,prod-strategy-ap57,2026-01-31 18:27:10,2.2399562634526706E+00,1.4660606949128407E-03|binance_spot,5.714285714285714E-01,1.2593115633655405E+00,0E+00,0E+00,4E+00,-1.564299999999999E-04 | 0E+00
fr-TIA-USDT-loong_bn_bnfutures_pm_asset13_mode_0,TIA-USDT-FTR,2.7222277E-01,0E+00,2.7222277E-01,0E+00,0E+00,-2.591E-05 | 0E+00,-3.4791207985267296E-02,0E+00,-1.3571326999999999E+03,-1.3427714390299998E+03,0E+00,0E+00,0E+00,0E+00,0E+00,2.0058670018046137E-04,0E+00,0E+00,1.2210857779086352E-05,asset13_virtual@a9ywto2zmanagedsub.com,asset13_virtual@a9ywto2zmanagedsub.com,-3.6609999999999995E+03,2026-01-05 20:49:06,0E+00,prod-strategy-ap57,2026-01-29 18:26:56,0E+00,8.161044613710366E-04|binance_spot,0E+00,1.305141419966093E+00,0E+00,0E+00,0E+00,5.266800000000001E-04 | 0E+00
fr-CRV-USDT-loong_bn_bnfutures_pm_mode_asset13_0,CRV-USDT-FTR,5.028188E-02,0E+00,5.028188E-02,0E+00,0E+00,1E-04 | 0E+00,4.813061718000001E-02,0E+00,-4.9823999999999995E+02,-4.813061718000001E+02,0E+00,0E+00,0E+00,0E+00,0E+00,1.0091899486191394E-04,0E+00,0E+00,4.4829350732260625E-06,asset13_virtual@a9ywto2zmanagedsub.com,asset13_virtual@a9ywto2zmanagedsub.com,-1.73E+03,1970-01-01 00:00:00,0E+00,prod-strategy-ap57,2026-01-21 18:19:59,0E+00,1.0764262648008671E-03|binance_futures,0E+00,1.263347671738663E+00,0E+00,0E+00,0E+00,6.790800000000001E-04 | 0E+00
fr-PROM-USDT-loong_bn_bnfutures_pm_asset13_mode_0,PROM-USDT-FTR,0E+00,0E+00,0E+00,0E+00,0E+00,5E-05 | 0E+00,0E+00,0E+00,0E+00,0E+00,0E+00,0E+00,0E+00,0E+00,0E+00,0E+00,0E+00,0E+00,0E+00,asset13_virtual@a9ywto2zmanagedsub.com,asset13_virtual@a9ywto2zmanagedsub.com,0E+00,2026-01-05 10:11:24,0E+00,prod-strategy-ap57,2026-01-11 08:41:29,0E+00,1.9723865877712132E-03|binance_spot,0E+00,1.2441716822850453E+00,0E+00,0E+00,0E+00,1.6706599999999992E-03 | 0E+00
fr-STORJ-USDT-loong_bn_bnfutures_pm_mode_asset13_0,STORJ-USDT-FTR,0E+00,0E+00,0E+00,0E+00,0E+00,1.68E-06 | 0E+00,0E+00,0E+00,0E+00,0E+00,0E+00,0E+00,0E+00,0E+00,0E+00,0E+00,0E+00,0E+00,0E+00,asset13_virtual@a9ywto2zmanagedsub.com,asset13_virtual@a9ywto2zmanagedsub.com,0E+00,1970-01-01 00:00:00,0E+00,prod-strategy-ap57,2026-01-07 15:42:54,0E+00,2.7700831024930483E-03|binance_spot,0E+00,1.338336089959282E+00,0E+00,0E+00,0E+00,-4.488099999999998E-04 | 0E+00
fr-AXS-USDT-loong_bn_bnfutures_pm_mode_asset13_0,AXS-USDT-FTR,0E+00,0E+00,0E+00,0E+00,0E+00,-4.837E-05 | 0E+00,0E+00,0E+00,0E+00,0E+00,0E+00,0E+00,0E+00,0E+00,0E+00,0E+00,0E+00,0E+00,0E+00,asset13_virtual@a9ywto2zmanagedsub.com,asset13_virtual@a9ywto2zmanagedsub.com,0E+00,1970-01-01 00:00:00,0E+00,prod-strategy-ap57,2026-01-14 02:55:38,0E+00,1.1641443538998875E-03|binance_spot,0E+00,2.007414582398082E+00,0E+00,0E+00,0E+00,-1.4524964000000007E-01 | 0E+00
fr-C-USDT-loong_bn_bnfutures_pm_mode_asset13_0,C-USDT-FTR,0E+00,0E+00,0E+00,0E+00,0E+00,5E-05 | 0E+00,0E+00,0E+00,0E+00,0E+00,0E+00,0E+00,0E+00,0E+00,0E+00,0E+00,0E+00,0E+00,0E+00,asset13_virtual@a9ywto2zmanagedsub.com,asset13_virtual@a9ywto2zmanagedsub.com,0E+00,1970-01-01 00:00:00,0E+00,prod-strategy-ap57,2026-01-07 21:42:55,0E+00,2.5706940874035134E-03|binance_spot,0E+00,1.1070930431431132E+00,0E+00,0E+00,0E+00,2.149999999999999E-03 | 0E+00
fr-CAKE-USDT-loong_bn_bnfutures_pm_mode_asset13_0,CAKE-USDT-FTR,0E+00,0E+00,0E+00,0E+00,0E+00,-1.103E-05 | 0E+00,0E+00,0E+00,0E+00,0E+00,0E+00,0E+00,0E+00,0E+00,0E+00,0E+00,0E+00,0E+00,0E+00,asset13_virtual@a9ywto2zmanagedsub.com,asset13_virtual@a9ywto2zmanagedsub.com,0E+00,1970-01-01 00:00:00,0E+00,prod-strategy-ap57,2026-01-22 00:20:18,0E+00,1.2417489053002662E-03|binance_spot,0E+00,1.0626859174431287E+00,0E+00,0E+00,0E+00,-1.0613100000000002E-03 | 0E+00
fr-IOTA-USDT-loong_bn_bnfutures_pm_mode_asset13_0,IOTA-USDT-FTR,0E+00,0E+00,0E+00,0E+00,0E+00,8.402E-05 | 0E+00,0E+00,0E+00,0E+00,0E+00,0E+00,0E+00,0E+00,0E+00,0E+00,0E+00,0E+00,0E+00,0E+00,asset13_virtual@a9ywto2zmanagedsub.com,asset13_virtual@a9ywto2zmanagedsub.com,0E+00,1970-01-01 00:00:00,0E+00,prod-strategy-ap57,2026-01-27 15:28:50,0E+00,1.3927576601671099E-03|binance_spot,0E+00,1.2017658193027652E+00,0E+00,0E+00,0E+00,-2.92331E-03 | 0E+00
fr-BABY-USDT-loong_bn_bnfutures_pm_mode_asset13_0,BABY-USDT-FTR,0E+00,0E+00,0E+00,0E+00,0E+00,5E-05 | 0E+00,0E+00,0E+00,0E+00,0E+00,0E+00,0E+00,0E+00,0E+00,0E+00,0E+00,0E+00,0E+00,0E+00,asset13_virtual@a9ywto2zmanagedsub.com,asset13_virtual@a9ywto2zmanagedsub.com,0E+00,1970-01-01 00:00:00,0E+00,prod-strategy-ap57,2026-01-08 03:42:54,0E+00,2.9797377830751426E-03|binance_spot,0E+00,1.071519064739289E+00,0E+00,0E+00,0E+00,-6.968899999999995E-04 | 0E+00
fr-ICP-USDT-loong_bn_bnfutures_pm_mode_asset13_0,ICP-USDT-FTR,0E+00,0E+00,0E+00,0E+00,0E+00,-2.8738E-04 | 0E+00,0E+00,0E+00,0E+00,0E+00,0E+00,0E+00,0E+00,0E+00,0E+00,0E+00,0E+00,0E+00,0E+00,asset13_virtual@a9ywto2zmanagedsub.com,asset13_virtual@a9ywto2zmanagedsub.com,0E+00,1970-01-01 00:00:00,0E+00,prod-strategy-ap57,2026-01-12 11:55:50,0E+00,1.1240164855752521E-03|binance_spot,0E+00,1.2001076468933713E+00,0E+00,0E+00,0E+00,-1.13532E-03 | 0E+00
fr-RONIN-USDT-loong_bn_bnfutures_pm_mode_0,RONIN-USDT-FTR,0E+00,0E+00,0E+00,0E+00,0E+00,-5.849E-05 | 0E+00,0E+00,0E+00,0E+00,0E+00,0E+00,0E+00,0E+00,0E+00,0E+00,0E+00,0E+00,0E+00,0E+00,asset30_virtual@l2s0mfw9managedsub.com,asset30_virtual@l2s0mfw9managedsub.com,0E+00,1970-01-01 00:00:00,0E+00,prod-strategy-ap85,2026-01-18 03:21:43,0E+00,1.8552875695732052E-03|binance_spot,0E+00,1.2846339801074302E+00,0E+00,0E+00,0E+00,-2.0050649999999996E-02 | 0E+00
fr-AXS-USDT-loong_bn_bnfutures_pm_mode_0,AXS-USDT-FTR,0E+00,0E+00,0E+00,0E+00,0E+00,-4.837E-05 | 0E+00,0E+00,0E+00,0E+00,0E+00,0E+00,0E+00,0E+00,0E+00,0E+00,0E+00,0E+00,0E+00,0E+00,asset30_virtual@l2s0mfw9managedsub.com,asset30_virtual@l2s0mfw9managedsub.com,0E+00,1970-01-01 00:00:00,0E+00,prod-strategy-ap85,2026-01-14 01:46:08,0E+00,1.1641443538998875E-03|binance_spot,0E+00,1.972760864025831E+00,0E+00,0E+00,0E+00,-1.4524964000000007E-01 | 0E+00
fr-IOTA-USDT-loong_bn_bnfutures_pm_mode_asset13_1,IOTA-USDT-FTR,0E+00,0E+00,0E+00,0E+00,0E+00,8.402E-05 | 0E+00,0E+00,0E+00,0E+00,0E+00,0E+00,0E+00,0E+00,0E+00,0E+00,0E+00,0E+00,0E+00,0E+00,asset13_virtual@a9ywto2zmanagedsub.com,asset13_virtual@a9ywto2zmanagedsub.com,0E+00,1970-01-01 00:00:00,0E+00,prod-strategy-ap57,2026-01-30 03:27:15,0E+00,1.3927576601671099E-03|binance_spot,0E+00,1.1907756736536388E+00,0E+00,0E+00,0E+00,-2.92331E-03 | 0E+00
fr-HBAR-USDT-loong_bn_bnfutures_pm_mode_asset10_0,HBAR-USDT-FTR,0E+00,0E+00,0E+00,0E+00,0E+00,6.684E-05 | 0E+00,0E+00,0E+00,0E+00,0E+00,0E+00,0E+00,0E+00,0E+00,0E+00,0E+00,0E+00,0E+00,0E+00,asset10_virtual@m6r3teozmanagedsub.com,asset10_virtual@m6r3teozmanagedsub.com,0E+00,1970-01-01 00:00:00,0E+00,prod-strategy-ap86,2026-01-21 09:20:00,0E+00,7.821229050279932E-04|binance_spot,0E+00,1.0637992052694651E+00,0E+00,0E+00,0E+00,-1.7246000000000004E-04 | 0E+00
fr-ALT-USDT-loong_bn_bnfutures_pm_asset13_mode_0,ALT-USDT-FTR,-2.5926954E-01,0E+00,-2.5926954E-01,0E+00,0E+00,5E-05 | 0E+00,6.83972295E-02,0E+00,-1.69955242306E+03,-1.36794459E+03,0E+00,0E+00,0E+00,0E+00,0E+00,-1.5255165800251807E-04,0E+00,0E+00,1.529179344517103E-05,asset13_virtual@a9ywto2zmanagedsub.com,asset13_virtual@a9ywto2zmanagedsub.com,-1.45681E+05,2026-01-06 16:48:50,0E+00,prod-strategy-ap57,2026-01-07 12:35:28,0E+00,2.123142250530785E-03|binance_spot,0E+00,1.7543505344000496E+00,0E+00,0E+00,0E+00,-3.261399999999999E-04 | 0E+00
fr-ALT-USDT-loong_bn_bnfutures_pm_mode_asset13_1,ALT-USDT-FTR,-2.5926954E-01,0E+00,-2.5926954E-01,0E+00,0E+00,5E-05 | 0E+00,6.83972295E-02,0E+00,-1.69955242306E+03,-1.36794459E+03,0E+00,0E+00,0E+00,0E+00,0E+00,-1.5255165800251807E-04,0E+00,0E+00,1.529179344517103E-05,asset13_virtual@a9ywto2zmanagedsub.com,asset13_virtual@a9ywto2zmanagedsub.com,-1.45681E+05,2026-01-09 23:31:39,0E+00,prod-strategy-ap57,2026-01-10 09:55:04,0E+00,2.123142250530785E-03|binance_spot,0E+00,1.755515967827867E+00,0E+00,0E+00,0E+00,-3.261399999999999E-04 | 0E+00
fr-XVG-USDT-loong_bn_bnfutures_pm_mode_asset13_0,XVG-USDT-FTR,-2.664823496993456E-01,3.078825603006543E-01,-5.743649099999999E-01,1.4315469135763124E+00,-1.2079941859468818E+01,1E-04 | 0E+00,1.47553807104E-01,5.298035757064819E+03,-2.6015419405E+03,-1.47553807104E+03,2.03649830686434E+00,0E+00,0E+00,-5.029832978080546E-05,5.8112586327885646E-05,-2.2077864710096144E-04,-2.2800793375847774E-03,2.702033318041266E-04,2.3407481554142663E-05,asset13_virtual@a9ywto2zmanagedsub.com,asset13_virtual@a9ywto2zmanagedsub.com,-2.67648E+05,2026-01-22 07:45:50,2.78E+02,prod-strategy-ap57,2026-01-29 18:27:01,-1.0747233867877068E+00,1.447963800904839E-03|binance_spot,4.6153846153846156E-01,1.265293252570327E+00,0E+00,0E+00,6E+00,-1.0819000000000002E-04 | 0E+00
fr-DASH-USDT-loong_bn_bnfutures_pm_mode_0,DASH-USDT-FTR,-2.878150500000003E-01,0E+00,-2.878150500000003E-01,0E+00,0E+00,4.236E-05 | 0E+00,9.808413954853204E-02,0E+00,-3.20754980838972E+03,-2.31548960218442E+03,0E+00,0E+00,0E+00,0E+00,0E+00,-8.973050059805354E-05,0E+00,0E+00,2.886006249026536E-05,asset30_virtual@l2s0mfw9managedsub.com,asset30_virtual@l2s0mfw9managedsub.com,-5.2126E+01,2026-01-03 15:02:22,0E+00,prod-strategy-ap85,2026-01-11 20:54:17,0E+00,9.043635541488015E-04|binance_spot,0E+00,1.5692191601128493E+00,0E+00,0E+00,0E+00,8.747999999999983E-05 | 0E+00
fr-XLM-USDT-loong_bn_bnfutures_pm_mode_asset13_0,XLM-USDT-FTR,-3.4100036E-01,0E+00,-3.4100036E-01,0E+00,0E+00,-8.971E-05 | 0E+00,-3.63047285229778E-02,0E+00,-4.8519955669E+02,-4.0468987318E+02,0E+00,0E+00,0E+00,0E+00,0E+00,-7.02804351937752E-04,0E+00,0E+00,4.365603143463669E-06,asset13_virtual@a9ywto2zmanagedsub.com,asset13_virtual@a9ywto2zmanagedsub.com,-2.293E+03,2026-01-18 23:48:48,0E+00,prod-strategy-ap57,2026-01-21 03:19:49,0E+00,1.1878499915152219E-03|binance_spot,0E+00,1.0725112729773625E+00,0E+00,0E+00,0E+00,-7.8585E-04 | 0E+00
fr-XLM-USDT-loong_bn_bnfutures_pm_mode_asset10_0,XLM-USDT-FTR,-3.664304E-01,0E+00,-3.664304E-01,0E+00,0E+00,-8.971E-05 | 0E+00,-3.901214613197441E-02,0E+00,-5.213832131199999E+02,-4.348695366400001E+02,0E+00,0E+00,0E+00,0E+00,0E+00,-7.02804368800542E-04,0E+00,0E+00,4.691167093543166E-06,asset10_virtual@m6r3teozmanagedsub.com,asset10_virtual@m6r3teozmanagedsub.com,-2.464E+03,2026-01-18 23:48:48,0E+00,prod-strategy-ap86,2026-01-21 03:20:00,0E+00,1.1878499915152219E-03|binance_spot,0E+00,1.0789246876065273E+00,0E+00,0E+00,0E+00,-7.8585E-04 | 0E+00
fr-HBAR-USDT-loong_bn_bnfutures_pm_mode_asset13_0,HBAR-USDT-FTR,-3.6946603000000006E-01,0E+00,-3.6946603000000006E-01,0E+00,0E+00,6.684E-05 | 0E+00,9.739790245866481E-02,0E+00,-1.75986924E+03,-1.45717986922E+03,0E+00,0E+00,0E+00,0E+00,0E+00,-2.099394782307804E-04,0E+00,0E+00,1.583449650828455E-05,asset13_virtual@a9ywto2zmanagedsub.com,asset13_virtual@a9ywto2zmanagedsub.com,-1.6277E+04,2026-01-07 20:14:11,0E+00,prod-strategy-ap57,2026-01-21 09:19:41,0E+00,7.821229050279932E-04|binance_spot,0E+00,1.0637992052694651E+00,0E+00,0E+00,0E+00,-1.7246000000000004E-04 | 0E+00
fr-GALA-USDT-loong_bn_bnfutures_pm_mode_asset10_0,GALA-USDT-FTR,-3.6995417E-01,0E+00,-3.6995417E-01,0E+00,0E+00,1E-04 | 0E+00,3.6377712000000006E-02,0E+00,-4.6956168E+02,-3.6377712E+02,0E+00,0E+00,0E+00,0E+00,0E+00,-7.878712973341436E-04,0E+00,0E+00,4.2249006990907055E-06,asset10_virtual@m6r3teozmanagedsub.com,asset10_virtual@m6r3teozmanagedsub.com,-7.6104E+04,2026-01-19 00:03:22,0E+00,prod-strategy-ap86,2026-01-25 02:50:12,0E+00,2.0920502092049986E-03|binance_spot,0E+00,1.2478143294571553E+00,0E+00,0E+00,0E+00,-7.204399999999999E-04 | 0E+00
fr-WIF-USDT-loong_bn_bnfutures_pm_mode_asset10_0,WIF-USDT-FTR,-3.7931369000000004E-01,0E+00,-3.7931369000000004E-01,0E+00,0E+00,-7.59E-06 | 0E+00,-2.9123253575130004E-03,0E+00,-5.1080110447199996E+02,-3.8370558070000004E+02,0E+00,0E+00,0E+00,0E+00,0E+00,-7.425858845628092E-04,0E+00,0E+00,4.5959541319045815E-06,asset10_virtual@m6r3teozmanagedsub.com,asset10_virtual@m6r3teozmanagedsub.com,-1.5244E+03,2026-01-21 12:23:05,0E+00,prod-strategy-ap86,2026-01-25 14:49:49,0E+00,4.366812227074135E-03|binance_spot,0E+00,1.1987167168859818E+00,0E+00,0E+00,0E+00,-7.4671E-04 | 0E+00
fr-PENGU-USDT-loong_bn_bnfutures_pm_mode_asset13_1,PENGU-USDT-FTR,-4.8875848999999993E-01,0E+00,-4.8875848999999993E-01,0E+00,0E+00,4.604E-05 | 0E+00,7.40458557917676E-02,0E+00,-1.6890509606100002E+03,-1.60829400069E+03,0E+00,0E+00,0E+00,0E+00,0E+00,-2.893687055028138E-04,0E+00,0E+00,1.5197306101045165E-05,asset13_virtual@a9ywto2zmanagedsub.com,asset13_virtual@a9ywto2zmanagedsub.com,-2.09911E+05,1970-01-01 00:00:00,0E+00,prod-strategy-ap57,2026-01-31 21:27:03,0E+00,1.0438413361169019E-03|binance_spot,0E+00,1.36197105664252E+00,0E+00,0E+00,0E+00,1.7638E-04 | 0E+00
fr-S-USDT-loong_bn_bnfutures_pm_mode_0,S-USDT-FTR,-5.6219307E-01,0E+00,-5.6219307E-01,0E+00,0E+00,-2.82E-05 | 0E+00,-5.882754442533001E-02,0E+00,-2.822158042E+03,-2.0860831356500003E+03,0E+00,0E+00,0E+00,0E+00,0E+00,-1.9920679906416098E-04,0E+00,0E+00,2.5392484081303773E-05,asset30_virtual@l2s0mfw9managedsub.com,asset30_virtual@l2s0mfw9managedsub.com,-4.1023E+04,2026-01-07 09:03:11,0E+00,prod-strategy-ap85,2026-01-22 10:25:39,0E+00,1.1813349084464075E-03|binance_spot,0E+00,1.2252658331158481E+00,0E+00,0E+00,0E+00,-2.8679E-04 | 0E+00
fr-VET-USDT-loong_bn_bnfutures_pm_asset10_mode_0,VET-USDT-FTR,-7.3450773E-01,0E+00,-7.3450773E-01,0E+00,0E+00,4.958E-05 | 0E+00,7.496301324576221E-02,0E+00,-2.47494964236E+03,-1.51196073509E+03,0E+00,0E+00,0E+00,0E+00,0E+00,-2.967768383762373E-04,0E+00,0E+00,2.2268462098996354E-05,asset10_virtual@m6r3teozmanagedsub.com,asset10_virtual@m6r3teozmanagedsub.com,-1.81987E+05,2026-01-08 09:38:53,0E+00,prod-strategy-ap86,2026-01-27 15:44:54,0E+00,1.8039687312088049E-03|binance_spot,0E+00,1.1908077814934188E+00,0E+00,0E+00,0E+00,-9.995999999999966E-05 | 0E+00
fr-ZEN-USDT-loong_bn_bnfutures_pm_mode_1,ZEN-USDT-FTR,-7.545621199999997E-01,0E+00,-7.545621199999997E-01,0E+00,0E+00,3.42E-06 | 0E+00,4.237722473453103E-01,0E+00,-1.0804549410000001E+05,-1.23910013843658E+05,0E+00,0E+00,0E+00,0E+00,0E+00,-6.983744452143697E-06,0E+00,0E+00,9.721438162430348E-04,asset30_virtual@l2s0mfw9managedsub.com,asset30_virtual@l2s0mfw9managedsub.com,-1.74363E+04,2026-01-17 12:20:29,0E+00,prod-strategy-ap85,2026-01-21 00:21:17,0E+00,9.843903810997645E-04|binance_spot,0E+00,1.2355409249342963E+00,0E+00,0E+00,0E+00,5.7012E-04 | 0E+00
fr-ZEN-USDT-loong_bn_bnfutures_pm_mode_2,ZEN-USDT-FTR,-7.54562120000001E-01,0E+00,-7.54562120000001E-01,0E+00,0E+00,3.42E-06 | 0E+00,4.237722473453103E-01,0E+00,-1.0804549410000001E+05,-1.23910013843658E+05,0E+00,0E+00,0E+00,0E+00,0E+00,-6.98374445214371E-06,0E+00,0E+00,9.721438162430348E-04,asset30_virtual@l2s0mfw9managedsub.com,asset30_virtual@l2s0mfw9managedsub.com,-1.74363E+04,1970-01-01 00:00:00,0E+00,prod-strategy-ap85,2026-01-27 16:35:13,0E+00,9.843903810997645E-04|binance_spot,0E+00,1.2408964662694473E+00,0E+00,0E+00,0E+00,5.7012E-04 | 0E+00
fr-ZEN-USDT-loong_bn_bnfutures_pm_mode_0,ZEN-USDT-FTR,-7.545621200000032E-01,0E+00,-7.545621200000032E-01,0E+00,0E+00,3.42E-06 | 0E+00,4.237722473453103E-01,0E+00,-1.0804549410000001E+05,-1.23910013843658E+05,0E+00,0E+00,0E+00,0E+00,0E+00,-6.98374445214373E-06,0E+00,0E+00,9.721438162430348E-04,asset30_virtual@l2s0mfw9managedsub.com,asset30_virtual@l2s0mfw9managedsub.com,-1.74363E+04,2025-12-27 12:19:35,0E+00,prod-strategy-ap85,2026-01-17 18:21:59,0E+00,9.843903810997645E-04|binance_spot,0E+00,1.2355409249342963E+00,0E+00,0E+00,0E+00,5.7012E-04 | 0E+00
fr-BOME-USDT-loong_bn_bnfutures_pm_mode_1,BOME-USDT-FTR,-7.669964899999998E-01,0E+00,-7.669964899999998E-01,0E+00,0E+00,-9.644E-05 | 0E+00,-1.657075356447024E-01,0E+00,-2.11631837652E+03,-1.71824487396E+03,0E+00,0E+00,0E+00,0E+00,0E+00,-3.624201814384951E-04,0E+00,0E+00,1.9041662404091098E-05,asset30_virtual@l2s0mfw9managedsub.com,asset30_virtual@l2s0mfw9managedsub.com,-3.600379E+06,2025-12-09 07:40:14,0E+00,prod-strategy-ap85,2026-01-19 08:01:58,0E+00,2.296930465650604E-03|binance_spot,0E+00,1.4883638136650454E+00,0E+00,0E+00,0E+00,-5.252499999999999E-04 | 0E+00
fr-BOME-USDT-loong_bn_bnfutures_pm_mode_0,BOME-USDT-FTR,-7.669964899999999E-01,0E+00,-7.669964899999999E-01,0E+00,0E+00,-9.644E-05 | 0E+00,-1.657075356447024E-01,0E+00,-2.11631837652E+03,-1.71824487396E+03,0E+00,0E+00,0E+00,0E+00,0E+00,-3.6242018143849516E-04,0E+00,0E+00,1.9041662404091098E-05,asset30_virtual@l2s0mfw9managedsub.com,asset30_virtual@l2s0mfw9managedsub.com,-3.600379E+06,2026-01-06 03:36:24,0E+00,prod-strategy-ap85,2026-01-15 16:00:24,0E+00,2.296930465650604E-03|binance_spot,0E+00,1.4846733353764316E+00,0E+00,0E+00,0E+00,-5.252499999999999E-04 | 0E+00
fr-CRV-USDT-loong_bn_bnfutures_pm_mode_asset10_0,CRV-USDT-FTR,-7.768691111864963E-01,-8.271509911864963E-01,5.028188E-02,1.351649072021246E-01,-1.0379999876022339E+00,1E-04 | 0E+00,4.813061718000001E-02,5.003159942626953E+02,-4.9823999999999995E+02,-4.813061718000001E+02,1.004166655151524E+00,0E+00,0E+00,-1.5527568978308422E-03,-1.6532571428292044E-03,1.0091899486191394E-04,-2.074688795691834E-03,2.7015907696757556E-04,4.4829350732260625E-06,asset10_virtual@m6r3teozmanagedsub.com,asset10_virtual@m6r3teozmanagedsub.com,-1.73E+03,2026-02-01 02:40:36,8E+00,prod-strategy-ap86,2026-02-02 09:45:00,-8.271509911864963E-01,1.0764262648008671E-03|binance_futures,0E+00,1.2998301657005094E+00,1.6E+01,0E+00,0E+00,6.790800000000001E-04 | 0E+00
fr-CRV-USDT-loong_bn_bnfutures_pm_mode_asset13_1,CRV-USDT-FTR,-7.924674828114835E-01,-8.427493628114835E-01,5.028188E-02,1.351687964051962E-01,-1.053570032119751E+00,1E-04 | 0E+00,4.813061718000001E-02,5.0032379150390625E+02,-4.9823999999999995E+02,-4.813061718000001E+02,1.0041823047204286E+00,0E+00,0E+00,-1.5839092529048688E-03,-1.6844079316681942E-03,1.0091899486191394E-04,-2.105776399225111E-03,2.7016264007533383E-04,4.4829350732260625E-06,asset13_virtual@a9ywto2zmanagedsub.com,asset13_virtual@a9ywto2zmanagedsub.com,-1.73E+03,2026-02-01 02:40:36,3E+01,prod-strategy-ap57,2026-02-02 09:27:54,-8.427493628114835E-01,1.0764262648008671E-03|binance_futures,0E+00,1.263347671738663E+00,2E+00,0E+00,0E+00,6.790800000000001E-04 | 0E+00
fr-GUN-USDT-loong_bn_bnfutures_pm_mode_asset13_0,GUN-USDT-FTR,-8.462526032331806E-01,-9.601619532331807E-01,1.1390935E-01,1.3075521495193243E-01,-8.294000029563904E-01,4.445E-05 | 0E+00,1.9248761072632E-02,4.8392529296875E+02,-4.5516956000000005E+02,-4.3304299376E+02,1.063175870040057E+00,0E+00,0E+00,-1.7487257135117926E-03,-1.9841119428638423E-03,2.502569591868138E-04,-1.7139009161274605E-03,2.7019710862762465E-04,4.095407002225584E-06,asset13_virtual@a9ywto2zmanagedsub.com,asset13_virtual@a9ywto2zmanagedsub.com,-1.5571999999999998E+04,2026-01-31 08:29:02,6E+00,prod-strategy-ap57,2026-02-02 09:27:53,0E+00,3.2292787944026013E-03|binance_spot,0E+00,1.5523855639408473E+00,5E+00,0E+00,0E+00,1.772879999999999E-03 | 0E+00
fr-VET-USDT-loong_bn_bnfutures_pm_mode_asset13_0,VET-USDT-FTR,-8.478680200000001E-01,0E+00,-8.478680200000001E-01,0E+00,0E+00,4.958E-05 | 0E+00,8.818628002424342E-02,0E+00,-2.05520515953E+03,-1.7786663982300001E+03,0E+00,0E+00,0E+00,0E+00,0E+00,-4.125466579666903E-04,0E+00,0E+00,1.8491793698483066E-05,asset13_virtual@a9ywto2zmanagedsub.com,asset13_virtual@a9ywto2zmanagedsub.com,-2.14089E+05,2026-01-08 09:38:53,0E+00,prod-strategy-ap57,2026-01-27 15:28:50,0E+00,1.8039687312088049E-03|binance_spot,0E+00,1.230482514422131E+00,0E+00,0E+00,0E+00,-9.995999999999966E-05 | 0E+00
fr-TIA-USDT-loong_bn_bnfutures_pm_mode_asset13_1,TIA-USDT-FTR,-1.1490733250688598E+00,-1.16787611506886E+00,1.880279E-02,2.702320721000433E-01,-8.976159989833832E-01,-2.591E-05 | 0E+00,-3.4791207985267296E-02,1.0004772033691406E+03,-1.3571326999999999E+03,-1.3427714390299998E+03,7.371992461526723E-01,0E+00,0E+00,-1.1485252449524254E-03,-1.1673190664774748E-03,1.3854791060594149E-05,-8.971878579148341E-04,2.701031779535083E-04,1.2210857779086352E-05,asset13_virtual@a9ywto2zmanagedsub.com,asset13_virtual@a9ywto2zmanagedsub.com,-3.6609999999999995E+03,2026-01-31 18:20:40,7E+00,prod-strategy-ap57,2026-02-02 09:27:51,-1.1678761150687438E+00,8.161044613710366E-04|binance_spot,0E+00,1.305141419966093E+00,6E+00,0E+00,0E+00,5.266800000000001E-04 | 0E+00
fr-VET-USDT-loong_bn_bnfutures_pm_mode_asset10_1,VET-USDT-FTR,-1.1698138934869484E+00,-1.387197534869482E-01,-1.0310941400000002E+00,2.705714702606201E-01,-2.183035969734192E+00,4.958E-05 | 0E+00,7.496301324576221E-02,1.0011459197998047E+03,-2.47494964236E+03,-1.51196073509E+03,4.045116323438231E-01,-2.0617187499999987E-04,0E+00,-1.1684749149463362E-03,-1.3856097372367802E-04,-4.1661216953763774E-04,-2.1805372489264356E-03,2.7026177194501805E-04,2.2268462098996354E-05,asset10_virtual@m6r3teozmanagedsub.com,asset10_virtual@m6r3teozmanagedsub.com,-1.81987E+05,2026-01-28 13:03:48,7E+00,prod-strategy-ap86,2026-02-01 00:52:58,1.0709841067616235E+00,1.8039687312088049E-03|binance_spot,5E-01,1.1908077814934188E+00,0E+00,0E+00,1E+00,-9.995999999999966E-05 | 0E+00
fr-PARTI-USDT-loong_bn_bnfutures_pm_mode_asset13_2,PARTI-USDT-FTR,-1.195661619885489E+00,-3.8877127498854893E+00,2.6920511300000003E+00,2.803433269727975E-01,-4.635470069944856E+00,5E-05 | 0E+00,6.7031863052E-02,1.039716847896576E+03,-1.5673056E+03,-1.3406372610399999E+03,6.633785063337846E-01,0E+00,0E+00,-1.1499877320487793E-03,-3.739203378064537E-03,1.7176300078299985E-03,-4.458396609925822E-03,2.6963430239680425E-04,1.4101897167436612E-05,asset13_virtual@a9ywto2zmanagedsub.com,asset13_virtual@a9ywto2zmanagedsub.com,-1.7906E+04,2026-01-27 07:58:59,4.2E+01,prod-strategy-ap57,2026-01-28 13:54:21,-2.847925038009951E-01,1.6025641025640969E-03|binance_spot,0E+00,1.2188831102807922E+00,0E+00,0E+00,0E+00,2.1999999999999993E-03 | 0E+00
fr-BIGTIME-USDT-loong_bn_bnfutures_pm_mode_0,BIGTIME-USDT-FTR,-1.3558433699999999E+00,0E+00,-1.3558433699999999E+00,0E+00,0E+00,-1.0916E-04 | 0E+00,-2.2808124089182202E-01,0E+00,-2.5615467841500003E+03,-2.0894214079500002E+03,0E+00,0E+00,0E+00,0E+00,0E+00,-5.293065027699309E-04,0E+00,0E+00,2.3047623475384288E-05,asset30_virtual@l2s0mfw9managedsub.com,asset30_virtual@l2s0mfw9managedsub.com,-1.19585E+05,2026-01-18 21:16:12,0E+00,prod-strategy-ap85,2026-01-27 15:06:02,0E+00,1.7162471395881784E-03|binance_spot,0E+00,1.4366808529365331E+00,0E+00,0E+00,0E+00,-9.562799999999997E-04 | 0E+00
fr-GALA-USDT-loong_bn_bnfutures_pm_mode_asset13_0,GALA-USDT-FTR,-1.4381369400000001E+00,0E+00,-1.4381369400000001E+00,0E+00,0E+00,1E-04 | 0E+00,1.41412476E-01,0E+00,-1.8253451400000001E+03,-1.4141247600000002E+03,0E+00,0E+00,0E+00,0E+00,0E+00,-7.878712406137067E-04,0E+00,0E+00,1.642361863529371E-05,asset13_virtual@a9ywto2zmanagedsub.com,asset13_virtual@a9ywto2zmanagedsub.com,-2.95842E+05,2026-01-09 16:24:14,0E+00,prod-strategy-ap57,2026-01-25 02:50:24,0E+00,2.0920502092049986E-03|binance_spot,0E+00,1.3092031293253457E+00,0E+00,0E+00,0E+00,-7.204399999999999E-04 | 0E+00
fr-TAO-USDT-loong_bn_bnfutures_pm_mode_0,TAO-USDT-FTR,-1.47058637E+00,0E+00,-1.47058637E+00,0E+00,0E+00,2.418E-05 | 0E+00,6.61892210730185E-02,0E+00,-3.41394264E+03,-2.7373540559561E+03,0E+00,0E+00,0E+00,0E+00,0E+00,-4.307589567468538E-04,0E+00,0E+00,3.071709055643461E-05,asset30_virtual@l2s0mfw9managedsub.com,asset30_virtual@l2s0mfw9managedsub.com,-1.4239E+01,2026-01-03 15:01:48,0E+00,prod-strategy-ap85,2026-01-22 10:25:39,0E+00,9.359400998336653E-04|binance_spot,0E+00,1.2272398403729439E+00,0E+00,0E+00,0E+00,-3.3332E-04 | 0E+00
fr-LDO-USDT-loong_bn_bnfutures_pm_mode_asset10_0,LDO-USDT-FTR,-1.568398213838822E+00,-2.029713153838822E+00,4.6131493999999995E-01,2.5369153022766113E+00,-2.5223566591739655E+01,4.705E-05 | 0E+00,1.53097938669376E-01,9.391864654541016E+03,-5.67067788868E+03,-3.25394131072E+03,1.6562155070189006E+00,0E+00,0E+00,-1.6699540203451432E-04,-2.161139697490684E-04,8.13509335314024E-05,-2.6856825049692266E-03,2.701183838983454E-04,5.102215959403318E-05,asset10_virtual@m6r3teozmanagedsub.com,asset10_virtual@m6r3teozmanagedsub.com,-7.838000000000001E+03,2026-01-18 23:48:47,1.61E+02,prod-strategy-ap86,2026-02-02 09:44:55,-6.528992764651966E-01,9.613073780341264E-04|binance_spot,1.6666666666666666E-01,1.2426543467363533E+00,0E+00,3E+01,2E+00,1.4841E-04 | 0E+00
fr-ETC-USDT-loong_bn_bnfutures_pm_mode_asset13_0,ETC-USDT-FTR,-1.732717109647186E+00,-3.7413125196471864E+00,2.0085954100000003E+00,7.13938252069056E-01,-2.5175000429153442E+00,6.605E-05 | 0E+00,9.411205057382163E-01,2.642926315307617E+03,-1.5040041659999999E+04,-1.42486072026982E+04,1.7572599697889515E-01,0E+00,0E+00,-6.556055307374358E-04,-1.4155947133212925E-03,1.335498568027238E-04,-9.525426525643889E-04,2.701317278253211E-04,1.35323398884865E-04,asset13_virtual@a9ywto2zmanagedsub.com,asset13_virtual@a9ywto2zmanagedsub.com,-1.47718E+03,2026-01-22 07:46:01,5.4E+01,prod-strategy-ap57,2026-02-02 09:27:51,-1.1054589664563281E+00,1.5535991714137332E-03|binance_spot,0E+00,1.0210805764386235E+00,0E+00,5.1E+01,0E+00,1.5653999999999993E-04 | 0E+00
fr-ALGO-USDT-loong_bn_bnfutures_pm_mode_asset13_0,ALGO-USDT-FTR,-1.7443474788822262E+00,-1.0208767588822263E+00,-7.2347072E-01,2.701904121786356E-01,-7.506999969482422E-01,8.053E-05 | 0E+00,7.15563464121E-02,1.0003799285888672E+03,-9.059393699999999E+02,-8.885675699999999E+02,1.1042460033378032E+00,1.2672363281249998E-02,0E+00,-1.7436850030995697E-03,-1.0204890459190557E-03,-7.985862453466395E-04,-7.504148928769265E-04,2.7008779810263223E-04,8.151227071269514E-06,asset13_virtual@a9ywto2zmanagedsub.com,asset13_virtual@a9ywto2zmanagedsub.com,-8.6859E+03,2026-01-29 08:01:00,9E+00,prod-strategy-ap57,2026-02-01 09:27:56,-4.32433904752084E-01,9.765625E-04|binance_spot,0E+00,1.1265747543716302E+00,0E+00,0E+00,0E+00,-3.0579999999999995E-05 | 0E+00
fr-SEI-USDT-loong_bn_bnfutures_pm_mode_0,SEI-USDT-FTR,-1.7575646254140707E+00,-6.776518954140707E-01,-1.07991273E+00,1.7513846792280674E-01,-1.0049799680709839E+00,1E-04 | 0E+00,4.333562010000001E-02,5.002337646484375E+02,-4.7536499999999995E+02,-4.3335620100000006E+02,1.0523150939771282E+00,-9.44921875E-03,0E+00,-3.5134865929117775E-03,-1.3546704427085646E-03,-2.2717548199804364E-03,-2.009020660125332E-03,3.5011324764511534E-04,4.277116311584994E-06,asset30_virtual@l2s0mfw9managedsub.com,asset30_virtual@l2s0mfw9managedsub.com,-5.025E+03,2025-12-09 16:10:01,8.5E+01,prod-strategy-ap85,2026-01-30 19:47:32,-6.776518954140707E-01,1.1587485515642815E-03|binance_spot,0E+00,1.228907737021422E+00,0E+00,0E+00,0E+00,-1.7264399999999999E-03 | 0E+00
fr-VET-USDT-loong_bn_bnfutures_pm_mode_asset13_1,VET-USDT-FTR,-1.847565627049133E+00,-7.500436770491329E-01,-1.0975219500000002E+00,1.3515320874284953E-01,-5.123979896306992E-01,4.958E-05 | 0E+00,8.818628002424342E-02,5.0030639266967773E+02,-2.05520515953E+03,-1.7786663982300001E+03,2.4343379557498368E-01,-1.8935888671875E-03,0E+00,-3.6928683185324987E-03,-1.4991686855065666E-03,-5.340206280189516E-04,-1.0241683838907187E-03,2.701408791154165E-04,1.8491793698483066E-05,asset13_virtual@a9ywto2zmanagedsub.com,asset13_virtual@a9ywto2zmanagedsub.com,-2.14089E+05,2026-01-29 12:55:10,8E+00,prod-strategy-ap57,2026-01-31 18:27:09,-7.500436770367434E-01,1.8039687312088049E-03|binance_spot,0E+00,1.1908077814934188E+00,0E+00,0E+00,0E+00,-9.995999999999966E-05 | 0E+00
fr-SSV-USDT-loong_bn_bnfutures_pm_mode_asset13_0,SSV-USDT-FTR,-1.882184137377367E+00,-1.600815977377367E+00,-2.8136816E-01,1.7162438802188262E-01,-1.282233014702797E+00,-9.403E-05 | 0E+00,-5.379231870959063E-02,6.350371170043945E+02,-5.864103E+02,-5.720761321875E+02,1.082922856239726E+00,0E+00,0E+00,-2.9638962620894206E-03,-2.520822696047685E-03,-4.7981449166223714E-04,-2.0191465669776336E-03,2.702588296436458E-04,5.276251005882742E-06,asset13_virtual@a9ywto2zmanagedsub.com,asset13_virtual@a9ywto2zmanagedsub.com,-1.4697E+02,2026-01-31 06:29:07,7E+00,prod-strategy-ap57,2026-02-02 03:28:05,0E+00,1.5459933006958249E-03|binance_spot,0E+00,1.2402394946860948E+00,8E+00,0E+00,0E+00,6.834900000000001E-04 | 0E+00
fr-UNI-USDC-loong_bn_bnfutures_pm_mode_usdc_1,UNI-USDC-FTR,-1.89850038E+00,0E+00,-1.89850038E+00,0E+00,0E+00,3.335E-05 | 0E+00,-4.3020588974714995E-02,0E+00,1.5932947536E+03,1.2899726828999999E+03,0E+00,0E+00,0E+00,0E+00,0E+00,-1.1915562865630464E-03,0E+00,0E+00,1.4335735655307717E-05,asset30_virtual@l2s0mfw9managedsub.com,asset30_virtual@l2s0mfw9managedsub.com,3.3E+02,2026-01-22 18:50:42,0E+00,prod-strategy-ap85,2026-01-24 06:01:16,0E+00,1.7875383043923776E-03|binance_spot,0E+00,1.1812866035403091E+00,0E+00,0E+00,0E+00,1.18242E-03 | 0E+00
fr-UNI-USDC-loong_bn_bnfutures_pm_mode_usdc_0,UNI-USDC-FTR,-1.89850038E+00,0E+00,-1.89850038E+00,0E+00,0E+00,3.335E-05 | 0E+00,-4.3020588974714995E-02,0E+00,1.5932947536E+03,1.2899726828999999E+03,0E+00,0E+00,0E+00,0E+00,0E+00,-1.1915562865630464E-03,0E+00,0E+00,1.4335735655307717E-05,asset30_virtual@l2s0mfw9managedsub.com,asset30_virtual@l2s0mfw9managedsub.com,3.3E+02,2026-01-03 06:49:44,0E+00,prod-strategy-ap85,2026-01-22 11:06:08,0E+00,1.7875383043923776E-03|binance_spot,0E+00,1.2642030598886975E+00,0E+00,0E+00,0E+00,1.18242E-03 | 0E+00
fr-ICP-USDT-loong_bn_bnfutures_pm_mode_2,ICP-USDT-FTR,-1.99277213E+00,0E+00,-1.99277213E+00,0E+00,0E+00,-2.8738E-04 | 0E+00,-4.75135668010724E-01,0E+00,-2.0872035011999997E+03,-1.6533358898E+03,0E+00,0E+00,0E+00,0E+00,0E+00,-9.547569888869446E-04,0E+00,0E+00,1.8779700105350264E-05,asset30_virtual@l2s0mfw9managedsub.com,asset30_virtual@l2s0mfw9managedsub.com,-6.2E+02,2026-01-04 02:22:30,0E+00,prod-strategy-ap85,2026-01-13 08:42:03,0E+00,1.1240164855752521E-03|binance_spot,0E+00,1.206424182760774E+00,0E+00,0E+00,0E+00,-1.13532E-03 | 0E+00
fr-ICP-USDT-loong_bn_bnfutures_pm_mode_1,ICP-USDT-FTR,-1.9927721300000003E+00,0E+00,-1.9927721300000003E+00,0E+00,0E+00,-2.8738E-04 | 0E+00,-4.75135668010724E-01,0E+00,-2.0872035011999997E+03,-1.6533358898E+03,0E+00,0E+00,0E+00,0E+00,0E+00,-9.547569888869447E-04,0E+00,0E+00,1.8779700105350264E-05,asset30_virtual@l2s0mfw9managedsub.com,asset30_virtual@l2s0mfw9managedsub.com,-6.2E+02,2025-12-24 04:48:42,0E+00,prod-strategy-ap85,2026-01-04 09:34:36,0E+00,1.1240164855752521E-03|binance_spot,0E+00,1.2001076468933713E+00,0E+00,0E+00,0E+00,-1.13532E-03 | 0E+00
fr-PARTI-USDT-loong_bn_bnfutures_pm_mode_asset10_2,PARTI-USDT-FTR,-2.0074566808622283E+00,-5.337093580862228E+00,3.3296368999999997E+00,4.160099762957543E-01,-5.9371402114629745E+00,5E-05 | 0E+00,8.643838477999999E-02,1.5417645797729492E+03,-2.06223045E+03,-1.7287676955999998E+03,7.47619927623971E-01,-1.712635498046875E-02,0E+00,-1.3020513684118104E-03,-3.4616786835563475E-03,1.6145804170431097E-03,-3.850873401396547E-03,2.698271719000178E-04,1.8555004040983796E-05,asset10_virtual@m6r3teozmanagedsub.com,asset10_virtual@m6r3teozmanagedsub.com,-2.309E+04,2026-01-27 14:35:10,1.2E+01,prod-strategy-ap86,2026-01-28 13:54:23,-1.5898740889377754E+00,1.6025641025640969E-03|binance_spot,0E+00,1.2188831102807922E+00,0E+00,0E+00,0E+00,2.1999999999999993E-03 | 0E+00
fr-DOT-USDT-loong_bn_bnfutures_pm_mode_asset13_0,DOT-USDT-FTR,-2.2273067299999996E+00,0E+00,-2.2273067299999996E+00,0E+00,0E+00,-3.792E-05 | 0E+00,-5.822842733493697E-02,0E+00,-1.911297E+03,-1.5355597925880002E+03,0E+00,0E+00,0E+00,0E+00,0E+00,-1.1653378464990002E-03,0E+00,0E+00,1.7196974062001755E-05,asset13_virtual@a9ywto2zmanagedsub.com,asset13_virtual@a9ywto2zmanagedsub.com,-1.0086E+03,2026-01-19 00:03:22,0E+00,prod-strategy-ap57,2026-01-25 06:57:06,0E+00,1.3140604467805073E-03|binance_spot,0E+00,1.1715568439879582E+00,0E+00,0E+00,0E+00,-1.3123100000000001E-03 | 0E+00
fr-DOT-USDT-loong_bn_bnfutures_pm_mode_asset10_0,DOT-USDT-FTR,-2.2889187300000002E+00,0E+00,-2.2889187300000002E+00,0E+00,0E+00,-3.792E-05 | 0E+00,-5.98391482576464E-02,0E+00,-1.9641675E+03,-1.57803661017E+03,0E+00,0E+00,0E+00,0E+00,0E+00,-1.1653378492414727E-03,0E+00,0E+00,1.7672678579481278E-05,asset10_virtual@m6r3teozmanagedsub.com,asset10_virtual@m6r3teozmanagedsub.com,-1.0365E+03,2026-01-19 00:03:22,0E+00,prod-strategy-ap86,2026-01-25 06:17:33,0E+00,1.3140604467805073E-03|binance_spot,0E+00,1.1715568439879582E+00,0E+00,0E+00,0E+00,-1.3123100000000001E-03 | 0E+00
fr-FF-USDT-loong_bn_bnfutures_pm_mode_asset13_1,FF-USDT-FTR,-2.4608851961090834E+00,-4.565128176109083E+00,2.10424298E+00,1.6240002768463455E+00,-1.9017138183116913E+01,2.33E-05 | 0E+00,3.395068956200001E-02,6.007985641479492E+03,-1.7170004764799999E+03,-1.4571111400000002E+03,3.499117049633198E+00,2.9449731445312502E-02,0E+00,-4.0960237639700483E-04,-7.598433898695039E-04,1.225534301722432E-03,-3.1653101917923127E-03,2.7030695040849474E-04,1.5448783029780933E-05,asset13_virtual@a9ywto2zmanagedsub.com,asset13_virtual@a9ywto2zmanagedsub.com,-1.8173E+04,2026-01-23 02:21:14,1.4E+01,prod-strategy-ap57,2026-02-02 09:27:55,-5.242155779707783E+00,2.245508982035904E-03|binance_spot,6.153846153846154E-01,1.0056512648522908E+00,4E+00,0E+00,8E+00,1.0505500000000001E-03 | 0E+00
fr-TIA-USDT-loong_bn_bnfutures_pm_mode_asset10_1,TIA-USDT-FTR,-2.4810970000447377E+00,-2.5316534000447377E+00,5.05564E-02,5.405034977011383E-01,-1.9911459982395172E+00,-2.591E-05 | 0E+00,-8.38277098164553E-02,2.0010167541503906E+03,-3.2699446999999996E+03,-3.23534194583E+03,6.119420778432096E-01,0E+00,0E+00,-1.2399181540577273E-03,-1.2651835097301069E-03,1.546093424760364E-05,-9.950671298026865E-04,2.7011442886725357E-04,2.9421463116449248E-05,asset10_virtual@m6r3teozmanagedsub.com,asset10_virtual@m6r3teozmanagedsub.com,-8.821E+03,2026-01-31 08:41:23,1.35E+02,prod-strategy-ap86,2026-02-02 09:45:02,-2.531653400044946E+00,8.161044613710366E-04|binance_spot,0E+00,1.305141419966093E+00,0E+00,3.5E+01,0E+00,5.266800000000001E-04 | 0E+00
fr-ETC-USDT-loong_bn_bnfutures_pm_mode_asset10_0,ETC-USDT-FTR,-2.805329877120945E+00,-3.040812577120945E+00,2.354827E-01,9.30834854952991E-01,-1.83929992467165E+00,6.605E-05 | 0E+00,2.171958675389697E-01,3.446637722015381E+03,-3.3177361199999996E+03,-3.2883552996058997E+03,1.0388522767794388E+00,0E+00,0E+00,-8.139323315595123E-04,-8.822547718600566E-04,7.097692266134778E-05,-5.336504944871726E-04,2.7007040775051236E-04,2.9851468400885017E-05,asset10_virtual@m6r3teozmanagedsub.com,asset10_virtual@m6r3teozmanagedsub.com,-3.4091E+02,2026-01-25 21:45:07,3.4E+01,prod-strategy-ap86,2026-02-02 09:44:56,-1.7798144835978158E+00,1.5535991714137332E-03|binance_spot,0E+00,1.0527425348028543E+00,0E+00,5.1E+01,0E+00,1.5653999999999993E-04 | 0E+00
fr-GALA-USDT-loong_bn_bnfutures_pm_mode_4,GALA-USDT-FTR,-2.87105785E+00,0E+00,-2.87105785E+00,0E+00,0E+00,1E-04 | 0E+00,2.82344541605E-01,0E+00,-3.6440698700000003E+03,-2.82344541605E+03,0E+00,0E+00,0E+00,0E+00,0E+00,-7.87871240789354E-04,0E+00,0E+00,3.278766985691502E-05,asset30_virtual@l2s0mfw9managedsub.com,asset30_virtual@l2s0mfw9managedsub.com,-5.90611E+05,2026-01-05 22:55:01,0E+00,prod-strategy-ap85,2026-01-27 15:06:02,0E+00,2.0920502092049986E-03|binance_spot,0E+00,1.5903995890159481E+00,0E+00,0E+00,0E+00,-7.204399999999999E-04 | 0E+00
fr-GALA-USDT-loong_bn_bnfutures_pm_mode_2,GALA-USDT-FTR,-2.87105785E+00,0E+00,-2.87105785E+00,0E+00,0E+00,1E-04 | 0E+00,2.82344541605E-01,0E+00,-3.6440698700000003E+03,-2.82344541605E+03,0E+00,0E+00,0E+00,0E+00,0E+00,-7.87871240789354E-04,0E+00,0E+00,3.278766985691502E-05,asset30_virtual@l2s0mfw9managedsub.com,asset30_virtual@l2s0mfw9managedsub.com,-5.90611E+05,2025-12-09 16:30:00,0E+00,prod-strategy-ap85,2026-01-02 12:33:17,0E+00,2.0920502092049986E-03|binance_spot,0E+00,1.5903995890159481E+00,0E+00,0E+00,0E+00,-7.204399999999999E-04 | 0E+00
fr-GALA-USDT-loong_bn_bnfutures_pm_mode_3,GALA-USDT-FTR,-2.87105785E+00,0E+00,-2.87105785E+00,0E+00,0E+00,1E-04 | 0E+00,2.82344541605E-01,0E+00,-3.6440698700000003E+03,-2.82344541605E+03,0E+00,0E+00,0E+00,0E+00,0E+00,-7.87871240789354E-04,0E+00,0E+00,3.278766985691502E-05,asset30_virtual@l2s0mfw9managedsub.com,asset30_virtual@l2s0mfw9managedsub.com,-5.90611E+05,2026-01-04 15:09:21,0E+00,prod-strategy-ap85,2026-01-06 00:12:45,0E+00,2.0920502092049986E-03|binance_spot,0E+00,1.5903995890159481E+00,0E+00,0E+00,0E+00,-7.204399999999999E-04 | 0E+00
fr-STX-USDT-loong_bn_bnfutures_pm_mode_0,STX-USDT-FTR,-3.08490263E+00,0E+00,-3.08490263E+00,0E+00,0E+00,-1.0533E-04 | 0E+00,-2.3297257694350076E-01,0E+00,-2.56300351342E+03,-2.2118349657599997E+03,0E+00,0E+00,0E+00,0E+00,0E+00,-1.203627936460997E-03,0E+00,0E+00,2.3060730457434458E-05,asset30_virtual@l2s0mfw9managedsub.com,asset30_virtual@l2s0mfw9managedsub.com,-8.498E+03,2026-01-10 15:01:00,0E+00,prod-strategy-ap85,2026-01-22 11:52:35,0E+00,1.9186492709133418E-03|binance_spot,0E+00,1.2535057955368385E+00,0E+00,0E+00,0E+00,-1.4266E-03 | 0E+00
fr-STX-USDT-loong_bn_bnfutures_pm_mode_1,STX-USDT-FTR,-3.08490263E+00,0E+00,-3.08490263E+00,0E+00,0E+00,-1.0533E-04 | 0E+00,-2.3297257694350076E-01,0E+00,-2.56300351342E+03,-2.2118349657599997E+03,0E+00,0E+00,0E+00,0E+00,0E+00,-1.203627936460997E-03,0E+00,0E+00,2.3060730457434458E-05,asset30_virtual@l2s0mfw9managedsub.com,asset30_virtual@l2s0mfw9managedsub.com,-8.498E+03,2026-01-22 11:16:16,0E+00,prod-strategy-ap85,2026-01-27 15:06:02,0E+00,1.9186492709133418E-03|binance_spot,0E+00,1.2620122911167082E+00,0E+00,0E+00,0E+00,-1.4266E-03 | 0E+00
fr-ALGO-USDT-loong_bn_bnfutures_pm_mode_asset10_0,ALGO-USDT-FTR,-3.2166755263712155E+00,-2.1037474563712153E+00,-1.1129280700000002E+00,4.0541576873511076E-01,-1.6984000205993652E+00,8.053E-05 | 0E+00,1.0573918850880001E-01,1.5008263549804688E+03,-1.33871136E+03,-1.31304096E+03,1.1210977958538193E+00,-2.183515625E-02,0E+00,-2.1432696165660523E-03,-1.4017260886910483E-03,-8.313428146303324E-04,-1.1316432543733333E-03,2.7012836454380276E-04,1.2045111008088796E-05,asset10_virtual@m6r3teozmanagedsub.com,asset10_virtual@m6r3teozmanagedsub.com,-1.28352E+04,2026-01-29 08:01:13,1E+01,prod-strategy-ap86,2026-02-01 09:45:01,-1.5153095868508826E+00,9.765625E-04|binance_spot,0E+00,1.1265747543716302E+00,0E+00,0E+00,0E+00,-3.0579999999999995E-05 | 0E+00
fr-BEAMX-USDT-loong_bn_bnfutures_pm_mode_asset13_1,BEAMX-USDT-FTR,-3.2386868650141567E+00,-6.412702855014157E+00,3.17401599E+00,1.8234618271817453E+00,-1.8264726921916008E+01,5E-05 | 0E+00,9.962575117000001E-02,6.416092861175537E+03,-2.89462200431E+03,-1.9925150234E+03,2.2165563764879073E+00,0E+00,0E+00,-5.04775559688638E-04,-9.99471640103295E-04,1.0965217514666823E-03,-2.8467055133253793E-03,2.842012836528142E-04,2.604448158889937E-05,asset13_virtual@a9ywto2zmanagedsub.com,asset13_virtual@a9ywto2zmanagedsub.com,-7.61723E+05,2026-01-27 16:15:37,1.4E+01,prod-strategy-ap57,2026-02-02 09:27:55,-2.02699046884666E+00,1.143728555089485E-03|binance_spot,2.6666666666666666E-01,1.4326710970998462E+00,1.1E+01,3.5E+01,4E+00,1.8329599999999987E-03 | 0E+00
fr-GUN-USDT-loong_bn_bnfutures_pm_mode_asset10_0,GUN-USDT-FTR,-3.521357495253077E+00,-3.708233305253077E+00,1.8687581E-01,2.708553755655885E-01,-3.437380015850067E+00,4.445E-05 | 0E+00,4.0665665410188005E-02,1.0017039794921875E+03,-9.5996364E+02,-9.1486311384E+02,1.0434811671535678E+00,0E+00,0E+00,-3.5153673813277894E-03,-3.701925300459484E-03,1.9466967519728143E-04,-3.431532754409783E-03,2.703946286635481E-04,8.637312682196848E-06,asset10_virtual@m6r3teozmanagedsub.com,asset10_virtual@m6r3teozmanagedsub.com,-3.2898E+04,2026-01-31 08:29:02,7E+00,prod-strategy-ap86,2026-02-02 09:45:00,0E+00,3.2292787944026013E-03|binance_spot,0E+00,1.5523855639408473E+00,2E+01,0E+00,0E+00,1.772879999999999E-03 | 0E+00
fr-NEIRO-USDT-loong_bn_bnfutures_pm_mode_asset13_0,NEIROCTO-USDT-FTR,-3.95076191963705E+00,-5.78528588963705E+00,1.83452397E+00,1.4046553964726627E+00,-1.13981549218297E+01,5E-05 | 0E+00,2.300833064505E-01,5.198498924255371E+03,-4.6703636097E+03,-4.60166612901E+03,1.1130822691103692E+00,0E+00,0E+00,-7.599812902150314E-04,-1.1128762309911857E-03,3.92801101436691E-04,-2.1925857998445894E-03,2.702040371536413E-04,4.202179036336466E-05,asset13_virtual@a9ywto2zmanagedsub.com,asset13_virtual@a9ywto2zmanagedsub.com,-5.3253861E+07,2026-01-07 12:55:04,2.86E+02,prod-strategy-ap57,2026-02-02 09:27:52,-1.7209546910599183E+00,1.040462427745581E-03|binance_spot,1.5384615384615385E-01,1.5122226774225784E+00,0E+00,1.2E+02,2E+00,6.649700000000003E-04 | 0E+00
fr-WLD-USDT-loong_bn_bnfutures_pm_mode_asset10_0,WLD-USDT-FTR,-4.2690727299999995E+00,0E+00,-4.2690727299999995E+00,0E+00,0E+00,-1.1411E-04 | 0E+00,-1.506709243391455E-01,0E+00,-1.611914E+03,-1.32040070405E+03,0E+00,0E+00,0E+00,0E+00,0E+00,-2.6484494396103015E-03,0E+00,0E+00,1.4503263097350907E-05,asset10_virtual@m6r3teozmanagedsub.com,asset10_virtual@m6r3teozmanagedsub.com,-3.2950000000000005E+03,2026-01-22 22:46:19,0E+00,prod-strategy-ap86,2026-01-24 21:13:13,0E+00,9.950248756218638E-04|binance_spot,0E+00,1.247560681000238E+00,0E+00,0E+00,0E+00,-3.0589600000000003E-03 | 0E+00
fr-AVAX-USDT-loong_bn_bnfutures_pm_mode_0,AVAX-USDT-FTR,-4.339591479999999E+00,0E+00,-4.339591479999999E+00,0E+00,0E+00,-2.0197E-04 | 0E+00,-4.028171895705732E-01,0E+00,-2.21534097354E+03,-1.9944407068899998E+03,0E+00,0E+00,0E+00,0E+00,0E+00,-1.958881965273976E-03,0E+00,0E+00,1.9932622329474224E-05,asset30_virtual@l2s0mfw9managedsub.com,asset30_virtual@l2s0mfw9managedsub.com,-1.99E+02,2026-01-11 13:27:28,0E+00,prod-strategy-ap85,2026-01-22 10:25:39,0E+00,1.5977631316157481E-03|binance_spot,0E+00,1.0291209064050733E+00,0E+00,0E+00,0E+00,-2.04535E-03 | 0E+00
fr-CRV-USDC-loong_bn_bnfutures_pm_mode_usdc_1,CRV-USDC-FTR,-4.74981523E+00,0E+00,-4.74981523E+00,0E+00,0E+00,8.723E-05 | 0E+00,-3.384400803605536E-01,0E+00,4.98919758E+03,3.8798587683200003E+03,0E+00,0E+00,0E+00,0E+00,0E+00,-9.520198696961607E-04,0E+00,0E+00,4.489051224035925E-05,asset30_virtual@l2s0mfw9managedsub.com,asset30_virtual@l2s0mfw9managedsub.com,1.3940199999999999E+04,2026-01-23 01:18:52,0E+00,prod-strategy-ap85,2026-01-27 15:06:02,0E+00,1.0760401721665591E-03|binance_spot,0E+00,1.3564020796327108E+00,0E+00,0E+00,0E+00,9.031700000000001E-04 | 0E+00
fr-CRV-USDC-loong_bn_bnfutures_pm_mode_usdc_0,CRV-USDC-FTR,-4.74981523E+00,0E+00,-4.74981523E+00,0E+00,0E+00,8.723E-05 | 0E+00,-3.384400803605536E-01,0E+00,4.98919758E+03,3.8798587683200003E+03,0E+00,0E+00,0E+00,0E+00,0E+00,-9.520198696961607E-04,0E+00,0E+00,4.489051224035925E-05,asset30_virtual@l2s0mfw9managedsub.com,asset30_virtual@l2s0mfw9managedsub.com,1.3940199999999999E+04,2026-01-16 15:22:12,0E+00,prod-strategy-ap85,2026-01-22 14:06:03,0E+00,1.0760401721665591E-03|binance_spot,0E+00,1.3564020796327108E+00,0E+00,0E+00,0E+00,9.031700000000001E-04 | 0E+00
fr-WLD-USDT-loong_bn_bnfutures_pm_mode_asset13_1,WLD-USDT-FTR,-4.77436509E+00,0E+00,-4.77436509E+00,0E+00,0E+00,-1.1411E-04 | 0E+00,-1.6850450870705652E-01,0E+00,-1.8023335E+03,-1.47668485415E+03,0E+00,0E+00,0E+00,0E+00,0E+00,-2.648990927594699E-03,0E+00,0E+00,1.6216570449583104E-05,asset13_virtual@a9ywto2zmanagedsub.com,asset13_virtual@a9ywto2zmanagedsub.com,-3.6849999999999995E+03,1970-01-01 00:00:00,0E+00,prod-strategy-ap57,2026-01-25 02:50:23,0E+00,9.950248756218638E-04|binance_spot,0E+00,1.2847643895001823E+00,0E+00,0E+00,0E+00,-3.0589600000000003E-03 | 0E+00
fr-WLD-USDT-loong_bn_bnfutures_pm_mode_asset13_0,WLD-USDT-FTR,-4.77436509E+00,0E+00,-4.77436509E+00,0E+00,0E+00,-1.1411E-04 | 0E+00,-1.6850450870705652E-01,0E+00,-1.8023335E+03,-1.47668485415E+03,0E+00,0E+00,0E+00,0E+00,0E+00,-2.648990927594699E-03,0E+00,0E+00,1.6216570449583104E-05,asset13_virtual@a9ywto2zmanagedsub.com,asset13_virtual@a9ywto2zmanagedsub.com,-3.6849999999999995E+03,2026-01-10 03:42:56,0E+00,prod-strategy-ap57,2026-01-24 23:50:22,0E+00,9.950248756218638E-04|binance_spot,0E+00,1.2792553614744446E+00,0E+00,0E+00,0E+00,-3.0589600000000003E-03 | 0E+00
fr-XLM-USDT-loong_bn_bnfutures_pm_mode_0,XLM-USDT-FTR,-5.11303936E+00,0E+00,-5.11303936E+00,0E+00,0E+00,-8.971E-05 | 0E+00,-3.2917766371861773E-01,0E+00,-2.410157737911E+04,-3.6693530678700004E+03,0E+00,0E+00,0E+00,0E+00,0E+00,-2.1214542432528577E-04,0E+00,0E+00,2.168549425033801E-04,asset30_virtual@l2s0mfw9managedsub.com,asset30_virtual@l2s0mfw9managedsub.com,-2.0791E+04,2025-12-13 16:05:51,0E+00,prod-strategy-ap85,2026-01-29 10:32:44,0E+00,1.1878499915152219E-03|binance_spot,0E+00,1.0725112729773625E+00,0E+00,0E+00,0E+00,-7.8585E-04 | 0E+00
fr-CFX-USDT-loong_bn_bnfutures_pm_mode_7,CFX-USDT-FTR,-5.38639053E+00,0E+00,-5.38639053E+00,0E+00,0E+00,-1.0057E-04 | 0E+00,-9.10324416088141E+00,0E+00,-9.08065222722E+04,-9.051649757265E+04,0E+00,0E+00,0E+00,0E+00,0E+00,-5.931722078127662E-05,0E+00,0E+00,8.170354519342666E-04,asset30_virtual@l2s0mfw9managedsub.com,asset30_virtual@l2s0mfw9managedsub.com,-1.621693E+06,2026-01-04 12:23:29,0E+00,prod-strategy-ap85,2026-01-11 22:56:57,0E+00,2.151308712800226E-03|binance_spot,0E+00,1.1780208754051873E+00,0E+00,0E+00,0E+00,-1.9442E-04 | 0E+00
fr-CFX-USDT-loong_bn_bnfutures_pm_mode_6,CFX-USDT-FTR,-5.386390530000002E+00,0E+00,-5.386390530000002E+00,0E+00,0E+00,-1.0057E-04 | 0E+00,-9.10324416088141E+00,0E+00,-9.08065222722E+04,-9.051649757265E+04,0E+00,0E+00,0E+00,0E+00,0E+00,-5.931722078127664E-05,0E+00,0E+00,8.170354519342666E-04,asset30_virtual@l2s0mfw9managedsub.com,asset30_virtual@l2s0mfw9managedsub.com,-1.621693E+06,2025-12-24 04:02:00,0E+00,prod-strategy-ap85,2026-01-04 18:12:50,0E+00,2.151308712800226E-03|binance_spot,0E+00,1.3681001753750015E+00,0E+00,0E+00,0E+00,-1.9442E-04 | 0E+00
fr-QNT-USDT-loong_bn_bnfutures_pm_mode_asset10_0,QNT-USDT-FTR,-5.570971448280044E+00,-4.932588148280044E+00,-6.383833E-01,2.0511336805066094E+00,-2.0718529734760523E+01,4.073E-05 | 0E+00,7.24863128114168E-02,7.593355010986328E+03,-3.4773130000000006E+03,-1.779678684297E+03,2.1836846470209403E+00,0E+00,0E+00,-7.336640312773169E-04,-6.495927216814446E-04,-1.8358522801945062E-04,-2.7285079789874486E-03,2.701221894062583E-04,3.1287267999929636E-05,asset10_virtual@m6r3teozmanagedsub.com,asset10_virtual@m6r3teozmanagedsub.com,-2.61E+01,2026-01-23 01:47:09,9E+00,prod-strategy-ap86,2026-01-31 22:05:07,-8.257921540655877E-02,1.4660606949128407E-03|binance_spot,2.1428571428571427E-01,1.2593115633655405E+00,0E+00,0E+00,3E+00,-1.564299999999999E-04 | 0E+00
fr-ORDI-USDT-loong_bn_bnfutures_pm_mode_asset10_0,ORDI-USDT-FTR,-5.72870490860509E+00,-3.2308115086050893E+00,-2.4978934000000006E+00,2.5672296604607254E+00,-1.1226720090955496E+01,-1.1647E-04 | 0E+00,-1.0544669706977888E-01,9.507994686126709E+03,-9.706144036026E+03,-9.05355001887E+02,9.795851628449128E-01,0E+00,0E+00,-6.02514525693199E-04,-3.3979946510900204E-04,-2.573517754041817E-04,-1.1807663404920293E-03,2.700074774133622E-04,8.733143369638112E-05,asset10_virtual@m6r3teozmanagedsub.com,asset10_virtual@m6r3teozmanagedsub.com,-2.897E+02,2026-01-23 01:45:08,7.1E+01,prod-strategy-ap86,2026-01-28 10:50:28,-2.4389982887079222E+00,9.575486753909956E-04|binance_spot,5E-01,1.4112824981864884E+00,0E+00,0E+00,8E+00,-3.730400000000001E-04 | 0E+00
fr-SSV-USDT-loong_bn_bnfutures_pm_mode_6,SSV-USDT-FTR,-6.0676305999999895E+00,0E+00,-6.0676305999999895E+00,0E+00,0E+00,-9.403E-05 | 0E+00,-1.0541753569877836E+01,0E+00,-1.1576058244352641E+05,-1.121105346153125E+05,0E+00,0E+00,0E+00,0E+00,0E+00,-5.24153427006129E-05,0E+00,0E+00,1.041560643732261E-03,asset30_virtual@l2s0mfw9managedsub.com,asset30_virtual@l2s0mfw9managedsub.com,-2.880191E+04,2026-01-06 00:19:37,0E+00,prod-strategy-ap85,2026-01-09 01:12:23,0E+00,1.5459933006958249E-03|binance_spot,0E+00,1.2402394946860948E+00,0E+00,0E+00,0E+00,6.834900000000001E-04 | 0E+00
fr-SSV-USDT-loong_bn_bnfutures_pm_mode_7,SSV-USDT-FTR,-6.067630599999994E+00,0E+00,-6.067630599999994E+00,0E+00,0E+00,-9.403E-05 | 0E+00,-1.0541753569877836E+01,0E+00,-1.1576058244352641E+05,-1.121105346153125E+05,0E+00,0E+00,0E+00,0E+00,0E+00,-5.2415342700612936E-05,0E+00,0E+00,1.041560643732261E-03,asset30_virtual@l2s0mfw9managedsub.com,asset30_virtual@l2s0mfw9managedsub.com,-2.880191E+04,2026-01-08 17:39:31,0E+00,prod-strategy-ap85,2026-01-15 16:00:24,0E+00,1.5459933006958249E-03|binance_spot,0E+00,1.2277253162607258E+00,0E+00,0E+00,0E+00,6.834900000000001E-04 | 0E+00
fr-SSV-USDT-loong_bn_bnfutures_pm_mode_9,SSV-USDT-FTR,-6.067630599999994E+00,0E+00,-6.067630599999994E+00,0E+00,0E+00,-9.403E-05 | 0E+00,-1.0541753569877836E+01,0E+00,-1.1576058244352641E+05,-1.121105346153125E+05,0E+00,0E+00,0E+00,0E+00,0E+00,-5.2415342700612936E-05,0E+00,0E+00,1.041560643732261E-03,asset30_virtual@l2s0mfw9managedsub.com,asset30_virtual@l2s0mfw9managedsub.com,-2.880191E+04,2026-01-22 12:40:38,0E+00,prod-strategy-ap85,2026-01-27 16:35:13,0E+00,1.5459933006958249E-03|binance_spot,0E+00,1.2277253162607258E+00,0E+00,0E+00,0E+00,6.834900000000001E-04 | 0E+00
fr-SSV-USDT-loong_bn_bnfutures_pm_mode_5,SSV-USDT-FTR,-6.067630599999996E+00,0E+00,-6.067630599999996E+00,0E+00,0E+00,-9.403E-05 | 0E+00,-1.0541753569877836E+01,0E+00,-1.1576058244352641E+05,-1.121105346153125E+05,0E+00,0E+00,0E+00,0E+00,0E+00,-5.241534270061295E-05,0E+00,0E+00,1.041560643732261E-03,asset30_virtual@l2s0mfw9managedsub.com,asset30_virtual@l2s0mfw9managedsub.com,-2.880191E+04,2026-01-03 10:28:12,0E+00,prod-strategy-ap85,2026-01-05 18:12:26,0E+00,1.5459933006958249E-03|binance_spot,0E+00,1.2402394946860948E+00,0E+00,0E+00,0E+00,6.834900000000001E-04 | 0E+00
fr-SSV-USDT-loong_bn_bnfutures_pm_mode_4,SSV-USDT-FTR,-6.0676305999999975E+00,0E+00,-6.0676305999999975E+00,0E+00,0E+00,-9.403E-05 | 0E+00,-1.0541753569877836E+01,0E+00,-1.1576058244352641E+05,-1.121105346153125E+05,0E+00,0E+00,0E+00,0E+00,0E+00,-5.241534270061297E-05,0E+00,0E+00,1.041560643732261E-03,asset30_virtual@l2s0mfw9managedsub.com,asset30_virtual@l2s0mfw9managedsub.com,-2.880191E+04,2025-12-30 04:41:24,0E+00,prod-strategy-ap85,2026-01-01 21:33:23,0E+00,1.5459933006958249E-03|binance_spot,0E+00,1.2277253162607258E+00,0E+00,0E+00,0E+00,6.834900000000001E-04 | 0E+00
fr-SSV-USDT-loong_bn_bnfutures_pm_mode_8,SSV-USDT-FTR,-6.0676305999999975E+00,0E+00,-6.0676305999999975E+00,0E+00,0E+00,-9.403E-05 | 0E+00,-1.0541753569877836E+01,0E+00,-1.1576058244352641E+05,-1.121105346153125E+05,0E+00,0E+00,0E+00,0E+00,0E+00,-5.241534270061297E-05,0E+00,0E+00,1.041560643732261E-03,asset30_virtual@l2s0mfw9managedsub.com,asset30_virtual@l2s0mfw9managedsub.com,-2.880191E+04,2026-01-16 16:29:13,0E+00,prod-strategy-ap85,2026-01-22 11:52:36,0E+00,1.5459933006958249E-03|binance_spot,0E+00,1.236897787856379E+00,0E+00,0E+00,0E+00,6.834900000000001E-04 | 0E+00
fr-SSV-USDT-loong_bn_bnfutures_pm_mode_3,SSV-USDT-FTR,-6.067630600000001E+00,0E+00,-6.067630600000001E+00,0E+00,0E+00,-9.403E-05 | 0E+00,-1.0541753569877836E+01,0E+00,-1.1576058244352641E+05,-1.121105346153125E+05,0E+00,0E+00,0E+00,0E+00,0E+00,-5.2415342700613E-05,0E+00,0E+00,1.041560643732261E-03,asset30_virtual@l2s0mfw9managedsub.com,asset30_virtual@l2s0mfw9managedsub.com,-2.880191E+04,2025-12-23 06:24:56,0E+00,prod-strategy-ap85,2025-12-30 11:56:20,0E+00,1.5459933006958249E-03|binance_spot,0E+00,1.236897787856379E+00,0E+00,0E+00,0E+00,6.834900000000001E-04 | 0E+00
fr-NEIRO-USDT-loong_bn_bnfutures_pm_mode_asset10_0,NEIROCTO-USDT-FTR,-6.078422311204251E+00,-7.7053150112042506E+00,1.6268927E+00,1.5001300746807829E+00,-1.0902234524488449E+01,5E-05 | 0E+00,2.7441005946799996E-01,5.552199577331543E+03,-5.5701335992E+03,-5.488201189359998E+03,9.967803246458876E-01,0E+00,0E+00,-1.094777344824052E-03,-1.3877950358022833E-03,2.9207426914026966E-04,-1.9635883711745464E-03,2.7018662672096604E-04,5.011750817760237E-05,asset10_virtual@m6r3teozmanagedsub.com,asset10_virtual@m6r3teozmanagedsub.com,-6.3513496E+07,2026-01-23 02:18:06,4.1E+01,prod-strategy-ap86,2026-02-02 09:44:54,2.0619396399708267E-01,1.040462427745581E-03|binance_spot,1E-01,1.5122226774225784E+00,0E+00,1.12E+02,1E+00,6.649700000000003E-04 | 0E+00
fr-ORDI-USDT-loong_bn_bnfutures_pm_mode_asset13_0,ORDI-USDT-FTR,-6.284681721755184E+00,-2.976423891755184E+00,-3.3082578299999996E+00,2.997269605704787E+00,-1.0378869902458973E+01,-1.1647E-04 | 0E+00,-1.7718830560430918E-01,1.1101112506687641E+04,-1.2527166763435E+04,-1.521321418428E+03,8.861630659448227E-01,1.5574400232076646E+00,0E+00,-5.661308015722842E-04,-2.6811942406331776E-04,-2.6408667597978573E-04,-9.349396194486303E-04,2.699972281065652E-04,1.1271370273754532E-04,asset13_virtual@a9ywto2zmanagedsub.com,asset13_virtual@a9ywto2zmanagedsub.com,-4.868E+02,2026-01-14 02:48:48,2.77E+02,prod-strategy-ap57,2026-01-28 10:58:25,-2.201016666891635E+00,9.575486753909956E-04|binance_spot,6.111111111111112E-01,1.4023035849788181E+00,0E+00,0E+00,2.2E+01,-3.730400000000001E-04 | 0E+00
fr-ETHFI-USDT-loong_bn_bnfutures_pm_mode_asset13_0,ETHFI-USDT-FTR,-6.66820066423894E+00,-8.06538989423894E+00,1.39718923E+00,3.1625961115641985E+00,-2.787959999591112E+01,-1.754E-05 | 0E+00,-3.1044855975625806E-02,1.1705327733039856E+04,-6.706859602879999E+03,-1.7699461787700002E+03,1.7452769889522453E+00,5.7325927734375E-02,0E+00,-5.696722737131956E-04,-6.89035803027821E-04,2.0832242103294239E-04,-2.3817872196108796E-03,2.70184328341132E-04,6.03452475613234E-05,asset13_virtual@a9ywto2zmanagedsub.com,asset13_virtual@a9ywto2zmanagedsub.com,-3.5838E+03,2026-01-25 16:17:03,5.2E+01,prod-strategy-ap57,2026-02-01 10:20:16,-2.4848540907833216E+00,2.6331780433461738E-03|binance_spot,2.916666666666667E-01,1.3794708158124607E+00,5E+00,3.5E+01,7E+00,-1.5069999999999759E-05 | 0E+00
fr-PENDLE-USDT-loong_bn_bnfutures_pm_mode_asset13_1,PENDLE-USDT-FTR,-6.8823362835039195E+00,-7.98461422350392E+00,1.10227794E+00,4.617032856011065E+00,-4.6376100132241845E+01,9.75E-06 | 0E+00,1.801538875773E-02,1.7093610700130463E+04,-5.2175170065600005E+03,-1.8477321802800002E+03,3.2761964510395676E+00,0E+00,0E+00,-4.0262624463837776E-04,-4.6711103719256807E-04,2.1126484851206092E-04,-2.713066358290697E-03,2.701028435130927E-04,4.694482575437798E-05,asset13_virtual@a9ywto2zmanagedsub.com,asset13_virtual@a9ywto2zmanagedsub.com,-1.159E+03,2026-01-23 22:17:33,2.49E+02,prod-strategy-ap57,2026-02-02 00:27:45,-3.771102075465109E+00,1.1298016570424618E-03|binance_spot,2.727272727272727E-01,1.3682691738789918E+00,6E+00,0E+00,9E+00,2.2365999999999993E-04 | 0E+00
fr-NEAR-USDT-loong_bn_bnfutures_pm_mode_asset10_0,NEAR-USDT-FTR,-6.971170713314053E+00,-8.792280303314053E+00,1.82110959E+00,2.043501006439328E+00,-1.674779960513115E+01,-7.84E-06 | 0E+00,-3.606343552E-02,7.564701416015625E+03,-4.605410597069999E+03,-4.599928E+03,1.642568291484879E+00,0E+00,0E+00,-9.215394408766779E-04,-1.162277242654873E-03,3.954282797626351E-04,-2.213940601763013E-03,2.7013637340833114E-04,4.143737293716298E-05,asset10_virtual@m6r3teozmanagedsub.com,asset10_virtual@m6r3teozmanagedsub.com,-3.8590000000000005E+03,2026-01-22 22:47:00,9.1E+01,prod-strategy-ap86,2026-02-02 09:44:56,-4.173827121965443E+00,1.6736401673640433E-03|binance_spot,1.25E-01,1.2569708368512529E+00,0E+00,2.4E+01,1E+00,6.117100000000002E-04 | 0E+00
fr-SSV-USDT-loong_bn_bnfutures_pm_mode_asset10_0,SSV-USDT-FTR,-7.0299019100077595E+00,-6.21288020000776E+00,-8.1702171E-01,1.3213930784258991E+00,-1.3080785095691681E+01,-9.403E-05 | 0E+00,-1.3992883830620936E-01,4.891034198760986E+03,-2.03207638E+03,-1.4881297278124998E+03,2.406914546568858E+00,0E+00,0E+00,-1.437303773461367E-03,-1.2702589978989777E-03,-4.020625002294451E-04,-2.674441552464579E-03,2.701663952299984E-04,1.8283691544990872E-05,asset10_virtual@m6r3teozmanagedsub.com,asset10_virtual@m6r3teozmanagedsub.com,-3.8231E+02,2026-01-29 14:59:50,1E+01,prod-strategy-ap86,2026-02-02 03:45:01,-1.5968847728799338E+00,1.5459933006958249E-03|binance_spot,1.8181818181818182E-01,1.2402394946860948E+00,3E+00,0E+00,2E+00,6.834900000000001E-04 | 0E+00
fr-AR-USDT-loong_bn_bnfutures_pm_mode_0,AR-USDT-FTR,-7.136635779999998E+00,0E+00,-7.136635779999998E+00,0E+00,0E+00,7.55E-06 | 0E+00,6.37439232522963E-01,0E+00,-8.696851202943001E+04,-8.442903742026E+04,0E+00,0E+00,0E+00,0E+00,0E+00,-8.205999635344999E-05,0E+00,0E+00,7.825027955262816E-04,asset30_virtual@l2s0mfw9managedsub.com,asset30_virtual@l2s0mfw9managedsub.com,-3.36115E+04,2025-11-16 17:36:32,0E+00,prod-strategy-ap85,2026-01-19 09:21:17,0E+00,3.984063745019917E-03|binance_spot,0E+00,1.3628473829200185E+00,0E+00,0E+00,0E+00,1.382999999999991E-05 | 0E+00
fr-MET-USDT-loong_bn_bnfutures_pm_mode_asset13_1,MET-USDT-FTR,-7.323220939383913E+00,-1.1538219969383913E+01,4.21499903E+00,2.912236037082039E+00,-3.866621043533087E+01,5E-05 | 0E+00,1.2105451512E-01,1.0780974384307861E+04,-4.7226031488E+03,-2.4210903024E+03,2.2828457197482868E+00,-5.4470458984375E-02,0E+00,-6.792726407033443E-04,-1.0702390672756123E-03,8.925160334657846E-04,-3.586522799980963E-03,2.701273496504096E-04,4.249181778396629E-05,asset13_virtual@a9ywto2zmanagedsub.com,asset13_virtual@a9ywto2zmanagedsub.com,-1.0060000000000002E+04,2026-01-18 04:26:52,2.81E+02,prod-strategy-ap57,2026-02-02 09:27:58,-2.395073302765864E+00,8.406893652794789E-04|binance_spot,2E-01,1.4551378385841733E+00,0E+00,4.6E+01,4E+00,1.806519999999999E-03 | 0E+00
fr-TRX-USDT-loong_bn_bnfutures_pm_mode_asset13_0,TRX-USDT-FTR,-7.33173446E+00,0E+00,-7.33173446E+00,0E+00,0E+00,-3.2403E-04 | 0E+00,-4.545560205837E-01,0E+00,-1.46158120653E+03,-1.40282079E+03,0E+00,0E+00,0E+00,0E+00,0E+00,-5.016303184006157E-03,0E+00,0E+00,1.3150637550420283E-05,asset13_virtual@a9ywto2zmanagedsub.com,asset13_virtual@a9ywto2zmanagedsub.com,-4.947E+03,2026-01-10 23:10:00,0E+00,prod-strategy-ap57,2026-01-15 23:49:46,0E+00,1.408946812257783E-03|binance_spot,0E+00,2.4763832995979795E-01,0E+00,0E+00,0E+00,-5.279020000000001E-03 | 0E+00
fr-ZEN-USDT-loong_bn_bnfutures_pm_mode_asset13_0,ZEN-USDT-FTR,-7.348457872559992E+00,-6.846188352559992E+00,-5.0226952E-01,2.054402158712037E+00,-1.799983991496265E+01,3.42E-06 | 0E+00,6.659302476592801E-03,7.606251903533936E+03,-2.4571647000000003E+03,-1.9471644668400002E+03,3.095540117247303E+00,0E+00,0E+00,-9.661076132839921E-04,-9.000738391768472E-04,-2.0441019684191294E-04,-2.366453299633655E-03,2.700938891804967E-04,2.2108441342170437E-05,asset13_virtual@a9ywto2zmanagedsub.com,asset13_virtual@a9ywto2zmanagedsub.com,-2.74E+02,2026-01-31 17:42:17,5.2E+01,prod-strategy-ap57,2026-02-02 09:27:51,-2.4676847156368535E+00,9.843903810997645E-04|binance_spot,1.4285714285714285E-01,1.2355409249342963E+00,0E+00,7E+00,2E+00,5.7012E-04 | 0E+00
fr-CHZ-USDT-loong_bn_bnfutures_pm_mode_asset13_0,CHZ-USDT-FTR,-7.377708835784063E+00,-2.2467856815784064E+01,1.5090147980000001E+01,5.188189915148541E+00,-5.271056981384754E+01,2.45E-05 | 0E+00,4.8309372342E-01,1.9208666078567505E+04,-1.9599591099999998E+04,-1.971811116E+04,9.800544297359095E-01,0E+00,0E+00,-3.840823098078583E-04,-1.1696729342831917E-03,7.6992157147605E-04,-2.744103603980108E-03,2.7009631454509895E-04,1.763481341583963E-04,asset13_virtual@a9ywto2zmanagedsub.com,asset13_virtual@a9ywto2zmanagedsub.com,-4.23772E+05,2026-01-22 09:33:40,1.3E+01,prod-strategy-ap57,2026-02-02 09:27:55,-6.844213685952127E+00,1.2925463162429818E-03|binance_spot,2.0930232558139536E-01,1.356245884786384E+00,0E+00,3.3E+01,9E+00,8.450000000000002E-04 | 0E+00
fr-MET-USDT-loong_bn_bnfutures_pm_mode_0,MET-USDT-FTR,-8.574989233947633E+00,-5.0742646886394766E+02,4.9885147963000003E+02,7.931999366072068E+01,-4.510880003934726E+02,5E-05 | 0E+00,1.8721802455000002E+01,2.2621941161626577E+05,-3.627935784E+05,-3.744360491E+05,6.235485551148492E-01,-1.6701715893554688E+01,0E+00,-3.790562963930488E-05,-2.243072180404621E-03,1.3750284165173086E-03,-1.994028705010734E-03,3.506330119683565E-04,3.2642502748686363E-03,asset30_virtual@l2s0mfw9managedsub.com,asset30_virtual@l2s0mfw9managedsub.com,-1.5556130000000002E+06,2025-12-09 04:03:15,3.1E+02,prod-strategy-ap85,2026-02-02 07:47:54,-2.4219992604479063E+02,8.406893652794789E-04|binance_spot,2.3809523809523808E-02,1.4206290313455936E+00,2.47E+02,3.3E+01,1.3E+01,1.806519999999999E-03 | 0E+00
fr-FORM-USDT-loong_bn_bnfutures_pm_mode_asset13_1,FORM-USDT-FTR,-9.061361717302917E+00,-1.0043228637302917E+01,9.8186692E-01,9.856493701227009E-01,-1.8416539818048477E+01,5E-05 | 0E+00,3.3443823E-02,3.651264289855957E+03,-1.212273638718E+03,-6.6887646E+02,3.0119142850596266E+00,5.2470129394531245E-02,0E+00,-2.4817052390530706E-03,-2.7506167288972455E-03,8.099383576783382E-04,-5.043880244224943E-03,2.699474187231692E-04,1.0907482364636124E-05,asset13_virtual@a9ywto2zmanagedsub.com,asset13_virtual@a9ywto2zmanagedsub.com,-2.6691E+03,2026-01-31 10:03:02,2E+01,prod-strategy-ap57,2026-02-02 09:27:53,-7.38044151846341E+00,1.5929908403027326E-03|binance_spot,2.222222222222222E-01,1.2764990830909142E+00,4E+00,0E+00,2E+00,1.5820899999999993E-03 | 0E+00
fr-ZEN-USDT-loong_bn_bnfutures_pm_mode_asset10_0,ZEN-USDT-FTR,-9.277304240290144E+00,-9.034486480290145E+00,-2.4281776000000002E-01,2.8047692256513983E+00,-2.580626959167421E+01,3.42E-06 | 0E+00,1.0266019584353279E-02,1.0383753248214722E+04,-2.4564456E+03,-3.001760112384E+03,4.227145615687448E+00,0E+00,0E+00,-8.93444212176863E-04,-8.700598198289664E-04,-9.884923158892671E-05,-2.4852545100791067E-03,2.701113131837587E-04,2.2101971210083172E-05,asset10_virtual@m6r3teozmanagedsub.com,asset10_virtual@m6r3teozmanagedsub.com,-4.224E+02,2026-01-29 07:01:36,5E+01,prod-strategy-ap86,2026-02-02 09:44:55,-4.871496848413029E+00,9.843903810997645E-04|binance_spot,9.523809523809523E-02,1.2355409249342963E+00,0E+00,2.9E+01,2E+00,5.7012E-04 | 0E+00
fr-WIF-USDT-loong_bn_bnfutures_pm_mode_asset13_0,WIF-USDT-FTR,-9.86360880162569E+00,-8.37699773162569E+00,-1.48661107E+00,9.307086691260338E-01,-1.0637399673461914E+01,-7.59E-06 | 0E+00,-1.1738902623483751E-02,3.45024072265625E+03,-2.05891982841E+03,-1.546627486625E+03,1.6757528268211868E+00,0E+00,0E+00,-2.8588175708597965E-03,-2.42794587537546E-03,-7.22034461705114E-04,-3.0830891316106367E-03,2.697518068853774E-04,1.8525216585861784E-05,asset13_virtual@a9ywto2zmanagedsub.com,asset13_virtual@a9ywto2zmanagedsub.com,-6.1445E+03,2026-01-23 04:39:27,1.52E+02,prod-strategy-ap57,2026-01-26 09:38:46,0E+00,4.366812227074135E-03|binance_spot,0E+00,1.3721622134427096E+00,0E+00,0E+00,0E+00,-7.4671E-04 | 0E+00
fr-FORM-USDT-loong_bn_bnfutures_pm_mode_asset10_1,FORM-USDT-FTR,-1.060290344630764E+01,-1.272833731630764E+01,2.12543387E+00,1.4306383416987956E+00,-2.377107971906662E+01,5E-05 | 0E+00,8.882767600000001E-02,5.2991955490112305E+03,-1.9498809927379998E+03,-1.7765535200000002E+03,2.7177020386101423E+00,0E+00,0E+00,-2.0008515157146863E-03,-2.4019376523447228E-03,1.0900326111777166E-03,-4.485790248578774E-03,2.6997273991252057E-04,1.7544135137608447E-05,asset10_virtual@m6r3teozmanagedsub.com,asset10_virtual@m6r3teozmanagedsub.com,-7.089200000000001E+03,2026-01-31 10:03:02,1.2E+01,prod-strategy-ap86,2026-02-02 09:44:58,-1.1645123285483177E+01,1.5929908403027326E-03|binance_spot,2E-01,1.229441866841642E+00,1.7E+01,0E+00,2E+00,1.5820899999999993E-03 | 0E+00
fr-POL-USDT-loong_bn_bnfutures_pm_mode_0,POL-USDT-FTR,-1.110784256E+01,0E+00,-1.110784256E+01,0E+00,0E+00,-3.1293E-04 | 0E+00,-3.4749753720615983E-01,0E+00,-2.8582987842000002E+03,-1.1104641204299999E+03,0E+00,0E+00,0E+00,0E+00,0E+00,-3.8861726497598946E-03,0E+00,0E+00,2.5717661908818227E-05,asset30_virtual@l2s0mfw9managedsub.com,asset30_virtual@l2s0mfw9managedsub.com,-1.0561E+04,2026-01-16 16:09:43,0E+00,prod-strategy-ap85,2026-01-27 15:06:02,0E+00,1.91387559808609E-03|binance_spot,0E+00,1.0544831492583318E+00,0E+00,0E+00,0E+00,-5.513939999999999E-03 | 0E+00
fr-PAXG-USDT-loong_bn_bnfutures_pm_mode_asset13_0,PAXG-USDT-FTR,-1.218820147E+01,0E+00,-1.218820147E+01,0E+00,0E+00,2.601E-05 | 0E+00,1.2844697226262856E-02,0E+00,-2.9638516622288083E+04,-4.9383687913352003E+02,0E+00,0E+00,0E+00,0E+00,0E+00,-4.112284573929893E-04,0E+00,0E+00,2.6667378308535826E-04,asset13_virtual@a9ywto2zmanagedsub.com,asset13_virtual@a9ywto2zmanagedsub.com,-1.04E-01,2026-01-07 05:27:27,0E+00,prod-strategy-ap57,2026-01-25 05:50:22,0E+00,7.930247567144999E-04|binance_spot,0E+00,7.866231456005124E-01,0E+00,0E+00,0E+00,-2.109899999999999E-04 | 0E+00
fr-RUNE-USDT-loong_bn_bnfutures_pm_mode_2,RUNE-USDT-FTR,-1.2631129966841446E+01,7.439442623158553E+00,-2.0070572589999998E+01,1.6478654427759466E+01,-5.680209995340542E+01,1E-04 | 0E+00,2.3890707821400003E-01,4.723468700316548E+04,-4.4407869999999995E+04,-2.38907078214E+03,1.0636557664928645E+00,5.0876000000000005E+02,0E+00,-2.674121661057044E-04,1.5749956430662895E-04,-4.519598123035399E-04,-1.2025505736832504E-03,3.4886765369388666E-04,3.995616529188011E-04,asset30_virtual@l2s0mfw9managedsub.com,asset30_virtual@l2s0mfw9managedsub.com,-5.118000000000001E+03,2026-01-28 10:24:23,3.21E+02,prod-strategy-ap85,2026-02-01 01:47:35,-2.6596943208716697E+00,2.355964874705574E-03|binance_spot,4.377880184331797E-01,1.074799048599384E+00,0E+00,1.6E+01,9.5E+01,-9.3471E-04 | 0E+00
fr-PAXG-USDT-loong_bn_bnfutures_pm_mode_asset10_0,PAXG-USDT-FTR,-1.3315479250000001E+01,0E+00,-1.3315479250000001E+01,0E+00,0E+00,2.601E-05 | 0E+00,3.964565201567669E-02,0E+00,-3.5762436236120404E+04,-1.52424652117173E+03,0E+00,0E+00,0E+00,0E+00,0E+00,-3.723314363172842E-04,0E+00,0E+00,3.2177400390758437E-04,asset10_virtual@m6r3teozmanagedsub.com,asset10_virtual@m6r3teozmanagedsub.com,-3.21E-01,1970-01-01 00:00:00,0E+00,prod-strategy-ap86,2026-01-25 05:50:12,0E+00,7.930247567144999E-04|binance_spot,0E+00,7.946178924094655E-01,0E+00,0E+00,0E+00,-2.109899999999999E-04 | 0E+00
fr-MET-USDT-loong_bn_bnfutures_pm_mode_asset10_1,MET-USDT-FTR,-1.3372228737039705E+01,-1.7601295137039706E+01,4.2290664E+00,3.8746021958068013E+00,-5.299023994803429E+01,5E-05 | 0E+00,1.7285766498000002E-01,1.4343045913696289E+04,-5.79154516736E+03,-3.4571532996E+03,2.476549089961493E+00,-1.3018366699218753E-01,0E+00,-9.323144342911472E-04,-1.227165780751778E-03,7.30213833750996E-04,-3.6944900174539276E-03,2.7013803198572435E-04,5.2109667949042734E-05,asset10_virtual@m6r3teozmanagedsub.com,asset10_virtual@m6r3teozmanagedsub.com,-1.4365E+04,2026-01-23 02:50:00,4.3E+01,prod-strategy-ap86,2026-02-02 09:44:58,-2.982101537097819E+00,8.406893652794789E-04|binance_spot,2.777777777777778E-01,1.4551378385841733E+00,0E+00,5.1E+01,5E+00,1.806519999999999E-03 | 0E+00
fr-ETHFI-USDT-loong_bn_bnfutures_pm_mode_asset10_0,ETHFI-USDT-FTR,-1.3623449649137175E+01,-1.4096139119137176E+01,4.7268946999999994E-01,5.9851371507538715E+00,-3.68154998421669E+01,-1.754E-05 | 0E+00,-3.4754160995092E-02,2.2151158241271973E+04,-1.340435922976E+04,-1.9814230898E+03,1.6525339153916856E+00,0E+00,0E+00,-6.150220002380735E-04,-6.363612667834809E-04,3.5263861695868865E-05,-1.6620124077111403E-03,2.701952234534798E-04,1.2060627835021796E-04,asset10_virtual@m6r3teozmanagedsub.com,asset10_virtual@m6r3teozmanagedsub.com,-4.012E+03,2026-01-25 16:19:14,7.3E+01,prod-strategy-ap86,2026-02-01 17:02:48,-1.0804380619796406E+01,2.6331780433461738E-03|binance_spot,3.783783783783784E-01,1.3794708158124607E+00,1E+00,1.3E+01,1.4E+01,-1.5069999999999759E-05 | 0E+00
fr-PENGU-USDT-loong_bn_bnfutures_pm_mode_5,PENGU-USDT-FTR,-1.4705533430689634E+01,-3.0256159580689644E+01,1.555062615000001E+01,1.3836166842584146E+02,-1.9029212531383655E+02,4.604E-05 | 0E+00,8.163211602129439E-02,4.949368882929841E+05,-4.9119820736952004E+05,-1.7730694183599999E+03,1.0076113488758145E+00,-1.4656133000000002E+01,0E+00,-2.971193656914194E-05,-6.113134885751157E-05,3.165855639676946E-05,-3.844775562600433E-04,2.7955416478057406E-04,4.419576251851698E-03,asset30_virtual@l2s0mfw9managedsub.com,asset30_virtual@l2s0mfw9managedsub.com,-2.3138299999999997E+05,2026-01-03 15:38:48,3.36E+02,prod-strategy-ap85,2026-01-31 23:55:28,-4.577028440132175E+00,1.0438413361169019E-03|binance_spot,8.343989769820972E-01,1.366797964296941E+00,0E+00,0E+00,1.305E+03,1.7638E-04 | 0E+00
fr-INJ-USDT-loong_bn_bnfutures_pm_mode_0,INJ-USDT-FTR,-1.4778358667755628E+01,-1.1862864487755626E+01,-2.9154941800000014E+00,2.698931240269303E+01,-3.1015769886435013E+01,-2.1307E-04 | 0E+00,-7.369248091649142E-01,7.682875601148605E+04,-6.6003659757338E+04,-3.4586042575909996E+03,1.1640075155521141E+00,1.195460557937622E-06,0E+00,-1.9235452238151862E-04,-1.5440656732724012E-04,-4.4171704883014E-05,-4.0370001411708516E-04,3.5129180535811456E-04,5.938706673238803E-04,asset30_virtual@l2s0mfw9managedsub.com,asset30_virtual@l2s0mfw9managedsub.com,-9.599E+02,2026-01-08 03:48:41,3.66E+02,prod-strategy-ap85,2026-01-27 16:35:15,-2.3343615120589942E+00,1.1061946902655162E-03|binance_spot,7.867647058823529E-01,1.2224937697949632E+00,0E+00,0E+00,2.14E+02,-8.244499999999999E-04 | 0E+00
fr-SOL-USDT-loong_bn_bnfutures_pm_mode_asset13_0,SOL-USDT-FTR,-1.5961932165196947E+01,-1.5088349195196948E+01,-8.735829699999997E-01,5.397187085822225E+00,-3.597520059347153E+01,-8.964E-05 | 0E+00,-1.1993709553546525E-01,1.999370947265625E+04,-1.6646966481096001E+03,-1.3379863401993E+03,1.2010422136285761E+01,0E+00,0E+00,-7.983477096647207E-04,-7.546548185984217E-04,-5.247700660609998E-04,-1.7993259651327756E-03,2.699442588781993E-04,1.4978177163801363E-05,asset13_virtual@a9ywto2zmanagedsub.com,asset13_virtual@a9ywto2zmanagedsub.com,-1.311E+01,2026-01-10 08:15:42,7.04E+02,prod-strategy-ap57,2026-01-26 04:55:46,-1.6695857379585945E+01,6.864764146319313E-04|binance_spot,8.125E-01,1.249456253610945E+00,0E+00,0E+00,1.3E+01,-9.6968E-04 | 0E+00
fr-CHZ-USDT-loong_bn_bnfutures_pm_mode_asset10_0,CHZ-USDT-FTR,-1.615191813535758E+01,-2.887949830535758E+01,1.272758017E+01,7.521727318053308E+00,-7.712684063799679E+01,2.45E-05 | 0E+00,4.1440620721499993E-01,2.785176678466797E+04,-1.745405817E+04,-1.691453907E+04,1.595718686932047E+00,-1.3401959999999999E+01,0E+00,-5.79924363873713E-04,-1.036900047621229E-03,7.292046380294605E-04,-2.7691902360913816E-03,2.70062842914293E-04,1.570436125971839E-04,asset10_virtual@m6r3teozmanagedsub.com,asset10_virtual@m6r3teozmanagedsub.com,-3.63519E+05,2026-01-23 01:50:10,1.2E+01,prod-strategy-ap86,2026-02-02 09:44:58,-1.412055822450194E+01,1.2925463162429818E-03|binance_spot,2.0689655172413793E-01,1.356245884786384E+00,0E+00,3E+01,1.2E+01,8.450000000000002E-04 | 0E+00
fr-IOTA-USDT-loong_bn_bnfutures_pm_mode_0,IOTA-USDT-FTR,-1.648649788E+01,0E+00,-1.648649788E+01,0E+00,0E+00,8.402E-05 | 0E+00,7.483364305279999E-02,0E+00,-2.617480752E+04,-8.9066464E+02,0E+00,0E+00,0E+00,0E+00,0E+00,-6.298612842674307E-04,0E+00,0E+00,2.355089167195514E-04,asset30_virtual@l2s0mfw9managedsub.com,asset30_virtual@l2s0mfw9managedsub.com,-1.24048E+04,2026-01-09 18:11:29,0E+00,prod-strategy-ap85,2026-01-12 10:47:00,0E+00,1.3927576601671099E-03|binance_spot,0E+00,1.1907756736536388E+00,0E+00,0E+00,0E+00,-2.92331E-03 | 0E+00
fr-IOTA-USDT-loong_bn_bnfutures_pm_mode_1,IOTA-USDT-FTR,-1.648649788E+01,0E+00,-1.648649788E+01,0E+00,0E+00,8.402E-05 | 0E+00,7.483364305279999E-02,0E+00,-2.617480752E+04,-8.9066464E+02,0E+00,0E+00,0E+00,0E+00,0E+00,-6.298612842674307E-04,0E+00,0E+00,2.355089167195514E-04,asset30_virtual@l2s0mfw9managedsub.com,asset30_virtual@l2s0mfw9managedsub.com,-1.24048E+04,2026-01-12 03:12:15,0E+00,prod-strategy-ap85,2026-01-27 16:35:13,0E+00,1.3927576601671099E-03|binance_spot,0E+00,1.2976901896441277E+00,0E+00,0E+00,0E+00,-2.92331E-03 | 0E+00
fr-BARD-USDT-loong_bn_bnfutures_pm_mode_asset13_5,BARD-USDT-FTR,-1.7646447645741E+01,-3.3567876495741E+01,1.592142885E+01,6.6151167530042585E+00,-1.0331990871205926E+02,5E-05 | 0E+00,3.789477835815E-01,2.4492420969486237E+04,-1.1259066193920002E+04,-7.578955671629999E+03,2.175351005815417E+00,0E+00,0E+00,-7.204860502653348E-04,-1.3705413824775172E-03,1.4140985207634464E-03,-4.218444099126822E-03,2.7008831675911783E-04,1.0130391524666395E-04,asset13_virtual@a9ywto2zmanagedsub.com,asset13_virtual@a9ywto2zmanagedsub.com,-1.1431E+04,2026-01-25 14:54:05,1.282E+03,prod-strategy-ap57,2026-02-02 09:27:53,-2.2806463613873447E+01,1.2068185246643104E-03|binance_spot,2.1568627450980393E-01,1.5013302531017576E+00,0E+00,2.6E+01,1.1E+01,2.149999999999999E-03 | 0E+00
fr-IOTA-USDT-loong_bn_bnfutures_pm_mode_2,IOTA-USDT-FTR,-1.7683708154210624E+01,-5.345346542106195E-01,-1.7149173500000003E+01,1.767605148513394E+01,-7.077139995992184E+01,8.402E-05 | 0E+00,7.483364305279999E-02,5.0467336655020714E+04,-2.617480752E+04,-8.9066464E+02,1.9280881670842833E+00,1.1042990379333492E-01,0E+00,-3.5039907643811375E-04,-1.0591695334836768E-05,-6.551785905931279E-04,-1.4023208802099762E-03,3.502473610993587E-04,2.355089167195514E-04,asset30_virtual@l2s0mfw9managedsub.com,asset30_virtual@l2s0mfw9managedsub.com,-1.24048E+04,2026-01-27 15:46:01,2.48E+02,prod-strategy-ap85,2026-01-30 13:47:34,1.4563723646327864E+01,1.3927576601671099E-03|binance_spot,3.958333333333333E-01,1.2976901896441277E+00,0E+00,0E+00,3.8E+01,-2.92331E-03 | 0E+00
fr-AAVE-USDT-loong_bn_bnfutures_pm_mode_asset13_0,AAVE-USDT-FTR,-1.862955247080596E+01,-1.975213006080596E+01,1.1225775900000001E+00,5.637865572585724E+00,-1.3304230002686381E+01,5.04E-05 | 0E+00,1.2107032220004623E+00,2.0874154102802277E+04,-2.3969855999999996E+04,-2.4021889325406E+04,8.708502088123633E-01,0E+00,0E+00,-8.924698159771186E-04,-9.462481671606665E-04,4.683288835777738E-05,-6.373542102431992E-04,2.7008833722411114E-04,2.1566977392938776E-04,asset13_virtual@a9ywto2zmanagedsub.com,asset13_virtual@a9ywto2zmanagedsub.com,-1.906E+02,2026-01-23 03:23:38,2.32E+02,prod-strategy-ap57,2026-02-02 09:27:57,-9.470692288479972E+00,7.918283316177277E-04|binance_spot,2E-02,1.1540567750331865E+00,0E+00,3.6E+01,1E+00,-9.436999999999995E-05 | 0E+00
fr-1INCH-USDT-loong_bn_bnfutures_pm_mode_0,1INCH-USDT-FTR,-1.9687692544639425E+01,-1.4306065814639425E+01,-5.381626730000001E+00,5.382897345349193E+00,-4.421461974084377E+01,-5.1116E-04 | 0E+00,-1.0223776588479998E+00,1.5369869876861572E+04,-2.0367176373599998E+03,-2.0001127999999999E+03,7.5463920942836475E+00,-5.8864746093749996E-02,0E+00,-1.2809277308377268E-03,-9.307863976243779E-04,-2.642303788843152E-03,-2.876707486470413E-03,3.5022400244603404E-04,1.8325451450664867E-05,asset30_virtual@l2s0mfw9managedsub.com,asset30_virtual@l2s0mfw9managedsub.com,-1.7332E+04,2026-01-27 18:08:35,5.4E+01,prod-strategy-ap85,2026-01-28 19:33:08,-1.5585380592860465E+00,1.7331022530329143E-03|binance_spot,3.125E-01,1.713915036141263E+00,0E+00,0E+00,5E+00,-3.51701E-03 | 0E+00
fr-RUNE-USDT-loong_bn_bnfutures_pm_mode_1,RUNE-USDT-FTR,-2.0070572589999998E+01,0E+00,-2.0070572589999998E+01,0E+00,0E+00,1E-04 | 0E+00,2.3890707821400003E-01,0E+00,-4.4407869999999995E+04,-2.38907078214E+03,0E+00,0E+00,0E+00,0E+00,0E+00,-4.519598123035399E-04,0E+00,0E+00,3.995616529188011E-04,asset30_virtual@l2s0mfw9managedsub.com,asset30_virtual@l2s0mfw9managedsub.com,-5.118000000000001E+03,1970-01-01 00:00:00,0E+00,prod-strategy-ap85,2026-01-28 16:33:07,0E+00,2.355964874705574E-03|binance_spot,0E+00,1.0039120323763433E+00,0E+00,0E+00,0E+00,-9.3471E-04 | 0E+00
fr-DOGE-USDC-loong_bn_bnfutures_pm_mode_usdc_1,DOGE-USDC-FTR,-2.3062507190070004E+01,-3.9454807670070004E+01,1.639230048E+01,1.2287489664427994E+01,-1.1846510080329608E+01,-7.863E-05 | 0E+00,1.0003433998180442E-01,3.52628376891911E+04,4.295711828973E+04,1.2722159478800002E+03,8.20884619199924E-01,-4.98318569E+02,0E+00,-6.540173367028602E-04,-1.1188778401167595E-03,3.815968373260037E-04,-3.3594885881690814E-04,3.4845436356344063E-04,3.8650845421032314E-04,asset30_virtual@l2s0mfw9managedsub.com,asset30_virtual@l2s0mfw9managedsub.com,1.2157E+04,2026-01-06 16:07:49,1.22E+02,prod-strategy-ap85,2026-02-01 22:48:55,-3.592202347121238E+01,7.642338555597927E-04|binance_spot,1.2345679012345678E-02,1.1537489590462815E+00,8.8E+01,0E+00,1E+00,-4.5899000000000005E-04 | 0E+00
fr-VET-USDT-loong_bn_bnfutures_pm_mode_4,VET-USDT-FTR,-2.388320653999999E+01,0E+00,-2.388320653999999E+01,0E+00,0E+00,4.958E-05 | 0E+00,3.5707781206989764E-01,0E+00,-6.1059206953500005E+04,-7.202053490720001E+03,0E+00,0E+00,0E+00,0E+00,0E+00,-3.9114832523436447E-04,0E+00,0E+00,5.493827480636117E-04,asset30_virtual@l2s0mfw9managedsub.com,asset30_virtual@l2s0mfw9managedsub.com,-8.668880000000001E+05,2025-12-26 08:45:33,0E+00,prod-strategy-ap85,2025-12-27 17:18:11,0E+00,1.8039687312088049E-03|binance_spot,0E+00,1.230482514422131E+00,0E+00,0E+00,0E+00,-9.995999999999966E-05 | 0E+00
fr-VET-USDT-loong_bn_bnfutures_pm_mode_6,VET-USDT-FTR,-2.388320654E+01,0E+00,-2.388320654E+01,0E+00,0E+00,4.958E-05 | 0E+00,3.5707781206989764E-01,0E+00,-6.1059206953500005E+04,-7.202053490720001E+03,0E+00,0E+00,0E+00,0E+00,0E+00,-3.9114832523436463E-04,0E+00,0E+00,5.493827480636117E-04,asset30_virtual@l2s0mfw9managedsub.com,asset30_virtual@l2s0mfw9managedsub.com,-8.668880000000001E+05,1970-01-01 00:00:00,0E+00,prod-strategy-ap85,2026-01-24 17:51:06,0E+00,1.8039687312088049E-03|binance_spot,0E+00,1.1908077814934188E+00,0E+00,0E+00,0E+00,-9.995999999999966E-05 | 0E+00
fr-VET-USDT-loong_bn_bnfutures_pm_mode_5,VET-USDT-FTR,-2.3883206540000003E+01,0E+00,-2.3883206540000003E+01,0E+00,0E+00,4.958E-05 | 0E+00,3.5707781206989764E-01,0E+00,-6.1059206953500005E+04,-7.202053490720001E+03,0E+00,0E+00,0E+00,0E+00,0E+00,-3.9114832523436474E-04,0E+00,0E+00,5.493827480636117E-04,asset30_virtual@l2s0mfw9managedsub.com,asset30_virtual@l2s0mfw9managedsub.com,-8.668880000000001E+05,2026-01-03 14:51:25,0E+00,prod-strategy-ap85,2026-01-22 14:51:48,0E+00,1.8039687312088049E-03|binance_spot,0E+00,1.1908077814934188E+00,0E+00,0E+00,0E+00,-9.995999999999966E-05 | 0E+00
fr-ARKM-USDT-loong_bn_bnfutures_pm_mode_3,ARKM-USDT-FTR,-2.45031744E+01,0E+00,-2.45031744E+01,0E+00,0E+00,-2.7962E-04 | 0E+00,-8.098395544140001E-01,0E+00,-3.75945887013E+03,-2.8962147000000004E+03,0E+00,0E+00,0E+00,0E+00,0E+00,-6.517739719055018E-03,0E+00,0E+00,3.382588717336344E-05,asset30_virtual@l2s0mfw9managedsub.com,asset30_virtual@l2s0mfw9managedsub.com,-2.1991E+04,2026-01-07 08:07:37,0E+00,prod-strategy-ap85,2026-01-15 16:00:24,0E+00,3.039513677811634E-03|binance_spot,0E+00,1.325712150705339E+00,0E+00,0E+00,0E+00,-7.21568E-03 | 0E+00
fr-ARKM-USDT-loong_bn_bnfutures_pm_mode_2,ARKM-USDT-FTR,-2.45031744E+01,0E+00,-2.45031744E+01,0E+00,0E+00,-2.7962E-04 | 0E+00,-8.098395544140001E-01,0E+00,-3.75945887013E+03,-2.8962147000000004E+03,0E+00,0E+00,0E+00,0E+00,0E+00,-6.517739719055018E-03,0E+00,0E+00,3.382588717336344E-05,asset30_virtual@l2s0mfw9managedsub.com,asset30_virtual@l2s0mfw9managedsub.com,-2.1991E+04,2025-12-24 00:56:40,0E+00,prod-strategy-ap85,2026-01-07 06:13:44,0E+00,3.039513677811634E-03|binance_spot,0E+00,1.325712150705339E+00,0E+00,0E+00,0E+00,-7.21568E-03 | 0E+00
fr-ARKM-USDT-loong_bn_bnfutures_pm_mode_4,ARKM-USDT-FTR,-2.45031744E+01,0E+00,-2.45031744E+01,0E+00,0E+00,-2.7962E-04 | 0E+00,-8.098395544140001E-01,0E+00,-3.75945887013E+03,-2.8962147000000004E+03,0E+00,0E+00,0E+00,0E+00,0E+00,-6.517739719055018E-03,0E+00,0E+00,3.382588717336344E-05,asset30_virtual@l2s0mfw9managedsub.com,asset30_virtual@l2s0mfw9managedsub.com,-2.1991E+04,2026-01-18 17:59:25,0E+00,prod-strategy-ap85,2026-01-22 10:25:39,0E+00,3.039513677811634E-03|binance_spot,0E+00,1.352680515988098E+00,0E+00,0E+00,0E+00,-7.21568E-03 | 0E+00
fr-PEOPLE-USDT-loong_bn_bnfutures_pm_mode_6,PEOPLE-USDT-FTR,-2.4551629718634405E+01,-2.2198078188634405E+01,-2.35355153E+00,3.9082753129769117E+00,-1.8238950048573315E+01,-9.361E-05 | 0E+00,-5.819945375099518E+00,1.1162903505086899E+04,-6.0529566979999996E+04,-6.217226124452001E+04,1.84420673433453E-01,-7.369894140625E+00,0E+00,-2.199394602618065E-03,-1.9885577420353773E-03,-3.888267581325427E-05,-1.6338894303137069E-03,3.5011279199859813E-04,5.446172904259557E-04,asset30_virtual@l2s0mfw9managedsub.com,asset30_virtual@l2s0mfw9managedsub.com,-8.218061E+06,2026-01-31 18:28:17,1.422E+03,prod-strategy-ap85,2026-02-02 04:47:46,-1.0903579232293822E+01,1.3192612137202797E-03|binance_spot,0E+00,1.2776766534607304E+00,0E+00,6.5E+01,0E+00,7.601400000000002E-04 | 0E+00
fr-AAVE-USDT-loong_bn_bnfutures_pm_mode_asset10_0,AAVE-USDT-FTR,-2.4673354158522926E+01,-2.4750455548522925E+01,7.710139000000016E-02,8.270604779478163E+00,-1.6158130045980215E+01,5.04E-05 | 0E+00,1.341555721335245E+00,3.062321625137329E+04,-2.6560512E+04,-2.6618169074112004E+04,1.152960313843848E+00,0E+00,0E+00,-8.057074722651464E-04,-8.08225215318884E-04,2.9028578214154967E-06,-5.276431421619735E-04,2.7007629478197835E-04,2.3897930878219676E-04,asset10_virtual@m6r3teozmanagedsub.com,asset10_virtual@m6r3teozmanagedsub.com,-2.112E+02,2026-01-23 03:23:38,1.24E+02,prod-strategy-ap86,2026-02-02 09:45:01,-1.5395197961711931E+01,7.918283316177277E-04|binance_spot,3.4482758620689655E-02,1.1764119053083137E+00,0E+00,3.2E+01,2E+00,-9.436999999999995E-05 | 0E+00
fr-币安人生-USDT-loong_bn_bnfutures_pm_mode_asset13_0,币安人生-USDT-FTR,-2.567560674380354E+01,-1.6708242858380353E+02,1.4140682184E+02,5.4363147200907406E+01,-7.977308956566264E+02,5E-05 | 0E+00,8.845357720400002E-02,1.902343029460907E+05,-7.940619594208E+04,-1.7690715440800002E+03,2.395711073791399E+00,-2.1637944458007812E+01,0E+00,-1.3496833297767328E-04,-8.782981092066869E-04,1.7808033763907307E-03,-4.193412456651892E-03,2.857694241207015E-04,7.144605427509062E-04,asset13_virtual@a9ywto2zmanagedsub.com,asset13_virtual@a9ywto2zmanagedsub.com,-1.3966E+04,2026-01-12 14:24:07,3.3E+01,prod-strategy-ap57,2026-02-02 09:27:53,-8.07482218190058E+01,1.7339218158889391E-03|binance_spot,3.948497854077253E-01,2.4981532448991204E+00,6E+00,0E+00,1.84E+02,2.152929999999999E-03 | 0E+00
fr-UNI-USDT-loong_bn_bnfutures_pm_asset10_mode_0,UNI-USDT-FTR,-2.6244576071536667E+01,-3.478894032153667E+01,8.544364250000005E+00,1.0491508375736885E+01,-2.0731160702183843E+02,3.731E-05 | 0E+00,3.2595662742814078E+00,3.553467060089111E+04,-1.1061735299999999E+05,-8.736441367679999E+04,3.2123956718518765E-01,0E+00,0E+00,-7.385625257738712E-04,-9.79014008945513E-04,7.724253038309464E-05,-5.834065815616133E-03,2.952470980686053E-04,9.952842234086548E-04,asset10_virtual@m6r3teozmanagedsub.com,asset10_virtual@m6r3teozmanagedsub.com,-2.232E+04,2026-01-05 09:06:57,2.85E+02,prod-strategy-ap86,2026-02-02 09:44:59,-2.2682401918689976E+01,7.658922644881994E-04|binance_spot,1.875E-01,1.1372956900154758E+00,0E+00,3.6E+01,3E+00,1.0720000000000006E-04 | 0E+00
fr-EUL-USDT-loong_bn_bnfutures_pm_mode_0,EUL-USDT-FTR,-2.6690843929269448E+01,-6.937483357926945E+01,4.268398965E+01,1.1709193461916584E+01,-8.453538000548724E+01,5E-05 | 0E+00,3.4020272850000004E+00,3.343850348317623E+04,-6.5058293999999994E+04,-6.80405457E+04,5.139775642314911E-01,-1.2466300173699855E+01,0E+00,-7.982068917258303E-04,-2.0746991148743754E-03,6.560883636143304E-04,-2.528085027729161E-03,3.501709778312232E-04,5.853646996966375E-04,asset30_virtual@l2s0mfw9managedsub.com,asset30_virtual@l2s0mfw9managedsub.com,-4.85657E+04,2025-11-16 18:14:14,4.7E+01,prod-strategy-ap85,2026-01-30 22:47:10,-4.067985314049291E+01,1.4194464158978626E-03|binance_spot,1.111111111111111E-01,1.2767480286845954E+00,0E+00,0E+00,1.1E+01,2.149999999999999E-03 | 0E+00
fr-EIGEN-USDT-loong_bn_bnfutures_pm_mode_24,EIGEN-USDT-FTR,-2.708891813E+01,0E+00,-2.708891813E+01,0E+00,0E+00,-1.1705E-04 | 0E+00,-9.79993380972E-01,0E+00,-1.1183580899999999E+04,-8.37243384E+03,0E+00,0E+00,0E+00,0E+00,0E+00,-2.4222043343916796E-03,0E+00,0E+00,1.0062473318254474E-04,asset30_virtual@l2s0mfw9managedsub.com,asset30_virtual@l2s0mfw9managedsub.com,-3.27176E+04,1970-01-01 00:00:00,0E+00,prod-strategy-ap85,2026-01-27 22:33:07,0E+00,3.1225604996096834E-03|binance_spot,0E+00,1.3537832125299014E+00,0E+00,0E+00,0E+00,-3.65064E-03 | 0E+00
fr-XLM-USDT-loong_bn_bnfutures_pm_mode_1,XLM-USDT-FTR,-2.7475044437775665E+01,-2.1865248617775666E+01,-5.60979582E+00,1.402046674216399E+01,-2.2893900014460087E+01,-8.971E-05 | 0E+00,-3.2917766371861773E-01,4.005080925273895E+04,-2.410157737911E+04,-3.6693530678700004E+03,1.66175054116802E+00,0E+00,0E+00,-6.860047262564796E-04,-5.459377482186673E-04,-2.3275637655410393E-04,-5.716214089455494E-04,3.5006700248398033E-04,2.168549425033801E-04,asset30_virtual@l2s0mfw9managedsub.com,asset30_virtual@l2s0mfw9managedsub.com,-2.0791E+04,2026-01-29 09:49:55,1.31E+02,prod-strategy-ap85,2026-01-30 19:47:28,-1.8796989461407147E+01,1.1878499915152219E-03|binance_spot,4.634146341463415E-01,1.0789246876065273E+00,0E+00,0E+00,1.9E+01,-7.8585E-04 | 0E+00
fr-ACT-USDT-loong_bn_bnfutures_pm_asset10_mode_0,ACT-USDT-FTR,-2.778036319E+01,0E+00,-2.778036319E+01,0E+00,0E+00,-7.5195E-04 | 0E+00,-1.176061049172E+00,0E+00,-1.866729880068E+04,-1.56401496E+03,0E+00,0E+00,0E+00,0E+00,0E+00,-1.4881833460011918E-03,0E+00,0E+00,1.6795979551212104E-04,asset10_virtual@m6r3teozmanagedsub.com,asset10_virtual@m6r3teozmanagedsub.com,-1.02357E+05,2026-01-05 11:31:46,0E+00,prod-strategy-ap86,2026-01-28 03:44:11,0E+00,3.911342894393766E-03|binance_spot,0E+00,1.4885320020750403E+00,0E+00,0E+00,0E+00,-1.0574080000000001E-02 | 0E+00
fr-IOTA-USDT-loong_bn_bnfutures_pm_mode_3,IOTA-USDT-FTR,-2.8338312642918837E+01,-1.4083481729188365E+00,-2.692996447E+01,1.753515787422657E-01,-1.849499985575676E+00,8.402E-05 | 0E+00,7.483364305279999E-02,5.0060205841064453E+02,-9.948649599999999E+02,-8.9066464E+02,5.031859383314139E-01,-7.84720458984375E-03,0E+00,-5.660846208441452E-02,-2.8133087933960646E-03,-2.7068964686423377E-02,-3.6945512997841666E-03,3.5028137778535576E-04,8.951338757040068E-06,asset30_virtual@l2s0mfw9managedsub.com,asset30_virtual@l2s0mfw9managedsub.com,-1.24048E+04,2026-01-30 07:22:10,2.5E+01,prod-strategy-ap85,2026-01-30 16:47:37,0E+00,1.3927576601671099E-03|binance_spot,0E+00,1.2976901896441277E+00,0E+00,0E+00,0E+00,-2.92331E-03 | 0E+00
fr-LINK-USDT-loong_bn_bnfutures_pm_mode_asset10_0,LINK-USDT-FTR,-2.86867933905462E+01,-3.50491113605462E+01,6.36231797E+00,9.73700038415609E+00,-1.893950005248189E+01,1E-04 | 0E+00,3.5963699720332998E+00,3.605247150528431E+04,-3.57030035E+04,-3.5963699720332996E+04,1.0097881962587352E+00,-6.671000028401612E-01,0E+00,-7.95695612333859E-04,-9.721694490600722E-04,1.7820119727462145E-04,-5.253315310076835E-04,2.7007858206694405E-04,3.2123925539832783E-04,asset10_virtual@m6r3teozmanagedsub.com,asset10_virtual@m6r3teozmanagedsub.com,-3.7756600000000003E+03,2026-01-24 22:00:55,6.1E+01,prod-strategy-ap86,2026-02-02 09:44:55,-2.653815234932754E+01,1.3631120897557025E-03|binance_spot,0E+00,1.162748087133212E+00,0E+00,1E+02,0E+00,9.383200000000002E-04 | 0E+00
fr-LTC-USDC-loong_bn_bnfutures_pm_mode_usdc_3,LTC-USDC-FTR,-2.8705566610220348E+01,-4.009095150220349E+00,-2.4696471459999998E+01,2.4900779306772165E+00,-1.8303259988315403E+01,-4.425E-05 | 0E+00,1.8231246329067128E+00,7.112543787479401E+03,5.1198996248817515E+04,4.1200556675857915E+04,1.389195943005166E-01,0E+00,0E+00,-4.035907189879425E-03,-5.636654437583609E-04,-4.823624146844555E-04,-2.5733774772024086E-03,3.500966749843617E-04,4.6066509312338164E-04,asset30_virtual@l2s0mfw9managedsub.com,asset30_virtual@l2s0mfw9managedsub.com,6.96576E+02,2025-12-11 00:33:22,7.41E+02,prod-strategy-ap85,2026-02-02 09:48:25,-2.1887813461363614E+00,8.450228156160478E-04|binance_spot,4.117647058823529E-01,9.993988157366291E-01,0E+00,1.9E+01,7E+00,5.625599999999999E-04 | 0E+00
fr-THETA-USDT-loong_bn_bnfutures_pm_mode_5,THETA-USDT-FTR,-2.9469525689999994E+01,0E+00,-2.9469525689999994E+01,0E+00,0E+00,1E-04 | 0E+00,6.05650969586E-02,0E+00,-8.767864287912799E+04,-6.05650969586E+02,0E+00,0E+00,0E+00,0E+00,0E+00,-3.361083694078852E-04,0E+00,0E+00,7.888922273115475E-04,asset30_virtual@l2s0mfw9managedsub.com,asset30_virtual@l2s0mfw9managedsub.com,-2.7781E+03,2025-12-25 10:39:44,0E+00,prod-strategy-ap85,2025-12-30 02:17:29,0E+00,4.587155963302836E-03|binance_spot,0E+00,1.2056684978185108E+00,0E+00,0E+00,0E+00,-1.618E-04 | 0E+00
fr-THETA-USDT-loong_bn_bnfutures_pm_mode_8,THETA-USDT-FTR,-2.9469525689999994E+01,0E+00,-2.9469525689999994E+01,0E+00,0E+00,1E-04 | 0E+00,6.05650969586E-02,0E+00,-8.767864287912799E+04,-6.05650969586E+02,0E+00,0E+00,0E+00,0E+00,0E+00,-3.361083694078852E-04,0E+00,0E+00,7.888922273115475E-04,asset30_virtual@l2s0mfw9managedsub.com,asset30_virtual@l2s0mfw9managedsub.com,-2.7781E+03,2026-01-05 01:33:49,0E+00,prod-strategy-ap85,2026-01-14 01:46:06,0E+00,4.587155963302836E-03|binance_spot,0E+00,1.208431965040624E+00,0E+00,0E+00,0E+00,-1.618E-04 | 0E+00
fr-THETA-USDT-loong_bn_bnfutures_pm_mode_6,THETA-USDT-FTR,-2.9469525689999998E+01,0E+00,-2.9469525689999998E+01,0E+00,0E+00,1E-04 | 0E+00,6.05650969586E-02,0E+00,-8.767864287912799E+04,-6.05650969586E+02,0E+00,0E+00,0E+00,0E+00,0E+00,-3.3610836940788525E-04,0E+00,0E+00,7.888922273115475E-04,asset30_virtual@l2s0mfw9managedsub.com,asset30_virtual@l2s0mfw9managedsub.com,-2.7781E+03,2025-12-29 19:06:45,0E+00,prod-strategy-ap85,2026-01-02 12:33:18,0E+00,4.587155963302836E-03|binance_spot,0E+00,1.208431965040624E+00,0E+00,0E+00,0E+00,-1.618E-04 | 0E+00
fr-THETA-USDT-loong_bn_bnfutures_pm_mode_4,THETA-USDT-FTR,-2.9469525689999998E+01,0E+00,-2.9469525689999998E+01,0E+00,0E+00,1E-04 | 0E+00,6.05650969586E-02,0E+00,-8.767864287912799E+04,-6.05650969586E+02,0E+00,0E+00,0E+00,0E+00,0E+00,-3.3610836940788525E-04,0E+00,0E+00,7.888922273115475E-04,asset30_virtual@l2s0mfw9managedsub.com,asset30_virtual@l2s0mfw9managedsub.com,-2.7781E+03,2025-12-24 07:40:31,0E+00,prod-strategy-ap85,2025-12-25 17:21:05,0E+00,4.587155963302836E-03|binance_spot,0E+00,1.208431965040624E+00,0E+00,0E+00,0E+00,-1.618E-04 | 0E+00
fr-THETA-USDT-loong_bn_bnfutures_pm_mode_7,THETA-USDT-FTR,-2.9469525689999998E+01,0E+00,-2.9469525689999998E+01,0E+00,0E+00,1E-04 | 0E+00,6.05650969586E-02,0E+00,-8.767864287912799E+04,-6.05650969586E+02,0E+00,0E+00,0E+00,0E+00,0E+00,-3.3610836940788525E-04,0E+00,0E+00,7.888922273115475E-04,asset30_virtual@l2s0mfw9managedsub.com,asset30_virtual@l2s0mfw9managedsub.com,-2.7781E+03,2026-01-03 14:41:13,0E+00,prod-strategy-ap85,2026-01-05 00:12:27,0E+00,4.587155963302836E-03|binance_spot,0E+00,1.208431965040624E+00,0E+00,0E+00,0E+00,-1.618E-04 | 0E+00
fr-HBAR-USDT-loong_bn_bnfutures_pm_mode_0,HBAR-USDT-FTR,-3.110796876E+01,0E+00,-3.110796876E+01,0E+00,0E+00,6.684E-05 | 0E+00,5.214852689714303E-01,0E+00,-3.4943662929340004E+04,-7.8019938505599985E+03,0E+00,0E+00,0E+00,0E+00,0E+00,-8.902320521722005E-04,0E+00,0E+00,3.1440705710687153E-04,asset30_virtual@l2s0mfw9managedsub.com,asset30_virtual@l2s0mfw9managedsub.com,-8.7139E+04,2026-01-03 15:22:04,0E+00,prod-strategy-ap85,2026-01-21 18:21:11,0E+00,7.821229050279932E-04|binance_spot,0E+00,1.0744274099398445E+00,0E+00,0E+00,0E+00,-1.7246000000000004E-04 | 0E+00
fr-币安人生-USDT-loong_bn_bnfutures_pm_mode_asset10_0,币安人生-USDT-FTR,-3.142358077146085E+01,-1.7896295737146085E+02,1.475393766E+02,5.5311140659636294E+01,-7.934073770893737E+02,5E-05 | 0E+00,8.8421909734E-02,1.9691884842300415E+05,-8.681768900454999E+04,-1.7684381946800002E+03,2.2681880925520135E+00,-1.1754554199218736E+00,0E+00,-1.595762976632862E-04,-9.088157827686866E-04,1.6994160785858705E-03,-4.029108353229062E-03,2.808829175195137E-04,7.811457591018984E-04,asset10_virtual@m6r3teozmanagedsub.com,asset10_virtual@m6r3teozmanagedsub.com,-1.3961E+04,2026-01-15 14:47:24,2.6E+02,prod-strategy-ap86,2026-02-02 09:44:58,-8.327660705864042E+01,1.7339218158889391E-03|binance_spot,3.311965811965812E-01,2.4981532448991204E+00,1.8E+01,0E+00,1.55E+02,2.152929999999999E-03 | 0E+00
fr-BROCCOLI714-USDT-loong_bn_bnfutures_pm_mode_asset13_1,BROCCOLI714-USDT-FTR,-3.3205360526397236E+01,-3.484138543639724E+01,1.6360249100000002E+00,3.6198969243923784E+00,-3.716953998245299E+01,5E-05 | 0E+00,9.43561153105E-02,1.3409852524518967E+04,-5.55151919984E+03,-1.88712230621E+03,2.4155284421794763E+00,-5.801679999999999E+00,0E+00,-2.476191327658793E-03,-2.5981930355082005E-03,2.9469859530471446E-04,-2.7718082592251567E-03,2.6994308235483224E-04,4.995002434700269E-05,asset13_virtual@a9ywto2zmanagedsub.com,asset13_virtual@a9ywto2zmanagedsub.com,-1.18487E+05,2026-01-27 10:36:06,1.9E+01,prod-strategy-ap57,2026-02-02 09:27:56,-2.447828973084649E+01,0E+00|binance_futures,1.3793103448275862E-01,1.7532357483663639E+00,7E+00,0E+00,4E+00,1.6409499999999993E-03 | 0E+00
fr-XVG-USDT-loong_bn_bnfutures_pm_mode_1,XVG-USDT-FTR,-3.34978205143054E+01,-4.157677664305403E+00,-2.934014285E+01,1.261075033689849E+00,-1.3583166105672717E+01,1E-04 | 0E+00,1.01963116398E-01,3.6021962852478027E+03,-1.11127253497E+03,-1.01963116398E+03,3.241505725996412E+00,0E+00,0E+00,-9.29927684715299E-03,-1.1542063050068877E-03,-2.6402292801011293E-02,-3.770801208501691E-03,3.5008504085531726E-04,9.998720742874616E-06,asset30_virtual@l2s0mfw9managedsub.com,asset30_virtual@l2s0mfw9managedsub.com,-1.84951E+05,2026-01-30 09:03:13,2.9E+01,prod-strategy-ap85,2026-01-30 20:49:49,-8.35438521578898E-01,1.447963800904839E-03|binance_spot,0E+00,1.357068526835612E+00,0E+00,0E+00,0E+00,-1.0819000000000002E-04 | 0E+00
fr-LDO-USDT-loong_bn_bnfutures_pm_mode_1,LDO-USDT-FTR,-3.3888509024794075E+01,-6.931469168479407E+01,3.5426182659999995E+01,2.0034586093970574E+01,-6.00254829172045E+01,4.705E-05 | 0E+00,1.4025591637318207E+01,5.722401258277893E+04,-3.3999748291794996E+05,-2.9809971598976E+05,1.683071653697758E-01,0E+00,0E+00,-5.9220784239434E-04,-1.2112868104893037E-03,1.041954262601092E-04,-1.0489562022651421E-03,3.5010802615403815E-04,3.059141459901768E-03,asset30_virtual@l2s0mfw9managedsub.com,asset30_virtual@l2s0mfw9managedsub.com,-7.180539999999999E+05,2026-01-03 14:41:04,4.22E+02,prod-strategy-ap85,2026-02-02 07:47:49,-4.056259886024055E+01,9.613073780341264E-04|binance_spot,2.1897810218978103E-02,1.3352366263802329E+00,1.8E+02,2E+01,3E+00,1.4841E-04 | 0E+00
fr-EIGEN-USDT-loong_bn_bnfutures_pm_mode_21,EIGEN-USDT-FTR,-3.416819556E+01,0E+00,-3.416819556E+01,0E+00,0E+00,-1.1705E-04 | 0E+00,-9.79993380972E-01,0E+00,-1.1233509117507E+04,-8.37243384E+03,0E+00,0E+00,0E+00,0E+00,0E+00,-3.041631533173384E-03,0E+00,0E+00,1.0107396439121082E-04,asset30_virtual@l2s0mfw9managedsub.com,asset30_virtual@l2s0mfw9managedsub.com,-3.27176E+04,2025-12-16 16:05:30,0E+00,prod-strategy-ap85,2026-01-15 16:00:24,0E+00,3.1225604996096834E-03|binance_spot,0E+00,1.7004430530399863E+00,0E+00,0E+00,0E+00,-3.65064E-03 | 0E+00
fr-EIGEN-USDT-loong_bn_bnfutures_pm_mode_23,EIGEN-USDT-FTR,-3.416819556E+01,0E+00,-3.416819556E+01,0E+00,0E+00,-1.1705E-04 | 0E+00,-9.79993380972E-01,0E+00,-1.1233509117507E+04,-8.37243384E+03,0E+00,0E+00,0E+00,0E+00,0E+00,-3.041631533173384E-03,0E+00,0E+00,1.0107396439121082E-04,asset30_virtual@l2s0mfw9managedsub.com,asset30_virtual@l2s0mfw9managedsub.com,-3.27176E+04,1970-01-01 00:00:00,0E+00,prod-strategy-ap85,2026-01-27 19:33:13,0E+00,3.1225604996096834E-03|binance_spot,0E+00,1.353989781626878E+00,0E+00,0E+00,0E+00,-3.65064E-03 | 0E+00
fr-EIGEN-USDT-loong_bn_bnfutures_pm_mode_22,EIGEN-USDT-FTR,-3.416819556E+01,0E+00,-3.416819556E+01,0E+00,0E+00,-1.1705E-04 | 0E+00,-9.79993380972E-01,0E+00,-1.1233509117507E+04,-8.37243384E+03,0E+00,0E+00,0E+00,0E+00,0E+00,-3.041631533173384E-03,0E+00,0E+00,1.0107396439121082E-04,asset30_virtual@l2s0mfw9managedsub.com,asset30_virtual@l2s0mfw9managedsub.com,-3.27176E+04,2026-01-16 07:30:41,0E+00,prod-strategy-ap85,2026-01-22 14:51:48,0E+00,3.1225604996096834E-03|binance_spot,0E+00,1.3537832125299014E+00,0E+00,0E+00,0E+00,-3.65064E-03 | 0E+00
fr-RUNE-USDT-loong_bn_bnfutures_pm_mode_0,RUNE-USDT-FTR,-3.46415201827365E+01,-1.71227369827365E+01,-1.75187832E+01,3.147342567332089E+00,-1.3775599889457226E+01,1E-04 | 0E+00,2.3890707821400003E-01,8.987907718658447E+03,-4.4407869999999995E+04,-2.38907078214E+03,2.0239447914656677E-01,-2.8277587890625E-01,0E+00,-3.854236299158083E-03,-1.905085979820482E-03,-3.9449726366069804E-04,-1.5326815005966036E-03,3.501752205130414E-04,3.995616529188011E-04,asset30_virtual@l2s0mfw9managedsub.com,asset30_virtual@l2s0mfw9managedsub.com,-5.118000000000001E+03,2026-01-15 15:38:40,1.64E+02,prod-strategy-ap85,2026-01-28 10:33:07,-4.740942823364319E+00,2.355964874705574E-03|binance_spot,0E+00,1.0039120323763433E+00,0E+00,0E+00,0E+00,-9.3471E-04 | 0E+00
fr-HBAR-USDT-loong_bn_bnfutures_pm_mode_2,HBAR-USDT-FTR,-3.5458138187808885E+01,-2.287231060780889E+01,-1.2585827579999998E+01,1.9196524202276123E+01,-2.444288983219307E+01,6.684E-05 | 0E+00,5.214852689714303E-01,5.484037154582143E+04,-3.4943662929340004E+04,-7.8019938505599985E+03,1.5693939028863344E+00,-1.3472046E+01,0E+00,-6.465699846359014E-04,-4.170706718990427E-04,-3.601748221258301E-04,-4.457097780924043E-04,3.5004365691134354E-04,3.1440705710687153E-04,asset30_virtual@l2s0mfw9managedsub.com,asset30_virtual@l2s0mfw9managedsub.com,-8.7139E+04,2026-01-27 17:08:49,2.89E+02,prod-strategy-ap85,2026-01-30 19:47:29,-1.2965655643376204E+01,7.821229050279932E-04|binance_spot,5.290322580645161E-01,1.0977753705252933E+00,0E+00,0E+00,8.2E+01,-1.7246000000000004E-04 | 0E+00
fr-WIF-USDT-loong_bn_bnfutures_pm_mode_0,WIF-USDT-FTR,-3.54736608787492E+01,-2.32332221187492E+01,-1.2240438760000002E+01,9.640572077241814E+00,-3.0957340021151992E+01,-7.59E-06 | 0E+00,-1.5125980573060499E-02,2.7548958741009235E+04,-4.0283084518154006E+04,-1.99288281595E+03,6.838840438992203E-01,3.3073841094970707E-03,0E+00,-1.2876588626176747E-03,-8.433430220418584E-04,-3.0386051382147054E-04,-1.1237208749769936E-03,3.4994324714316365E-04,3.624487243982065E-04,asset30_virtual@l2s0mfw9managedsub.com,asset30_virtual@l2s0mfw9managedsub.com,-7.917400000000001E+03,2025-12-07 16:09:35,2.32E+02,prod-strategy-ap85,2026-01-28 16:33:07,-1.0234438376035541E+01,4.366812227074135E-03|binance_spot,5.652173913043478E-01,1.362410204784875E+00,0E+00,0E+00,3.9E+01,-7.4671E-04 | 0E+00
fr-UNI-USDT-loong_bn_bnfutures_pm_asset13_mode_0,UNI-USDT-FTR,-3.564417819678942E+01,-3.286708376678942E+01,-2.77709443E+00,9.185527065128554E+00,-1.9286703615263104E+02,3.731E-05 | 0E+00,1.0602352666345441E-01,3.402783532333374E+04,-6.0786744004E+03,-2.84169195024E+03,5.597903931339796E+00,0E+00,0E+00,-1.0475006081961174E-03,-9.658881752096537E-04,-4.5685855946113127E-04,-5.667919640494359E-03,2.699415633656193E-04,5.469312513703149E-05,asset13_virtual@a9ywto2zmanagedsub.com,asset13_virtual@a9ywto2zmanagedsub.com,-7.26E+02,2026-01-06 12:27:33,6.42E+02,prod-strategy-ap57,2026-02-02 09:27:57,-2.4638316146856454E+01,7.658922644881994E-04|binance_spot,2.3529411764705882E-01,1.148676790784727E+00,0E+00,3E+01,4E+00,1.0720000000000006E-04 | 0E+00
fr-ACT-USDT-loong_bn_bnfutures_pm_mode_asset13_0,ACT-USDT-FTR,-3.611604554408388E+01,-3.320190688408388E+01,-2.9141386599999994E+00,4.3020174847877115E+00,-4.041406032908703E+01,-7.5195E-04 | 0E+00,-7.9658755668E-01,1.5945746329545975E+04,-1.8131258276779998E+04,-1.0593624E+03,8.794616504893693E-01,8.969625E-02,0E+00,-2.264932904216859E-03,-2.082179547944009E-03,-1.6072456834019205E-04,-2.5344727988180498E-03,2.6979091450968814E-04,1.6313674865666626E-04,asset13_virtual@a9ywto2zmanagedsub.com,asset13_virtual@a9ywto2zmanagedsub.com,-6.933E+04,2026-01-07 14:45:10,4.3E+01,prod-strategy-ap57,2026-01-28 17:45:56,-1.630658932493401E+01,3.911342894393766E-03|binance_spot,2.0463320463320464E-01,1.4885320020750403E+00,0E+00,0E+00,5.3E+01,-1.0574080000000001E-02 | 0E+00
fr-DOT-USDT-loong_bn_bnfutures_pm_mode_0,DOT-USDT-FTR,-3.965011605E+01,0E+00,-3.965011605E+01,0E+00,0E+00,-3.792E-05 | 0E+00,-3.4175864939637884E-01,0E+00,-5.1321554245151994E+04,-9.012622610663999E+03,0E+00,0E+00,0E+00,0E+00,0E+00,-7.725821369438647E-04,0E+00,0E+00,4.6176781378063947E-04,asset30_virtual@l2s0mfw9managedsub.com,asset30_virtual@l2s0mfw9managedsub.com,-5.9196E+03,2026-01-07 10:45:06,0E+00,prod-strategy-ap85,2026-01-27 19:33:13,0E+00,1.3140604467805073E-03|binance_spot,0E+00,1.1838000073767856E+00,0E+00,0E+00,0E+00,-1.3123100000000001E-03 | 0E+00
fr-CRV-USDT-loong_bn_bnfutures_pm_mode_4,CRV-USDT-FTR,-4.011409000754899E+01,-7.011079878754899E+01,2.999670878E+01,1.4814024105202407E+01,-7.59096480794251E+01,1E-04 | 0E+00,6.2058456854464E+00,4.114315613555908E+04,-5.7716040533682004E+04,-6.2058456854464E+04,7.128547931410628E-01,-1.9370859375E-01,0E+00,-9.749881578209627E-04,-1.704069531188781E-03,5.197291515951182E-04,-1.845012760550427E-03,3.60060469264753E-04,5.193024694849473E-04,asset30_virtual@l2s0mfw9managedsub.com,asset30_virtual@l2s0mfw9managedsub.com,-2.230606E+05,2026-01-11 18:44:50,5.2E+01,prod-strategy-ap85,2026-02-02 07:47:53,-5.465115261079692E+01,1.0764262648008671E-03|binance_futures,7.692307692307693E-02,2.267372673191324E+00,5.9E+01,1.7E+01,6E+00,6.790800000000001E-04 | 0E+00
fr-TIA-USDT-loong_bn_bnfutures_pm_mode_1,TIA-USDT-FTR,-4.684727912964276E+01,-4.995835835964276E+01,3.111079229999999E+00,1.8496638576267287E+01,-5.1084715033881366E+01,-2.591E-05 | 0E+00,-1.289041787799905E+00,5.270356540989876E+04,-4.8343568359020006E+04,-4.975074441528E+04,1.0901877374566054E+00,4.22772E+02,0E+00,-8.888825407786154E-04,-9.47912308609383E-04,6.435352903401326E-05,-9.692838546419605E-04,3.5095611525350913E-04,4.349732622060704E-04,asset30_virtual@l2s0mfw9managedsub.com,asset30_virtual@l2s0mfw9managedsub.com,-1.35624E+05,2026-01-27 10:12:41,3.18E+02,prod-strategy-ap85,2026-02-02 07:47:47,-3.492587991194337E+01,8.161044613710366E-04|binance_spot,1.4598540145985401E-02,1.3135716884885311E+00,2.06E+02,2.2E+01,2E+00,5.266800000000001E-04 | 0E+00
fr-SSV-USDT-loong_bn_bnfutures_pm_mode_10,SSV-USDT-FTR,-4.7487137667274546E+01,-4.120218142727455E+01,-6.284956239999991E+00,8.54864844540134E+00,-5.357009108737111E+01,-9.403E-05 | 0E+00,-1.0541753569877836E+01,2.441405230474472E+04,-1.1576058244352641E+05,-1.121105346153125E+05,2.1090125662295342E-01,0E+00,0E+00,-1.945073971109897E-03,-1.6876420560165328E-03,-5.429271438804392E-05,-2.1942318472447974E-03,3.501527865466219E-04,1.041560643732261E-03,asset30_virtual@l2s0mfw9managedsub.com,asset30_virtual@l2s0mfw9managedsub.com,-2.880191E+04,2026-01-27 09:22:27,8.2E+01,prod-strategy-ap85,2026-01-29 01:32:49,-2.1735789022233472E+01,1.5459933006958249E-03|binance_spot,6.779661016949153E-02,1.236897787856379E+00,0E+00,0E+00,4E+00,6.834900000000001E-04 | 0E+00
fr-ETHFI-USDT-loong_bn_bnfutures_pm_mode_0,ETHFI-USDT-FTR,-4.9267427100000006E+01,0E+00,-4.9267427100000006E+01,0E+00,0E+00,-1.754E-05 | 0E+00,-6.022475345056351E-02,0E+00,-1.2584571912E+05,-3.4335663312750003E+03,0E+00,0E+00,0E+00,0E+00,0E+00,-3.914906875220851E-04,0E+00,0E+00,1.1323020794364235E-03,asset30_virtual@l2s0mfw9managedsub.com,asset30_virtual@l2s0mfw9managedsub.com,-6.9535E+03,2026-01-06 16:07:57,0E+00,prod-strategy-ap85,2026-01-23 20:51:41,0E+00,2.6331780433461738E-03|binance_spot,0E+00,1.3781308528094411E+00,0E+00,0E+00,0E+00,-1.5069999999999759E-05 | 0E+00
fr-SPK-USDT-loong_bn_bnfutures_pm_mode_0,SPK-USDT-FTR,-4.9527192468260324E+01,-5.184857136826032E+01,2.3213789E+00,7.521209307713434E+00,-8.235488990321755E+01,-3.708E-05 | 0E+00,-3.063734992584E-01,2.136227098083496E+04,-9.3316573028E+03,-8.26249998E+03,2.2892258349891534E+00,0E+00,0E+00,-2.318442290742092E-03,-2.427109524768035E-03,2.4876383954900073E-04,-3.8551561290979678E-03,3.520791078093263E-04,8.396197377578725E-05,asset30_virtual@l2s0mfw9managedsub.com,asset30_virtual@l2s0mfw9managedsub.com,-3.96093E+05,2025-12-28 21:29:38,3.1E+02,prod-strategy-ap85,2026-02-02 07:47:53,-3.217659771931365E+01,2.9103053435115545E-03|binance_spot,2.711864406779661E-01,1.379205863894147E+00,4.8E+01,1.3E+01,1.6E+01,1.2824399999999997E-03 | 0E+00
fr-PAXG-USDT-loong_bn_bnfutures_pm_mode_asset10_1,PAXG-USDT-FTR,-5.0999078168968026E+01,-3.768359891896802E+01,-1.331547925E+01,2.1546467843218124E+01,-5.43963758124446E+01,2.601E-05 | 0E+00,3.964565201567669E-02,7.913352601838112E+04,-3.5762436236120404E+04,-1.52424652117173E+03,2.2127554592730876E+00,-5.091200241819024E+00,0E+00,-6.444686687804354E-04,-4.7620270212924527E-04,-3.7233143631728417E-04,-6.873998739776795E-04,2.7227989105670986E-04,3.2177400390758437E-04,asset10_virtual@m6r3teozmanagedsub.com,asset10_virtual@m6r3teozmanagedsub.com,-3.21E-01,2026-01-26 00:45:17,1.4E+01,prod-strategy-ap86,2026-02-01 06:44:53,-8.963324180804891E+00,7.930247567144999E-04|binance_spot,1.0810810810810811E-01,7.866231456005124E-01,0E+00,0E+00,8E+00,-2.109899999999999E-04 | 0E+00
fr-PAXG-USDT-loong_bn_bnfutures_pm_mode_asset13_1,PAXG-USDT-FTR,-5.1076528655999596E+01,-3.88883271859996E+01,-1.218820147E+01,1.5150909011252224E+01,-5.6242357313400184E+01,2.601E-05 | 0E+00,1.2844697226262856E-02,5.5784272904872894E+04,-2.9638516622288083E+04,-4.9383687913352003E+02,1.8821546845877999E+00,0E+00,0E+00,-9.156080378263375E-04,-6.971199078334246E-04,-4.112284573929893E-04,-1.0082117124535878E-03,2.715982161690729E-04,2.6667378308535826E-04,asset13_virtual@a9ywto2zmanagedsub.com,asset13_virtual@a9ywto2zmanagedsub.com,-1.04E-01,2026-01-25 02:44:42,2.7E+01,prod-strategy-ap57,2026-02-01 05:48:06,-1.2868914015008414E+01,7.930247567144999E-04|binance_spot,4.3478260869565216E-02,7.946178924094655E-01,0E+00,0E+00,3E+00,-2.109899999999999E-04 | 0E+00
fr-CAKE-USDT-loong_bn_bnfutures_pm_mode_0,CAKE-USDT-FTR,-5.328534928E+01,0E+00,-5.328534928E+01,0E+00,0E+00,-1.103E-05 | 0E+00,-5.280535768371099E-02,0E+00,-7.325231278365E+04,-4.787430433699999E+03,0E+00,0E+00,0E+00,0E+00,0E+00,-7.274220738583061E-04,0E+00,0E+00,6.590907236929E-04,asset30_virtual@l2s0mfw9managedsub.com,asset30_virtual@l2s0mfw9managedsub.com,-3.13E+03,2026-01-13 07:15:57,0E+00,prod-strategy-ap85,2026-01-23 17:51:17,0E+00,1.2417489053002662E-03|binance_spot,0E+00,1.073602035578646E+00,0E+00,0E+00,0E+00,-1.0613100000000002E-03 | 0E+00
fr-W-USDT-loong_bn_bnfutures_pm_mode_7,W-USDT-FTR,-5.3369388429999994E+01,0E+00,-5.3369388429999994E+01,0E+00,0E+00,5E-05 | 0E+00,4.663093647025E-01,0E+00,-1.9461694135799998E+05,-9.32618729405E+03,0E+00,0E+00,0E+00,0E+00,0E+00,-2.7422786555784175E-04,0E+00,0E+00,1.7510740050131624E-03,asset30_virtual@l2s0mfw9managedsub.com,asset30_virtual@l2s0mfw9managedsub.com,-3.99047E+05,1970-01-01 00:00:00,0E+00,prod-strategy-ap85,2026-01-02 12:33:18,0E+00,5.1325919589391145E-03|binance_spot,0E+00,1.286557407274354E+00,0E+00,0E+00,0E+00,-5.2289999999999975E-05 | 0E+00
fr-W-USDT-loong_bn_bnfutures_pm_mode_6,W-USDT-FTR,-5.3369388429999994E+01,0E+00,-5.3369388429999994E+01,0E+00,0E+00,5E-05 | 0E+00,4.663093647025E-01,0E+00,-1.9461694135799998E+05,-9.32618729405E+03,0E+00,0E+00,0E+00,0E+00,0E+00,-2.7422786555784175E-04,0E+00,0E+00,1.7510740050131624E-03,asset30_virtual@l2s0mfw9managedsub.com,asset30_virtual@l2s0mfw9managedsub.com,-3.99047E+05,2025-12-31 20:58:26,0E+00,prod-strategy-ap85,2026-01-01 15:33:17,0E+00,5.1325919589391145E-03|binance_spot,0E+00,1.286557407274354E+00,0E+00,0E+00,0E+00,-5.2289999999999975E-05 | 0E+00
fr-W-USDT-loong_bn_bnfutures_pm_mode_8,W-USDT-FTR,-5.3369388429999994E+01,0E+00,-5.3369388429999994E+01,0E+00,0E+00,5E-05 | 0E+00,4.663093647025E-01,0E+00,-1.9461694135799998E+05,-9.32618729405E+03,0E+00,0E+00,0E+00,0E+00,0E+00,-2.7422786555784175E-04,0E+00,0E+00,1.7510740050131624E-03,asset30_virtual@l2s0mfw9managedsub.com,asset30_virtual@l2s0mfw9managedsub.com,-3.99047E+05,2026-01-03 15:19:04,0E+00,prod-strategy-ap85,2026-01-12 07:56:14,0E+00,5.1325919589391145E-03|binance_spot,0E+00,1.3545066555639684E+00,0E+00,0E+00,0E+00,-5.2289999999999975E-05 | 0E+00
fr-W-USDT-loong_bn_bnfutures_pm_mode_4,W-USDT-FTR,-5.3369388429999994E+01,0E+00,-5.3369388429999994E+01,0E+00,0E+00,5E-05 | 0E+00,4.663093647025E-01,0E+00,-1.9461694135799998E+05,-9.32618729405E+03,0E+00,0E+00,0E+00,0E+00,0E+00,-2.7422786555784175E-04,0E+00,0E+00,1.7510740050131624E-03,asset30_virtual@l2s0mfw9managedsub.com,asset30_virtual@l2s0mfw9managedsub.com,-3.99047E+05,2025-12-26 06:39:39,0E+00,prod-strategy-ap85,2025-12-30 11:56:21,0E+00,5.1325919589391145E-03|binance_spot,0E+00,1.3545066555639684E+00,0E+00,0E+00,0E+00,-5.2289999999999975E-05 | 0E+00
fr-W-USDT-loong_bn_bnfutures_pm_mode_5,W-USDT-FTR,-5.336938843E+01,0E+00,-5.336938843E+01,0E+00,0E+00,5E-05 | 0E+00,4.663093647025E-01,0E+00,-1.9461694135799998E+05,-9.32618729405E+03,0E+00,0E+00,0E+00,0E+00,0E+00,-2.742278655578418E-04,0E+00,0E+00,1.7510740050131624E-03,asset30_virtual@l2s0mfw9managedsub.com,asset30_virtual@l2s0mfw9managedsub.com,-3.99047E+05,2025-12-30 23:06:34,0E+00,prod-strategy-ap85,2026-01-01 03:33:18,0E+00,5.1325919589391145E-03|binance_spot,0E+00,1.318044353691715E+00,0E+00,0E+00,0E+00,-5.2289999999999975E-05 | 0E+00
fr-BANANAS31-USDT-loong_bn_bnfutures_pm_mode_6,BANANAS31-USDT-FTR,-5.427670358474539E+01,-1.369739651447454E+02,8.269726156E+01,5.0542614292307036E+01,-1.0143156111099233E+02,5E-05 | 0E+00,9.561017674000002E+00,1.4443851791094593E+05,-1.57504962321E+05,-1.9122035348000002E+05,9.170410619608019E-01,8.001187999999999E+00,0E+00,-3.7577721212986884E-04,-9.483202065891951E-04,5.25045435657198E-04,-7.022473130991992E-04,3.4992476399868115E-04,1.4171574337587516E-03,asset30_virtual@l2s0mfw9managedsub.com,asset30_virtual@l2s0mfw9managedsub.com,-5.3235065E+07,2025-11-17 20:07:18,2.97E+02,prod-strategy-ap85,2026-01-29 16:48:46,-8.451123414666797E+01,1.113895850737956E-03|binance_spot,1.3063063063063063E-01,1.2527158968810965E+00,0E+00,0E+00,8.7E+01,2.149999999999999E-03 | 0E+00
fr-BROCCOLI714-USDT-loong_bn_bnfutures_pm_mode_asset10_1,BROCCOLI714-USDT-FTR,-5.6431004675726435E+01,-5.8750698175726434E+01,2.3196935E+00,4.088353690189251E+00,-4.888981004059315E+01,5E-05 | 0E+00,1.1500763943E-01,1.5153272682666779E+04,-5.5907207E+03,-2.3001527886E+03,2.7104327860032034E+00,-4.938899999999999E+00,0E+00,-3.7240143338986833E-03,-3.8770963478357385E-03,4.149185095223949E-04,-3.2263532152045442E-03,2.6980004754126514E-04,5.030274147126077E-05,asset10_virtual@m6r3teozmanagedsub.com,asset10_virtual@m6r3teozmanagedsub.com,-1.4442E+05,2026-01-27 10:36:06,3.6E+01,prod-strategy-ap86,2026-02-02 09:45:02,-5.379197044740404E+01,0E+00|binance_futures,9.67741935483871E-02,1.7483773848051603E+00,0E+00,5.6E+01,3E+00,1.6409499999999993E-03 | 0E+00
fr-AT-USDT-loong_bn_bnfutures_pm_mode_2,AT-USDT-FTR,-5.852020659114163E+01,-4.379357245611416E+02,3.7941551797E+02,1.4929847498296658E+02,-2.710463893477536E+02,5E-05 | 0E+00,2.046150557E+01,4.1497526061380655E+05,-4.065085978388E+05,-4.092301114E+05,1.0208277581827776E+00,-1.7415414639892578E+01,0E+00,-1.4102095268181058E-04,-1.0553297175194814E-03,9.33351766696104E-04,-6.531627667317757E-04,3.597768087720054E-04,3.6575779761149345E-03,asset30_virtual@l2s0mfw9managedsub.com,asset30_virtual@l2s0mfw9managedsub.com,-2.539436E+06,2026-01-29 09:29:34,2.8E+02,prod-strategy-ap85,2026-02-02 07:47:52,-1.870943752808291E+02,1.3052396046988601E-03|binance_spot,8.748019017432647E-02,8.346746304580116E-01,0E+00,1.1E+01,2.76E+02,2.149999999999999E-03 | 0E+00
fr-TRX-USDT-loong_bn_bnfutures_pm_mode_15,TRX-USDT-FTR,-5.924813954E+01,0E+00,-5.924813954E+01,0E+00,0E+00,-3.2403E-04 | 0E+00,-3.8546754840321E+00,0E+00,-1.232476583156E+04,-1.189604507E+04,0E+00,0E+00,0E+00,0E+00,0E+00,-4.807242616186948E-03,0E+00,0E+00,1.1089259195487818E-04,asset30_virtual@l2s0mfw9managedsub.com,asset30_virtual@l2s0mfw9managedsub.com,-4.1951E+04,1970-01-01 00:00:00,0E+00,prod-strategy-ap85,2026-01-27 22:33:07,0E+00,1.408946812257783E-03|binance_spot,0E+00,2.4940678842227024E-01,0E+00,0E+00,0E+00,-5.279020000000001E-03 | 0E+00
fr-ETC-USDT-loong_bn_bnfutures_pm_mode_1,ETC-USDT-FTR,-6.0401777682189575E+01,-1.0783610208218958E+02,4.743432440000001E+01,2.9379329224058893E+01,-6.971860029920938E+01,6.605E-05 | 0E+00,2.3142996637262712E+01,7.903939995908737E+04,-3.4878758099999995E+05,-3.503860202462182E+05,2.2661185278580026E-01,-1.0073638000836969E+03,0E+00,-7.641983329004893E-04,-1.3643335113627893E-03,1.359977447132787E-04,-8.8207400784036E-04,3.7170486161669134E-04,3.138230732118208E-03,asset30_virtual@l2s0mfw9managedsub.com,asset30_virtual@l2s0mfw9managedsub.com,-3.632518E+04,2026-01-03 15:37:41,2.77E+02,prod-strategy-ap85,2026-02-02 07:47:52,-5.966719274816567E+01,1.5535991714137332E-03|binance_spot,1.6489361702127658E-01,1.0210805764386235E+00,4.8E+01,4.7E+01,3.1E+01,1.5653999999999993E-04 | 0E+00
fr-ACT-USDT-loong_bn_bnfutures_pm_mode_asset10_1,ACT-USDT-FTR,-6.086880790005951E+01,-2.485224333005951E+01,-3.601656457E+01,3.733932316350547E+00,-7.142952996492386E+01,-7.5195E-04 | 0E+00,-1.176061049172E+00,1.3841814766049385E+04,-1.764441454464E+04,-1.56401496E+03,7.844870528874667E-01,7.26839916015625E+00,0E+00,-4.397458637385897E-03,-1.7954468940746147E-03,-2.0412445240888468E-03,-5.160416547411339E-03,2.697574255587481E-04,1.5875635197637027E-04,asset10_virtual@m6r3teozmanagedsub.com,asset10_virtual@m6r3teozmanagedsub.com,-1.02357E+05,2026-01-29 15:09:29,4.37E+02,prod-strategy-ap86,2026-01-30 02:18:37,-4.824021530234695E+00,3.911342894393766E-03|binance_spot,2E-01,1.4621889701555149E+00,0E+00,0E+00,5E+00,-1.0574080000000001E-02 | 0E+00
fr-LINK-USDC-loong_bn_bnfutures_pm_mode_usdc_2,LINK-USDC-FTR,-6.167858785295073E+01,-2.679107971295073E+01,-3.488750814E+01,6.701146451960085E+00,-2.3754699977114797E+01,1E-04 | 0E+00,8.648376955894501E-01,1.91419061126709E+04,2.438569679936E+04,-8.6483769558945E+03,7.849644925124007E-01,-6.861600272655487E+00,0E+00,-3.2221758632554813E-03,-1.3996035481135547E-03,-1.4306545524225339E-03,-1.2409788156567375E-03,3.500772813593674E-04,2.1941131877590617E-04,asset30_virtual@l2s0mfw9managedsub.com,asset30_virtual@l2s0mfw9managedsub.com,-9.081500000000001E+02,2025-12-10 20:48:02,7.39E+02,prod-strategy-ap85,2026-02-02 09:48:25,-9.136531808180694E+00,9.442870632669909E-04|binance_spot,1.7543859649122806E-02,1.1629774399583002E+00,0E+00,6.1E+01,1E+00,1.7289000000000002E-03 | 0E+00
fr-TRX-USDT-loong_bn_bnfutures_pm_mode_10,TRX-USDT-FTR,-6.2173760689999995E+01,0E+00,-6.2173760689999995E+01,0E+00,0E+00,-3.2403E-04 | 0E+00,-3.8546754840321E+00,0E+00,-1.2394338628489999E+04,-1.189604507E+04,0E+00,0E+00,0E+00,0E+00,0E+00,-5.016303213394987E-03,0E+00,0E+00,1.1151857608200552E-04,asset30_virtual@l2s0mfw9managedsub.com,asset30_virtual@l2s0mfw9managedsub.com,-4.1951E+04,2025-12-16 16:08:23,0E+00,prod-strategy-ap85,2025-12-30 21:33:48,0E+00,1.408946812257783E-03|binance_spot,0E+00,2.4940678842227024E-01,0E+00,0E+00,0E+00,-5.279020000000001E-03 | 0E+00
fr-TRX-USDT-loong_bn_bnfutures_pm_mode_12,TRX-USDT-FTR,-6.2173760689999995E+01,0E+00,-6.2173760689999995E+01,0E+00,0E+00,-3.2403E-04 | 0E+00,-3.8546754840321E+00,0E+00,-1.2394338628489999E+04,-1.189604507E+04,0E+00,0E+00,0E+00,0E+00,0E+00,-5.016303213394987E-03,0E+00,0E+00,1.1151857608200552E-04,asset30_virtual@l2s0mfw9managedsub.com,asset30_virtual@l2s0mfw9managedsub.com,-4.1951E+04,2026-01-09 15:18:02,0E+00,prod-strategy-ap85,2026-01-18 03:21:40,0E+00,1.408946812257783E-03|binance_spot,0E+00,2.4940678842227024E-01,0E+00,0E+00,0E+00,-5.279020000000001E-03 | 0E+00
fr-TRX-USDT-loong_bn_bnfutures_pm_mode_13,TRX-USDT-FTR,-6.2173760689999995E+01,0E+00,-6.2173760689999995E+01,0E+00,0E+00,-3.2403E-04 | 0E+00,-3.8546754840321E+00,0E+00,-1.2394338628489999E+04,-1.189604507E+04,0E+00,0E+00,0E+00,0E+00,0E+00,-5.016303213394987E-03,0E+00,0E+00,1.1151857608200552E-04,asset30_virtual@l2s0mfw9managedsub.com,asset30_virtual@l2s0mfw9managedsub.com,-4.1951E+04,2026-01-18 05:16:16,0E+00,prod-strategy-ap85,2026-01-22 14:51:48,0E+00,1.408946812257783E-03|binance_spot,0E+00,2.4940678842227024E-01,0E+00,0E+00,0E+00,-5.279020000000001E-03 | 0E+00
fr-TRX-USDT-loong_bn_bnfutures_pm_mode_11,TRX-USDT-FTR,-6.217376069E+01,0E+00,-6.217376069E+01,0E+00,0E+00,-3.2403E-04 | 0E+00,-3.8546754840321E+00,0E+00,-1.2394338628489999E+04,-1.189604507E+04,0E+00,0E+00,0E+00,0E+00,0E+00,-5.016303213394987E-03,0E+00,0E+00,1.1151857608200552E-04,asset30_virtual@l2s0mfw9managedsub.com,asset30_virtual@l2s0mfw9managedsub.com,-4.1951E+04,2026-01-03 15:39:55,0E+00,prod-strategy-ap85,2026-01-09 16:58:14,0E+00,1.408946812257783E-03|binance_spot,0E+00,2.4763832995979795E-01,0E+00,0E+00,0E+00,-5.279020000000001E-03 | 0E+00
fr-TRX-USDT-loong_bn_bnfutures_pm_mode_14,TRX-USDT-FTR,-6.217376069E+01,0E+00,-6.217376069E+01,0E+00,0E+00,-3.2403E-04 | 0E+00,-3.8546754840321E+00,0E+00,-1.2394338628489999E+04,-1.189604507E+04,0E+00,0E+00,0E+00,0E+00,0E+00,-5.016303213394987E-03,0E+00,0E+00,1.1151857608200552E-04,asset30_virtual@l2s0mfw9managedsub.com,asset30_virtual@l2s0mfw9managedsub.com,-4.1951E+04,1970-01-01 00:00:00,0E+00,prod-strategy-ap85,2026-01-27 19:33:13,0E+00,1.408946812257783E-03|binance_spot,0E+00,2.4763832995979795E-01,0E+00,0E+00,0E+00,-5.279020000000001E-03 | 0E+00
fr-DOT-USDT-loong_bn_bnfutures_pm_mode_1,DOT-USDT-FTR,-6.218859728526293E+01,-2.5340862775262927E+01,-3.684773451E+01,2.853200973276398E+01,-3.135084993671662E+01,-3.792E-05 | 0E+00,-3.4175864939637884E-01,8.151046127480268E+04,-5.1321554245151994E+04,-9.012622610663999E+03,1.5882305684945703E+00,2.754069967472552E+00,0E+00,-7.629523414865925E-04,-3.1089092588777365E-04,-7.179777590909722E-04,-3.846236353763355E-04,3.5004107799821855E-04,4.6176781378063947E-04,asset30_virtual@l2s0mfw9managedsub.com,asset30_virtual@l2s0mfw9managedsub.com,-5.9196E+03,2026-01-27 14:03:45,3.32E+02,prod-strategy-ap85,2026-01-30 01:47:28,-1.6777828237507602E+01,1.3140604467805073E-03|binance_spot,6.131386861313869E-01,1.1838000073767856E+00,0E+00,0E+00,8.4E+01,-1.3123100000000001E-03 | 0E+00
fr-PEOPLE-USDT-loong_bn_bnfutures_pm_mode_5,PEOPLE-USDT-FTR,-6.375012977312952E+01,-6.974566977312952E+01,5.99554E+00,1.718612030299846E+01,-5.798486422479618E+01,-9.361E-05 | 0E+00,-5.819945375099518E+00,4.854499634838104E+04,-6.0529566979999996E+04,-6.217226124452001E+04,8.020046858161258E-01,-8.502880993652344E+00,0E+00,-1.313217315243563E-03,-1.436722113904444E-03,9.905142724680369E-05,-1.1944560425686376E-03,3.5402454620993317E-04,5.446172904259557E-04,asset30_virtual@l2s0mfw9managedsub.com,asset30_virtual@l2s0mfw9managedsub.com,-8.218061E+06,2025-12-12 16:09:16,2.47E+02,prod-strategy-ap85,2026-02-01 01:47:34,-3.1044742748247455E+01,1.3192612137202797E-03|binance_spot,1.0843373493975904E-01,1.389079625321033E+00,0E+00,0E+00,1.8E+01,7.601400000000002E-04 | 0E+00
fr-PNUT-USDT-loong_bn_bnfutures_pm_mode_0,PNUT-USDT-FTR,-6.917067828E+01,0E+00,-6.917067828E+01,0E+00,0E+00,-2.097E-05 | 0E+00,-3.5358457770819E-02,0E+00,-1.7182883701089E+05,-1.6861448627E+03,0E+00,0E+00,0E+00,0E+00,0E+00,-4.025557030081986E-04,0E+00,0E+00,1.5460370906144898E-03,asset30_virtual@l2s0mfw9managedsub.com,asset30_virtual@l2s0mfw9managedsub.com,-2.9482E+04,2025-12-03 16:19:08,0E+00,prod-strategy-ap85,2026-01-11 19:56:57,0E+00,1.7482517482516613E-03|binance_spot,0E+00,1.3839228988137706E+00,0E+00,0E+00,0E+00,-9.728999999999984E-05 | 0E+00
fr-PNUT-USDT-loong_bn_bnfutures_pm_mode_1,PNUT-USDT-FTR,-6.917067828E+01,0E+00,-6.917067828E+01,0E+00,0E+00,-2.097E-05 | 0E+00,-3.5358457770819E-02,0E+00,-1.7182883701089E+05,-1.6861448627E+03,0E+00,0E+00,0E+00,0E+00,0E+00,-4.025557030081986E-04,0E+00,0E+00,1.5460370906144898E-03,asset30_virtual@l2s0mfw9managedsub.com,asset30_virtual@l2s0mfw9managedsub.com,-2.9482E+04,2025-12-09 09:03:08,0E+00,prod-strategy-ap85,2026-01-12 04:56:15,0E+00,1.7482517482516613E-03|binance_spot,0E+00,1.4206073164197335E+00,0E+00,0E+00,0E+00,-9.728999999999984E-05 | 0E+00
fr-PNUT-USDT-loong_bn_bnfutures_pm_mode_2,PNUT-USDT-FTR,-6.917067828E+01,0E+00,-6.917067828E+01,0E+00,0E+00,-2.097E-05 | 0E+00,-3.5358457770819E-02,0E+00,-1.7182883701089E+05,-1.6861448627E+03,0E+00,0E+00,0E+00,0E+00,0E+00,-4.025557030081986E-04,0E+00,0E+00,1.5460370906144898E-03,asset30_virtual@l2s0mfw9managedsub.com,asset30_virtual@l2s0mfw9managedsub.com,-2.9482E+04,2026-01-12 01:30:00,0E+00,prod-strategy-ap85,2026-01-22 11:52:36,0E+00,1.7482517482516613E-03|binance_spot,0E+00,1.3864893796924664E+00,0E+00,0E+00,0E+00,-9.728999999999984E-05 | 0E+00
fr-THETA-USDT-loong_bn_bnfutures_pm_mode_10,THETA-USDT-FTR,-6.961492462478209E+01,-3.664834000478209E+01,-3.296658462E+01,3.408498620381579E+00,-3.6274299904704094E+01,1E-04 | 0E+00,6.05650969586E-02,9.730584023237228E+03,-8.767864287912799E+04,-6.05650969586E+02,1.1098009393977067E-01,-4.554779202461242E+00,0E+00,-7.154239093823907E-03,-3.7663042544274447E-03,-3.7599332673804117E-04,-3.7278646192334245E-03,3.502871577124123E-04,7.888922273115475E-04,asset30_virtual@l2s0mfw9managedsub.com,asset30_virtual@l2s0mfw9managedsub.com,-2.7781E+03,2026-01-29 09:01:01,1.02E+02,prod-strategy-ap85,2026-01-30 10:47:40,-1.323902118242223E+01,4.587155963302836E-03|binance_spot,0E+00,1.208431965040624E+00,0E+00,0E+00,0E+00,-1.618E-04 | 0E+00
fr-ALGO-USDT-loong_bn_bnfutures_pm_mode_6,ALGO-USDT-FTR,-7.108433843E+01,0E+00,-7.108433843E+01,0E+00,0E+00,8.053E-05 | 0E+00,9.598793820726E-01,0E+00,-1.5502086112203597E+05,-1.191952542E+04,0E+00,0E+00,0E+00,0E+00,0E+00,-4.5854692017251007E-04,0E+00,0E+00,1.3948066301494894E-03,asset30_virtual@l2s0mfw9managedsub.com,asset30_virtual@l2s0mfw9managedsub.com,-1.1651540000000001E+05,2026-01-08 03:48:59,0E+00,prod-strategy-ap85,2026-01-12 01:56:21,0E+00,9.765625E-04|binance_spot,0E+00,1.1324356167619911E+00,0E+00,0E+00,0E+00,-3.0579999999999995E-05 | 0E+00
fr-ALGO-USDT-loong_bn_bnfutures_pm_mode_5,ALGO-USDT-FTR,-7.108433843E+01,0E+00,-7.108433843E+01,0E+00,0E+00,8.053E-05 | 0E+00,9.598793820726E-01,0E+00,-1.5502086112203597E+05,-1.191952542E+04,0E+00,0E+00,0E+00,0E+00,0E+00,-4.5854692017251007E-04,0E+00,0E+00,1.3948066301494894E-03,asset30_virtual@l2s0mfw9managedsub.com,asset30_virtual@l2s0mfw9managedsub.com,-1.1651540000000001E+05,2026-01-03 14:14:27,0E+00,prod-strategy-ap85,2026-01-08 03:14:03,0E+00,9.765625E-04|binance_spot,0E+00,1.1324356167619911E+00,0E+00,0E+00,0E+00,-3.0579999999999995E-05 | 0E+00
fr-ALGO-USDT-loong_bn_bnfutures_pm_mode_4,ALGO-USDT-FTR,-7.108433843000002E+01,0E+00,-7.108433843000002E+01,0E+00,0E+00,8.053E-05 | 0E+00,9.598793820726E-01,0E+00,-1.5502086112203597E+05,-1.191952542E+04,0E+00,0E+00,0E+00,0E+00,0E+00,-4.585469201725102E-04,0E+00,0E+00,1.3948066301494894E-03,asset30_virtual@l2s0mfw9managedsub.com,asset30_virtual@l2s0mfw9managedsub.com,-1.1651540000000001E+05,2025-12-23 23:37:09,0E+00,prod-strategy-ap85,2025-12-30 21:33:47,0E+00,9.765625E-04|binance_spot,0E+00,1.2237890843277273E+00,0E+00,0E+00,0E+00,-3.0579999999999995E-05 | 0E+00
fr-ENA-USDT-loong_bn_bnfutures_pm_mode_4,ENA-USDT-FTR,-7.159045456988817E+01,-1.3282679570988816E+02,6.123634113999999E+01,4.562659678442287E+01,-8.753007196355611E+01,2.085E-05 | 0E+00,2.4386355239399995E+00,1.3033547067332268E+05,-1.1307022216206E+05,-1.1696093639999999E+05,1.1526949198571215E+00,-7.322820703124999E+00,0E+00,-5.492783675851752E-04,-1.0191147123932965E-03,5.415779678245601E-04,-6.7157521671859E-04,3.500704493466936E-04,1.0173540154699776E-03,asset30_virtual@l2s0mfw9managedsub.com,asset30_virtual@l2s0mfw9managedsub.com,-8.438740000000001E+05,2026-01-27 22:02:06,5.82E+02,prod-strategy-ap85,2026-02-02 07:47:49,-6.904483269480475E+01,7.215007215006786E-04|binance_spot,3.90625E-03,1.3163821123971364E+00,9.8E+01,2.7E+01,1E+00,1.4431499999999996E-03 | 0E+00
fr-THETA-USDT-loong_bn_bnfutures_pm_mode_9,THETA-USDT-FTR,-7.651406529520729E+01,-4.704453960520729E+01,-2.9469525689999998E+01,1.2210129888975644E+01,-5.25264998935163E+01,1E-04 | 0E+00,6.05650969586E-02,3.489889717459679E+04,-8.767864287912799E+04,-6.05650969586E+02,3.9803190410585737E-01,4.046413916587829E+00,0E+00,-2.1924493749018105E-03,-1.3480236744974115E-03,-3.3610836940788525E-04,-1.5051048642233543E-03,3.498715110649257E-04,7.888922273115475E-04,asset30_virtual@l2s0mfw9managedsub.com,asset30_virtual@l2s0mfw9managedsub.com,-2.7781E+03,2026-01-15 15:25:14,2.36E+02,prod-strategy-ap85,2026-01-29 16:48:46,-2.492071729225428E+01,4.587155963302836E-03|binance_spot,5.862068965517241E-01,1.208431965040624E+00,0E+00,0E+00,8.5E+01,-1.618E-04 | 0E+00
fr-BARD-USDT-loong_bn_bnfutures_pm_mode_asset10_5,BARD-USDT-FTR,-7.656995329935096E+01,-9.910716983935096E+01,2.253721654E+01,1.7891759606805863E+01,-2.459442802630365E+02,5E-05 | 0E+00,1.31874226497E-01,6.214693255519867E+04,-1.2788642486429999E+04,-2.63748452994E+03,4.859541004539195E+00,0E+00,0E+00,-1.232079366609797E-03,-1.5947234362906704E-03,1.762283726667173E-03,-3.957464514352172E-03,2.8789449247417756E-04,1.1506634140447576E-04,asset10_virtual@m6r3teozmanagedsub.com,asset10_virtual@m6r3teozmanagedsub.com,-3.978E+03,2026-01-25 07:35:36,2.7E+01,prod-strategy-ap86,2026-02-02 09:44:57,-6.560516542772532E+01,1.2068185246643104E-03|binance_spot,2.6282051282051283E-01,1.496357851480554E+00,0E+00,2.8E+01,4.1E+01,2.149999999999999E-03 | 0E+00
fr-CAKE-USDT-loong_bn_bnfutures_pm_mode_1,CAKE-USDT-FTR,-7.853891372252932E+01,-2.525356444252933E+01,-5.328534927999999E+01,4.28401171816804E+01,-6.625574974942725E+01,-1.103E-05 | 0E+00,-5.280535768371099E-02,1.2236564108508825E+05,-7.325231278365E+04,-4.787430433699999E+03,1.6704679543223977E+00,0E+00,0E+00,-6.418379622423295E-04,-2.0637790329532942E-04,-7.27422073858306E-04,-5.414571374929962E-04,3.500992337537877E-04,6.590907236929E-04,asset30_virtual@l2s0mfw9managedsub.com,asset30_virtual@l2s0mfw9managedsub.com,-3.13E+03,2026-01-23 10:36:06,2.47E+02,prod-strategy-ap85,2026-01-30 19:47:29,-9.323952153913527E+00,1.2417489053002662E-03|binance_spot,6.178010471204188E-01,1.073602035578646E+00,0E+00,0E+00,2.36E+02,-1.0613100000000002E-03 | 0E+00
fr-BB-USDT-loong_bn_bnfutures_pm_mode_0,BB-USDT-FTR,-8.500882583491124E+01,-8.051167459491124E+01,-4.49715124E+00,1.7834853369917255E+01,-1.292965101338923E+02,-3.563E-05 | 0E+00,-5.69606650821663E-02,5.0931899164676666E+04,-2.333589264E+04,-1.59867148701E+03,2.1825562857353233E+00,-1.0640703125000003E-01,0E+00,-1.6690684468697035E-03,-1.5807711064257613E-03,-1.9271391539963823E-04,-2.5386155288622076E-03,3.501705937226556E-04,2.0996566229305942E-04,asset30_virtual@l2s0mfw9managedsub.com,asset30_virtual@l2s0mfw9managedsub.com,-4.357700000000001E+04,2026-01-06 10:59:59,8.3E+01,prod-strategy-ap85,2026-02-01 14:36:17,-4.449022338602268E+01,3.808487486398393E-03|binance_spot,2.535211267605634E-01,1.3058885176794108E+00,0E+00,4E+00,3.6E+01,3.355000000000003E-04 | 0E+00
fr-NEAR-USDC-loong_bn_bnfutures_pm_mode_usdc_2,NEAR-USDC-FTR,-8.598358468943331E+01,-7.239622559433318E+00,-7.874396213E+01,1.7667162526631728E+00,-5.473500093445182E+00,-7.75E-05 | 0E+00,3.5179251825000004E+00,5.04600172328949E+03,6.347969665888E+04,4.5392583000000006E+04,7.94900100169842E-02,-1.1664151611328126E-01,0E+00,-1.7039943583963067E-02,-1.4347245515234995E-03,-1.2404590172058537E-03,-1.0847202188185156E-03,3.501220073923102E-04,5.711612046199511E-04,asset30_virtual@l2s0mfw9managedsub.com,asset30_virtual@l2s0mfw9managedsub.com,3.8113E+04,2025-11-24 18:43:39,1.26E+02,prod-strategy-ap85,2026-02-02 09:48:27,-3.46159786696084E+00,1.6764459346185756E-03|binance_spot,0E+00,1.217881406555135E+00,0E+00,2E+01,0E+00,1.3403200000000005E-03 | 0E+00
fr-VET-USDT-loong_bn_bnfutures_pm_mode_7,VET-USDT-FTR,-8.689202244753386E+01,-6.300881590753386E+01,-2.3883206540000003E+01,3.423919335735809E+01,-9.671208043955266E+01,4.958E-05 | 0E+00,3.5707781206989764E-01,9.7967963441208E+04,-6.1059206953500005E+04,-7.202053490720001E+03,1.6044748749490978E+00,4.809170315141602E+02,0E+00,-8.86943235271794E-04,-6.431573515902101E-04,-3.9114832523436474E-04,-9.871806766463098E-04,3.494937748492192E-04,5.493827480636117E-04,asset30_virtual@l2s0mfw9managedsub.com,asset30_virtual@l2s0mfw9managedsub.com,-8.668880000000001E+05,2026-01-24 22:00:23,2.76E+02,prod-strategy-ap85,2026-01-31 16:47:17,-3.5263917184101246E+01,1.8039687312088049E-03|binance_spot,5.469255663430421E-01,1.1908077814934188E+00,0E+00,1.1E+01,1.69E+02,-9.995999999999966E-05 | 0E+00
fr-PENDLE-USDT-loong_bn_bnfutures_pm_mode_1,PENDLE-USDT-FTR,-9.29923205077651E+01,-2.342445815977651E+02,1.4125226109E+02,7.05221237260339E+01,-2.1161500013340265E+02,9.75E-06 | 0E+00,5.58365050503468E+00,2.012023859142661E+05,-5.73705307E+05,-5.7268210308048E+05,3.507068584852155E-01,-1.1049000000000001E+01,0E+00,-4.6218299094817817E-04,-1.1642236772360071E-03,2.4621048361680916E-04,-1.0517519420648095E-03,3.505034167740134E-04,5.161937304203247E-03,asset30_virtual@l2s0mfw9managedsub.com,asset30_virtual@l2s0mfw9managedsub.com,-3.59208E+05,2025-11-16 19:36:42,2.56E+02,prod-strategy-ap85,2026-02-02 01:47:34,-1.3090009342273757E+02,1.1298016570424618E-03|binance_spot,3.7037037037037035E-02,1.3682691738789918E+00,0E+00,2.5E+01,2E+01,2.2365999999999993E-04 | 0E+00
fr-BANANAS31-USDT-loong_bn_bnfutures_pm_mode_7,BANANAS31-USDT-FTR,-9.74217509009131E+01,-1.663960947409131E+02,6.897434384E+01,3.440448397579644E+01,-1.4867850623154663E+02,5E-05 | 0E+00,9.561017674000002E+00,9.826903303351067E+04,-1.57504962321E+05,-1.9122035348000002E+05,6.239107110367439E-01,-4.303859E+01,0E+00,-9.913779335519802E-04,-1.6932709074706216E-03,4.3791854442927426E-04,-1.5129741449765345E-03,3.501050423897443E-04,1.4171574337587516E-03,asset30_virtual@l2s0mfw9managedsub.com,asset30_virtual@l2s0mfw9managedsub.com,-5.3235065E+07,2025-12-02 16:13:09,3.75E+02,prod-strategy-ap85,2026-01-31 19:46:58,-8.450528624893504E+01,1.113895850737956E-03|binance_spot,1.1111111111111112E-02,1.2295715768772777E+00,0E+00,0E+00,4E+00,2.149999999999999E-03 | 0E+00
fr-CFX-USDT-loong_bn_bnfutures_pm_mode_8,CFX-USDT-FTR,-9.920217656995611E+01,-9.381578603995611E+01,-5.38639053E+00,1.753211391932564E+01,-9.808920033834875E+01,-1.0057E-04 | 0E+00,-9.10324416088141E+00,4.97173213891983E+04,-9.08065222722E+04,-9.051649757265E+04,5.475082642210055E-01,-9.3274E+00,0E+00,-1.9953242410905305E-03,-1.8869839206650972E-03,-5.931722078127662E-05,-1.9729381551046275E-03,3.526359310888922E-04,8.170354519342666E-04,asset30_virtual@l2s0mfw9managedsub.com,asset30_virtual@l2s0mfw9managedsub.com,-1.621693E+06,2026-01-12 00:31:23,3.06E+02,prod-strategy-ap85,2026-02-02 01:47:35,-5.105449684069026E+01,2.151308712800226E-03|binance_spot,6.756756756756757E-02,1.1961437318263644E+00,0E+00,4.4E+01,1E+01,-1.9442E-04 | 0E+00
fr-ORDI-USDT-loong_bn_bnfutures_pm_mode_0,ORDI-USDT-FTR,-1.0228072734659361E+02,-8.04324268465936E+01,-2.18483005E+01,5.825253584794336E+01,-8.659420978568966E+01,-1.1647E-04 | 0E+00,-2.280253900831099E-01,1.6642198234441876E+05,-1.3387094582721603E+05,-1.957803641136E+03,1.2431523607759938E+00,-1.1521343398332595E+00,0E+00,-6.145866423758758E-04,-4.833041027004149E-04,-1.6320419912621722E-04,-5.203291570369504E-04,3.500290948787449E-04,1.204509389721365E-03,asset30_virtual@l2s0mfw9managedsub.com,asset30_virtual@l2s0mfw9managedsub.com,-6.264E+02,2025-12-01 16:18:47,3.73E+02,prod-strategy-ap85,2026-01-31 22:38:00,-4.20740617705664E+01,9.575486753909956E-04|binance_spot,6.538461538461539E-01,1.4023035849788181E+00,0E+00,0E+00,6.8E+02,-3.730400000000001E-04 | 0E+00
fr-BANANAS31-USDT-loong_bn_bnfutures_pm_mode_8,BANANAS31-USDT-FTR,-1.0265308411251713E+02,-1.6081703591251713E+02,5.816395179999999E+01,2.663855011474152E+01,-1.398278964883848E+02,5E-05 | 0E+00,9.561017674000002E+00,7.607290880864859E+04,-1.57504962321E+05,-1.9122035348000002E+05,4.82987378223739E-01,-1.6328277E+01,0E+00,-1.349403956285246E-03,-2.113985628143013E-03,3.69283297128506E-04,-1.8380774270128609E-03,3.501713097595268E-04,1.4171574337587516E-03,asset30_virtual@l2s0mfw9managedsub.com,asset30_virtual@l2s0mfw9managedsub.com,-5.3235065E+07,2025-12-06 22:40:59,2.52E+02,prod-strategy-ap85,2026-02-02 07:47:53,-7.701095711748255E+01,1.113895850737956E-03|binance_spot,2.1897810218978103E-02,1.2172592343260242E+00,8.5E+01,1.7E+01,6E+00,2.149999999999999E-03 | 0E+00
fr-WLD-USDT-loong_bn_bnfutures_pm_mode_0,WLD-USDT-FTR,-1.0670787643E+02,0E+00,-1.0670787643E+02,0E+00,0E+00,-1.1411E-04 | 0E+00,-1.3832755491599003E-01,0E+00,-6.612674919999999E+04,-1.2122299090000001E+03,0E+00,0E+00,0E+00,0E+00,0E+00,-1.6136870135149486E-03,0E+00,0E+00,5.949781696915211E-04,asset30_virtual@l2s0mfw9managedsub.com,asset30_virtual@l2s0mfw9managedsub.com,-3.0249999999999995E+03,2026-01-06 16:55:36,0E+00,prod-strategy-ap85,2026-01-29 10:32:43,0E+00,9.950248756218638E-04|binance_spot,0E+00,1.2847643895001823E+00,0E+00,0E+00,0E+00,-3.0589600000000003E-03 | 0E+00
fr-ADA-USDC-loong_bn_bnfutures_pm_mode_usdc_12,ADA-USDC-FTR,-1.0913530746101597E+02,-4.512665431015968E+00,-1.0462264203E+02,2.2597662610933185E+00,-1.6157030045986176E+01,-8.821E-05 | 0E+00,6.234286748670593E+00,6.4524691162109375E+03,9.235471874301099E+04,7.067551013117099E+04,6.986615523312643E-02,0E+00,0E+00,-1.691372798466072E-02,-6.993703262644867E-04,-1.1328348291669438E-03,-2.504007342769587E-03,3.5021729207753474E-04,8.309654139189395E-04,asset30_virtual@l2s0mfw9managedsub.com,asset30_virtual@l2s0mfw9managedsub.com,2.438469E+05,2026-01-08 06:05:59,5.4E+01,prod-strategy-ap85,2026-02-02 09:48:25,2.0007605627176397E+00,1.035196687370732E-03|binance_spot,1.4285714285714285E-01,1.1310039230933568E+00,0E+00,4.7E+01,1E+00,1.3349799999999997E-03 | 0E+00
fr-GUN-USDT-loong_bn_bnfutures_pm_mode_0,GUN-USDT-FTR,-1.0958270952682004E+02,-1.1726062931682004E+02,7.67791979E+00,1.5838636655906157E+01,-1.2361158899404109E+02,4.445E-05 | 0E+00,1.756431410933556E+00,4.522639864259958E+04,-4.000593122E+04,-3.9514767400079996E+04,1.1304923360961472E+00,-3.0019840000000002E+01,0E+00,-2.422981108727991E-03,-2.5927474403493645E-03,1.9191953682511981E-04,-2.733173383334773E-03,3.5020777977637715E-04,3.59955026098281E-04,asset30_virtual@l2s0mfw9managedsub.com,asset30_virtual@l2s0mfw9managedsub.com,-1.420888E+06,2026-01-30 03:00:01,7.7E+01,prod-strategy-ap85,2026-02-02 07:47:50,-5.5344513595453236E+01,3.2292787944026013E-03|binance_spot,6.25E-02,1.5523855639408473E+00,1.25E+02,2.3E+01,8E+00,1.772879999999999E-03 | 0E+00
fr-EUL-USDT-loong_bn_bnfutures_pm_mode_1,EUL-USDT-FTR,-1.157989426614097E+02,-1.564636250014097E+02,4.066468234E+01,1.957280659902608E+01,-1.4849546998529695E+02,5E-05 | 0E+00,3.4020272850000004E+00,5.5879136885762215E+04,-6.5058293999999994E+04,-6.80405457E+04,8.589087332318032E-01,-8.354499275684356E+00,0E+00,-2.0723108679746773E-03,-2.8000365381677184E-03,6.250499335257701E-04,-2.657440294557109E-03,3.5027038157443613E-04,5.853646996966375E-04,asset30_virtual@l2s0mfw9managedsub.com,asset30_virtual@l2s0mfw9managedsub.com,-4.85657E+04,2025-11-18 08:31:34,2.74E+02,prod-strategy-ap85,2026-02-02 04:47:46,-7.414622300360024E+01,1.4194464158978626E-03|binance_spot,2.3529411764705882E-02,1.1771323535515361E+00,0E+00,1.1E+01,4E+00,2.149999999999999E-03 | 0E+00
fr-PARTI-USDT-loong_bn_bnfutures_pm_mode_8,PARTI-USDT-FTR,-1.1823841729190087E+02,-6.022656007219009E+02,4.8402718343000004E+02,1.340643696377001E+02,-4.332667494743364E+02,5E-05 | 0E+00,2.0859064690045997E+01,3.8220330844158307E+05,-4.184581763E+05,-4.1718129380091996E+05,9.133608329057354E-01,-9.103974328369141E+01,0E+00,-3.09360004689684E-04,-1.5757728607259105E-03,1.156691900991779E-03,-1.133602823170114E-03,3.5076716155164016E-04,3.7650948041375344E-03,asset30_virtual@l2s0mfw9managedsub.com,asset30_virtual@l2s0mfw9managedsub.com,-5.572013E+06,2026-01-28 09:25:15,1.341E+03,prod-strategy-ap85,2026-02-02 04:47:47,-3.0313226298462797E+02,1.6025641025640969E-03|binance_spot,1.3899613899613899E-02,1.2575883690738685E+00,0E+00,8.5E+01,1.8E+01,2.1999999999999993E-03 | 0E+00
fr-BROCCOLI714-USDT-loong_bn_bnfutures_pm_mode_1,BROCCOLI714-USDT-FTR,-1.190757456847901E+02,-2.144568668747901E+02,9.538112119E+01,4.754820224319701E+01,-2.1710243011661805E+02,5E-05 | 0E+00,5.271660357873001E+00,1.355283074851632E+05,-1.0834465721352E+05,-1.0543320715746001E+05,1.2508997764243335E+00,-3.597188E+01,0E+00,-8.786042406515389E-04,-1.5823769281429823E-03,8.803490974365987E-04,-1.6018973020849173E-03,3.5083594804282705E-04,9.748355487699581E-04,asset30_virtual@l2s0mfw9managedsub.com,asset30_virtual@l2s0mfw9managedsub.com,-6.619853E+06,2026-01-27 08:44:19,2.51E+02,prod-strategy-ap85,2026-02-02 07:47:51,-1.3049361136153374E+02,0E+00|binance_futures,5.991735537190083E-02,1.7483773848051603E+00,0E+00,4.9E+01,2.9E+01,1.6409499999999993E-03 | 0E+00
fr-FF-USDT-loong_bn_bnfutures_pm_mode_0,FF-USDT-FTR,-1.2209774972928372E+02,-2.4231795635928373E+02,1.2022020663E+02,4.354299457923116E+01,-3.376636270324234E+02,2.33E-05 | 0E+00,3.0039980379860003E+00,1.2432677122811973E+05,-1.2575535871999999E+05,-1.2892695442000001E+05,9.886399473833869E-01,-1.1631861805419922E+01,0E+00,-9.820712668975687E-04,-1.9490408539176896E-03,9.559847616329078E-04,-2.715936589496599E-03,3.502302372136467E-04,1.131489057988144E-03,asset30_virtual@l2s0mfw9managedsub.com,asset30_virtual@l2s0mfw9managedsub.com,-1.6079689999999998E+06,2026-01-20 10:37:43,3.98E+02,prod-strategy-ap85,2026-02-02 07:47:47,-1.2292025955035413E+02,2.245508982035904E-03|binance_spot,1.6507936507936508E-01,1.0321579695627723E+00,1.13E+02,2.2E+01,5.2E+01,1.0505500000000001E-03 | 0E+00
fr-OP-USDT-loong_bn_bnfutures_pm_mode_0,OP-USDT-FTR,-1.4319066947E+02,0E+00,-1.4319066947E+02,0E+00,0E+00,1.804E-05 | 0E+00,6.710860216845313E-02,0E+00,-2.1408667171199998E+05,-3.7199890337280003E+03,0E+00,0E+00,0E+00,0E+00,0E+00,-6.68844390568261E-04,0E+00,0E+00,1.9262537117211759E-03,asset30_virtual@l2s0mfw9managedsub.com,asset30_virtual@l2s0mfw9managedsub.com,-1.60512E+04,2026-01-03 14:59:43,0E+00,prod-strategy-ap85,2026-01-15 01:47:06,0E+00,1.291433491175109E-03|binance_spot,0E+00,1.2803982748299452E+00,0E+00,0E+00,0E+00,-4.9045E-04 | 0E+00
fr-WLD-USDT-loong_bn_bnfutures_pm_mode_1,WLD-USDT-FTR,-1.4385617032435044E+02,-3.736580441435042E+01,-1.0649036591000001E+02,5.02350732604682E+01,-1.3498831007094117E+02,-1.1411E-04 | 0E+00,-1.3832755491599003E-01,1.4321787889105082E+05,-6.612674919999999E+04,-1.2122299090000001E+03,2.1658085513607985E+00,1.2977841308593758E+00,0E+00,-1.0044567859700338E-03,-2.6090181410084605E-04,-1.6103977164811244E-03,-9.425381182584748E-04,3.5075979095237957E-04,5.949781696915211E-04,asset30_virtual@l2s0mfw9managedsub.com,asset30_virtual@l2s0mfw9managedsub.com,-3.0249999999999995E+03,2026-01-29 03:30:09,5.34E+02,prod-strategy-ap85,2026-01-30 19:47:54,3.2044881986379643E+00,9.950248756218638E-04|binance_spot,3.3093525179856115E-01,1.2792553614744446E+00,0E+00,0E+00,9.2E+01,-3.0589600000000003E-03 | 0E+00
fr-SUI-USDC-loong_bn_bnfutures_pm_mode_usdc_6,SUI-USDC-FTR,-1.543278265204285E+02,-1.0187079320428508E+01,-1.441407472E+02,3.8520497183781117E+00,-1.6086290005594492E+01,2.81E-05 | 0E+00,-1.6176062432742873E+00,1.1003617897033691E+04,8.354495119754999E+04,5.7566058479512E+04,1.317089511610892E-01,0E+00,0E+00,-1.4025189529893756E-02,-9.257936267647659E-04,-1.7253076952449882E-03,-1.4619091789738507E-03,3.5007119971119054E-04,7.516991648893236E-04,asset30_virtual@l2s0mfw9managedsub.com,asset30_virtual@l2s0mfw9managedsub.com,5.14987E+04,2026-01-03 06:50:34,1.22E+02,prod-strategy-ap85,2026-02-02 09:48:26,-2.901107581099346E+00,7.158836689038495E-04|binance_spot,9.67741935483871E-02,1.337196774973676E+00,0E+00,3.3E+01,3E+00,2.0096500000000004E-03 | 0E+00
fr-XVG-USDT-loong_bn_bnfutures_pm_mode_0,XVG-USDT-FTR,-1.5862612081073414E+02,-7.339261638073415E+01,-8.523350442999998E+01,5.329792046051898E+01,-2.0133332197678095E+02,1E-04 | 0E+00,1.01963116398E-01,1.522616268635895E+05,-1.6526331907515E+05,-1.01963116398E+03,9.213274168501465E-01,5.75434E+00,0E+00,-1.0417997237928277E-03,-4.8201649944595864E-04,-5.157436320835469E-04,-1.3222853723818054E-03,3.500417114830143E-04,1.4869635705678785E-03,asset30_virtual@l2s0mfw9managedsub.com,asset30_virtual@l2s0mfw9managedsub.com,-1.84951E+05,2025-11-16 05:57:16,5.47E+02,prod-strategy-ap85,2026-01-30 16:47:34,-3.895967937787768E+01,1.447963800904839E-03|binance_spot,5.968586387434555E-01,1.357068526835612E+00,0E+00,0E+00,4.56E+02,-1.0819000000000002E-04 | 0E+00
fr-ALGO-USDT-loong_bn_bnfutures_pm_mode_7,ALGO-USDT-FTR,-1.6841573578330136E+02,-9.733139735330136E+01,-7.108433843E+01,2.050143615808338E+01,-8.591999983415016E+01,8.053E-05 | 0E+00,9.598793820726E-01,5.8549765462875366E+04,-1.5502086112203597E+05,-1.191952542E+04,3.776895898983792E-01,-4.4492041015625E-01,0E+00,-2.8764544904981504E-03,-1.6623704054803815E-03,-4.5854692017251007E-04,-1.467469581729229E-03,3.5015402702309235E-04,1.3948066301494894E-03,asset30_virtual@l2s0mfw9managedsub.com,asset30_virtual@l2s0mfw9managedsub.com,-1.1651540000000001E+05,2026-01-11 18:00:14,3.07E+02,prod-strategy-ap85,2026-02-01 10:47:52,-5.729720743743027E+01,9.765625E-04|binance_spot,6.976744186046512E-02,1.1324356167619911E+00,1E+00,6E+00,9E+00,-3.0579999999999995E-05 | 0E+00
fr-ZEN-USDT-loong_bn_bnfutures_pm_mode_3,ZEN-USDT-FTR,-1.8211704560561918E+02,-1.8122702146561917E+02,-8.90024140000002E-01,4.7026202257475234E+01,-1.4477558923698962E+02,3.42E-06 | 0E+00,4.237722473453103E-01,1.340547736518085E+05,-1.0804549410000001E+05,-1.23910013843658E+05,1.2407252590074322E+00,-4.0506800352759655E+01,0E+00,-1.35852712025494E-03,-1.351887862914416E-03,-8.237494283438163E-06,-1.0799733966432793E-03,3.507984160237386E-04,9.721438162430348E-04,asset30_virtual@l2s0mfw9managedsub.com,asset30_virtual@l2s0mfw9managedsub.com,-1.74363E+04,2026-01-27 09:27:11,6.51E+02,prod-strategy-ap85,2026-02-02 07:47:49,-8.440132056995562E+01,9.843903810997645E-04|binance_spot,1.7543859649122806E-02,1.2408964662694473E+00,3.29E+02,2E+01,6E+00,5.7012E-04 | 0E+00
fr-CHZ-USDT-loong_bn_bnfutures_pm_mode_0,CHZ-USDT-FTR,-1.8892532380387223E+02,-3.8737510458387226E+02,1.9844978078000003E+02,8.279690188125824E+01,-3.24383209628053E+02,2.45E-05 | 0E+00,8.697300100335E+00,2.3620214129251242E+05,-3.4651249848E+05,-3.5499184083E+05,6.816554736946827E-01,-2.1499064999999995E+01,0E+00,-7.998459403037645E-04,-1.640015210971976E-03,5.727059821810558E-04,-1.3733288269657865E-03,3.505340867283784E-04,3.117760582745634E-03,asset30_virtual@l2s0mfw9managedsub.com,asset30_virtual@l2s0mfw9managedsub.com,-7.629311E+06,2026-01-11 09:49:28,2.74E+02,prod-strategy-ap85,2026-02-02 07:47:47,-1.8559892408607635E+02,1.2925463162429818E-03|binance_spot,2.8469750889679714E-02,1.356245884786384E+00,1.32E+02,2.2E+01,1.6E+01,8.450000000000002E-04 | 0E+00
fr-WIF-USDT-loong_bn_bnfutures_pm_mode_1,WIF-USDT-FTR,-1.8985543574785552E+02,-1.7639176117785553E+02,-1.346367457E+01,2.7202900359141495E+01,-1.2366689092293382E+02,-7.59E-06 | 0E+00,-1.5125980573060499E-02,7.770914421902597E+04,-4.0283084518154006E+04,-1.99288281595E+03,1.9290763145013263E+00,-6.509215280973912E+00,0E+00,-2.4431543759218513E-03,-2.2698971009214707E-03,-3.3422650551827657E-04,-1.5914071910813265E-03,3.500604804303231E-04,3.624487243982065E-04,asset30_virtual@l2s0mfw9managedsub.com,asset30_virtual@l2s0mfw9managedsub.com,-7.917400000000001E+03,2025-12-13 16:04:18,4.09E+02,prod-strategy-ap85,2026-02-01 01:10:42,-1.064733723142172E+02,4.366812227074135E-03|binance_spot,4.5180722891566265E-02,1.362410204784875E+00,0E+00,0E+00,1.5E+01,-7.4671E-04 | 0E+00
fr-AR-USDT-loong_bn_bnfutures_pm_mode_1,AR-USDT-FTR,-2.0402184268840057E+02,-1.9688520690840056E+02,-7.136635779999999E+00,2.0945963055448374E+01,-1.6724150001257658E+02,7.55E-06 | 0E+00,6.37439232522963E-01,6.00903926153183E+04,-8.696851202943001E+04,-8.442903742026E+04,6.909442419226834E-01,-3.219370074408054E+02,0E+00,-3.3952489542628007E-03,-3.276483949252986E-03,-8.205999635344999E-05,-2.783165373593236E-03,3.4857424196807143E-04,7.825027955262816E-04,asset30_virtual@l2s0mfw9managedsub.com,asset30_virtual@l2s0mfw9managedsub.com,-3.36115E+04,2026-01-19 04:46:42,3.99E+02,prod-strategy-ap85,2026-02-01 19:47:52,-8.37210726721093E+01,3.984063745019917E-03|binance_spot,1.2048192771084338E-02,1.3628473829200185E+00,0E+00,4.1E+01,2E+00,1.382999999999991E-05 | 0E+00
fr-OP-USDT-loong_bn_bnfutures_pm_mode_1,OP-USDT-FTR,-2.0538457343473263E+02,-6.2193903964732634E+01,-1.4319066947E+02,1.2347964459102332E+02,-1.3491466018895153E+02,1.804E-05 | 0E+00,6.710860216845313E-02,3.537719532379601E+05,-2.1408667171199998E+05,-3.7199890337280003E+03,1.6524707045465759E+00,2.9834803520979017E+03,0E+00,-5.80556405206558E-04,-1.7580224603870367E-04,-6.68844390568261E-04,-3.813605317044535E-04,3.4903740520087623E-04,1.9262537117211759E-03,asset30_virtual@l2s0mfw9managedsub.com,asset30_virtual@l2s0mfw9managedsub.com,-1.60512E+04,2025-12-04 06:14:45,1.74E+02,prod-strategy-ap85,2026-01-29 01:32:49,-7.382748075280121E+01,1.291433491175109E-03|binance_spot,4.3026706231454004E-01,1.3609190501267208E+00,0E+00,0E+00,4.35E+02,-4.9045E-04 | 0E+00
fr-AAVE-USDT-loong_bn_bnfutures_pm_mode_2,AAVE-USDT-FTR,-2.3894728650593345E+02,-2.0106100867593346E+02,-3.788627783E+01,6.634082169114845E+01,-1.0891365037253127E+02,5.04E-05 | 0E+00,3.121759393419341E+01,1.900528868546486E+05,-6.292439038822021E+05,-6.193967050435201E+05,3.020337355389422E-01,-5.0446398826599125E+02,0E+00,-1.2572673346902593E-03,-1.0579213607510409E-03,-6.0209209173510746E-05,-5.730702236363703E-04,3.490650565170607E-04,5.66164813408641E-03,asset30_virtual@l2s0mfw9managedsub.com,asset30_virtual@l2s0mfw9managedsub.com,-4.9142E+03,2026-01-03 15:09:23,3.1E+02,prod-strategy-ap85,2026-02-02 07:47:47,-9.088049325073344E+01,7.918283316177277E-04|binance_spot,0E+00,1.1764119053083137E+00,1.43E+02,2.1E+01,0E+00,-9.436999999999995E-05 | 0E+00
fr-QNT-USDT-loong_bn_bnfutures_pm_mode_0,QNT-USDT-FTR,-2.8679953075368877E+02,-2.3411167424368875E+02,-5.268785651E+01,8.454420303570805E+01,-3.444081402075244E+02,4.073E-05 | 0E+00,1.7696953277979793E-01,2.406528623943329E+05,-1.38870938E+05,-4.344943107778E+03,1.7329245835030862E+00,-7.264000108242035E+00,0E+00,-1.1917561582281957E-03,-9.728189887892305E-04,-3.7940160316336314E-04,-1.43114084237726E-03,3.5131185307563155E-04,1.249497026758193E-03,asset30_virtual@l2s0mfw9managedsub.com,asset30_virtual@l2s0mfw9managedsub.com,-6.37E+01,2026-01-17 22:49:08,1.4E+02,prod-strategy-ap85,2026-01-31 19:46:58,-9.77790709336409E+01,1.4660606949128407E-03|binance_spot,5.856423173803527E-01,1.2544389617474423E+00,0E+00,2.7E+01,4.65E+02,-1.564299999999999E-04 | 0E+00
fr-DOGE-USDT-loong_bn_bnfutures_pm_asset13_mode_0,DOGE-USDT-FTR,-2.938743888904337E+02,2.4082203395663013E+00,-2.9628260923E+02,6.757640354335308E-01,-1.0279500007629395E+01,3.294E-05 | 0E+00,1.3690224645435299E+01,2.501516357421875E+03,-4.9798709200289E+05,-4.1561094855602E+05,5.0232554168439325E-03,0E+00,0E+00,-1.1747849979814162E-01,9.627042143543179E-04,-5.949604196332875E-04,-4.109307531462118E-03,2.701417615873558E-04,4.480659523028279E-03,asset13_virtual@a9ywto2zmanagedsub.com,asset13_virtual@a9ywto2zmanagedsub.com,-3.969049E+06,2026-01-06 16:07:49,1.97E+02,prod-strategy-ap57,2026-02-02 09:27:58,0E+00,5.732301519061345E-04|binance_spot,1E+00,1.1912018855708295E+00,0E+00,3.4E+01,1E+00,-7.2083E-04 | 0E+00
fr-ACT-USDT-loong_bn_bnfutures_pm_mode_5,ACT-USDT-FTR,-3.1452648323780033E+02,-6.0058687717800375E+01,-2.5446779551999998E+02,4.905407612037379E+00,-5.515345055609937E+01,-7.5195E-04 | 0E+00,-1.26868417479E+00,1.3997352564811707E+04,-2.1594355012015E+05,-1.6871922E+03,6.481949823008672E-02,-7.599591796874999E-02,0E+00,-2.2470426588274722E-02,-4.2907176510494855E-03,-1.178399611279963E-03,-3.94027729891944E-03,3.50452529456835E-04,1.9429610522450438E-03,asset30_virtual@l2s0mfw9managedsub.com,asset30_virtual@l2s0mfw9managedsub.com,-1.10274E+05,2026-01-03 12:02:22,1.5E+02,prod-strategy-ap85,2026-01-28 04:33:13,-2.2541344142162572E+01,3.911342894393766E-03|binance_spot,1.282051282051282E-01,1.4623487115872043E+00,0E+00,0E+00,5E+00,-1.0574080000000001E-02 | 0E+00
fr-SSV-USDT-loong_bn_bnfutures_pm_mode_11,SSV-USDT-FTR,-3.201322878529538E+02,-3.111898986029538E+02,-8.942389249999994E+00,4.674180910251016E+01,-3.0299924912583083E+02,-9.403E-05 | 0E+00,-1.0541753569877836E+01,1.336344623605013E+05,-1.1576058244352641E+05,-1.121105346153125E+05,1.154403852673207E+00,-5.118122503861011E+02,0E+00,-2.3955818147368565E-03,-2.328665024770834E-03,-7.724900014530009E-05,-2.2673735784444564E-03,3.4977361585379315E-04,1.041560643732261E-03,asset30_virtual@l2s0mfw9managedsub.com,asset30_virtual@l2s0mfw9managedsub.com,-2.880191E+04,2026-01-28 18:27:46,1.15E+02,prod-strategy-ap85,2026-02-02 01:47:35,-1.477275572965558E+02,1.5459933006958249E-03|binance_spot,5.913978494623656E-02,1.236897787856379E+00,0E+00,4.7E+01,2.2E+01,6.834900000000001E-04 | 0E+00
fr-DOGE-USDT-loong_bn_bnfutures_pm_asset10_mode_0,DOGE-USDT-FTR,-3.322003373983183E+02,4.816313916817567E-01,-3.3268196879000004E+02,1.3515937980264425E-01,-2.055999994277954E+00,3.294E-05 | 0E+00,1.5381431135038392E+01,5.003275909423828E+02,-5.595053667972101E+05,-4.6695297920577996E+05,8.942319781603168E-04,0E+00,0E+00,-6.639656565263741E-01,9.62632084260212E-04,-5.946001388590415E-04,-4.109307644628219E-03,2.7014176761283E-04,5.034172753037544E-03,asset10_virtual@m6r3teozmanagedsub.com,asset10_virtual@m6r3teozmanagedsub.com,-4.459361E+06,2026-01-06 09:43:18,4.3E+01,prod-strategy-ap86,2026-02-02 09:44:57,0E+00,5.732301519061345E-04|binance_spot,1E+00,1.1912018855708295E+00,0E+00,3.1E+01,1E+00,-7.2083E-04 | 0E+00
fr-THETA-USDT-loong_bn_bnfutures_pm_mode_11,THETA-USDT-FTR,-3.3518406042007695E+02,-3.0199557645007695E+02,-3.318848397E+01,3.1582491576951725E+01,-2.799654032867399E+02,1E-04 | 0E+00,6.05650969586E-02,8.999120474395156E+04,-8.767864287912799E+04,-6.05650969586E+02,1.0263754295103726E+00,1.3137911812443733E+02,0E+00,-3.7246313278476825E-03,-3.355834354138642E-03,-3.785241522927422E-04,-3.1110307288730547E-03,3.509508697745757E-04,7.888922273115475E-04,asset30_virtual@l2s0mfw9managedsub.com,asset30_virtual@l2s0mfw9managedsub.com,-2.7781E+03,2026-01-30 02:55:17,5.38E+02,prod-strategy-ap85,2026-02-02 09:27:59,-1.5139127424030715E+02,4.587155963302836E-03|binance_spot,5.070422535211268E-02,1.208431965040624E+00,1.5E+01,3.6E+01,1.8E+01,-1.618E-04 | 0E+00
fr-ETHFI-USDT-loong_bn_bnfutures_pm_mode_1,ETHFI-USDT-FTR,-3.589587440328079E+02,-3.0969131693280787E+02,-4.926742709999999E+01,8.537938560872544E+01,-3.1178710072986735E+02,-1.754E-05 | 0E+00,-6.022475345056351E-02,2.436628085278347E+05,-1.2584571912E+05,-3.4335663312750003E+03,1.9362025997522443E+00,-5.96076984180212E+00,0E+00,-1.4731782260968332E-03,-1.2709831213220642E-03,-3.91490687522085E-04,-1.2795842854050109E-03,3.5039974350033876E-04,1.1323020794364235E-03,asset30_virtual@l2s0mfw9managedsub.com,asset30_virtual@l2s0mfw9managedsub.com,-6.9535E+03,2026-01-23 12:57:02,4.03E+02,prod-strategy-ap85,2026-02-01 01:47:34,-1.5608181584135383E+02,2.6331780433461738E-03|binance_spot,2.80794701986755E-01,1.4936802694905218E+00,0E+00,2.7E+01,2.12E+02,-1.5069999999999759E-05 | 0E+00
fr-PNUT-USDT-loong_bn_bnfutures_pm_mode_3,PNUT-USDT-FTR,-4.037009006807377E+02,-3.3453022240073767E+02,-6.917067828E+01,9.314220216636045E+01,-3.21876749807736E+02,-2.097E-05 | 0E+00,-3.5358457770819E-02,2.6599144743586704E+05,-1.7182883701089E+05,-1.6861448627E+03,1.5480023729603039E+00,4.788377944213867E+02,0E+00,-1.517721357481141E-03,-1.2576728523626534E-03,-4.025557030081986E-04,-1.2101018769986708E-03,3.5016991359775913E-04,1.5460370906144898E-03,asset30_virtual@l2s0mfw9managedsub.com,asset30_virtual@l2s0mfw9managedsub.com,-2.9482E+04,2026-01-22 14:30:11,3.08E+02,prod-strategy-ap85,2026-02-01 12:22:03,-1.8510553691551877E+02,1.7482517482516613E-03|binance_spot,2.6397248495270853E-01,1.3839228988137706E+00,8E+00,1.8E+01,3.07E+02,-9.728999999999984E-05 | 0E+00
fr-PAXG-USDT-loong_bn_bnfutures_pm_mode_5,PAXG-USDT-FTR,-4.1232435793999997E+02,0E+00,-4.1232435793999997E+02,0E+00,0E+00,2.601E-05 | 0E+00,3.1680167255269975E-01,0E+00,-3.3133931313155536E+06,-1.2179995100065351E+04,0E+00,0E+00,0E+00,0E+00,0E+00,-1.2444172532472483E-04,0E+00,0E+00,2.981239217999523E-02,asset30_virtual@l2s0mfw9managedsub.com,asset30_virtual@l2s0mfw9managedsub.com,-2.565E+00,2026-01-03 07:53:10,0E+00,prod-strategy-ap85,2026-01-25 02:50:48,0E+00,7.930247567144999E-04|binance_spot,0E+00,7.831286157139193E-01,0E+00,0E+00,0E+00,-2.109899999999999E-04 | 0E+00
fr-ACT-USDT-loong_bn_bnfutures_pm_mode_6,ACT-USDT-FTR,-5.345434129423251E+02,-1.8569605134232506E+02,-3.488473616E+02,5.678346901241321E+01,-3.5283138934616E+02,-7.5195E-04 | 0E+00,-1.26868417479E+00,1.928996577680502E+05,-2.0315916125856E+05,-1.6871922E+03,9.495001681098075E-01,2.077492934570313E+00,0E+00,-2.7710957039907254E-03,-9.626561990359412E-04,-1.7171136139709847E-03,-1.8290928736142068E-03,2.9436790956203655E-04,1.8279329830065594E-03,asset30_virtual@l2s0mfw9managedsub.com,asset30_virtual@l2s0mfw9managedsub.com,-1.10274E+05,2026-01-28 23:35:55,5.33E+02,prod-strategy-ap85,2026-01-30 11:38:58,-1.30083323205673E+02,3.911342894393766E-03|binance_spot,7.301878149335777E-01,1.4885320020750403E+00,0E+00,0E+00,1.594E+03,-1.0574080000000001E-02 | 0E+00
fr-W-USDT-loong_bn_bnfutures_pm_mode_9,W-USDT-FTR,-6.343249720363275E+02,-5.809555836063275E+02,-5.336938843E+01,5.362997505669773E+01,-5.345170491933823E+02,5E-05 | 0E+00,4.663093647025E-01,1.5306288738065958E+05,-1.9461694135799998E+05,-9.32618729405E+03,7.864828535101615E-01,-2.0192113227233886E+01,0E+00,-4.14421146034436E-03,-3.795535244030257E-03,-2.742278655578418E-04,-3.4921401153505333E-03,3.503786971124014E-04,1.7510740050131624E-03,asset30_virtual@l2s0mfw9managedsub.com,asset30_virtual@l2s0mfw9managedsub.com,-3.99047E+05,2026-01-12 00:01:43,3.75E+02,prod-strategy-ap85,2026-02-01 07:47:52,-2.862424296083117E+02,5.1325919589391145E-03|binance_spot,3.070175438596491E-02,1.318044353691715E+00,0E+00,9E+00,1.4E+01,-5.2289999999999975E-05 | 0E+00
fr-SENT-USDT-loong_bn_bnfutures_pm_mode_asset10_0,SENT-USDT-FTR,-7.286546830955832E+02,3.227757027441685E+01,-7.6093225337E+02,2.163482285651662E+01,-2.2056404022709458E+02,-2.40941E-03 | 0E+00,-5.081892238966113E+00,7.37291774944961E+04,-2.9438003529999998E+04,-2.1091853354E+03,2.5045576687753086E+00,-9.860760000000001E-01,0E+00,-9.88285381523451E-03,4.377855737889708E-04,-2.5848636528443273E-02,-2.9915434801040565E-03,2.934363788085343E-04,2.648696582177056E-04,asset10_virtual@m6r3teozmanagedsub.com,asset10_virtual@m6r3teozmanagedsub.com,-6.1685E+04,2026-01-25 04:16:34,2.58E+02,prod-strategy-ap86,2026-01-29 20:30:24,3.745627880347234E+00,2.2442436607403193E-02|binance_spot,5.374149659863946E-01,3.024170732591186E+00,0E+00,0E+00,7.9E+01,-3.7085406000000004E-01 | 0E+00
fr-SENT-USDT-loong_bn_bnfutures_pm_mode_asset13_0,SENT-USDT-FTR,-7.291529437525696E+02,3.975494914743026E+01,-7.689078928999999E+02,1.5738419459180477E+01,-1.741862809238955E+02,-2.40941E-03 | 0E+00,-5.1307462893463835E+00,5.5154511545047164E+04,-2.8928671850000002E+04,-2.12946168952E+03,1.9065690893461174E+00,3.9821180000000007E+00,0E+00,-1.3220186768530037E-02,7.207923347296913E-04,-2.6579439833495148E-02,-3.158151093072953E-03,2.8535144303338096E-04,2.60286925293458E-04,asset13_virtual@a9ywto2zmanagedsub.com,asset13_virtual@a9ywto2zmanagedsub.com,-6.2278E+04,2026-01-25 03:57:56,1.5E+01,prod-strategy-ap57,2026-01-29 20:30:18,-1.1003714666236155E+01,2.2442436607403193E-02|binance_spot,5.609756097560976E-01,3.024170732591186E+00,0E+00,0E+00,6.9E+01,-3.7085406000000004E-01 | 0E+00
fr-XRP-USDT-loong_bn_bnfutures_pm_mode_2,XRP-USDT-FTR,-8.50351669685174E+02,-9.974567746517405E+01,-7.5060599222E+02,3.678373270444354E+01,-5.1330199980555335E+01,2.159E-05 | 0E+00,2.142189401165995E+01,1.0453290190398693E+05,-1.1261909881484099E+06,-9.92213710591012E+05,9.281987070048509E-02,-7.093195559054614E-01,0E+00,-8.13477531185558E-03,-9.542036588326045E-04,-6.66499732389161E-04,-4.910434805273265E-04,3.518866503699405E-04,1.0132950144351364E-02,asset30_virtual@l2s0mfw9managedsub.com,asset30_virtual@l2s0mfw9managedsub.com,-6.203239E+05,2026-01-03 15:28:06,3.49E+02,prod-strategy-ap85,2026-02-02 07:47:53,-4.975072454242016E+01,6.254299831134347E-04|binance_spot,0E+00,1.0893928835307762E+00,1.38E+02,2.2E+01,0E+00,-7.2695E-04 | 0E+00
fr-DOGE-USDT-loong_bn_bnfutures_pm_mode_2,DOGE-USDT-FTR,-1.3770502367539816E+03,-1.371369807239813E+02,-1.2399132560300004E+03,5.2751782753322914E+01,-7.289690990489908E+01,3.294E-05 | 0E+00,5.8367443537514156E+01,1.5127338383862376E+05,-2.02089519733425E+06,-1.771932104964E+06,7.48546406751659E-02,-3.3493660000000007E+00,0E+00,-9.103057007193008E-03,-9.065506253914241E-04,-6.135465400014618E-04,-4.818885388500626E-04,3.4871820418585825E-04,1.8183088390020502E-02,asset30_virtual@l2s0mfw9managedsub.com,asset30_virtual@l2s0mfw9managedsub.com,-1.69218E+07,2026-01-03 15:37:13,4.5E+02,prod-strategy-ap85,2026-02-02 07:47:46,-8.175910282192307E+01,5.732301519061345E-04|binance_spot,1.529051987767584E-02,1.1912018855708295E+00,2.01E+02,2E+01,5E+00,-7.2083E-04 | 0E+00
fr-SOL-USDT-loong_bn_bnfutures_pm_mode_2,SOL-USDT-FTR,-1.6016703567231568E+03,3.722965583268433E+02,-1.9739669150500001E+03,7.328495385729693E+02,-1.3887415060235827E+02,-8.964E-05 | 0E+00,-1.0110987767188692E+02,2.0934927019657493E+06,-1.5038610481557434E+06,-1.1279549048626386E+06,1.3920785464409091E+00,-1.3821199536323547E-06,0E+00,-7.650709052958337E-04,1.7783513550215102E-04,-1.3125992707044112E-03,-6.633610447839543E-05,3.5006070853977077E-04,1.3531052179744483E-02,asset30_virtual@l2s0mfw9managedsub.com,asset30_virtual@l2s0mfw9managedsub.com,-1.105094E+04,2026-01-03 15:30:05,6.5E+02,prod-strategy-ap85,2026-01-27 19:33:13,1.7579974597838486E+02,6.864764146319313E-04|binance_spot,9.816214008576679E-01,1.2445589066905458E+00,0E+00,0E+00,4.807E+03,-9.6968E-04 | 0E+00
fr-SOL-USDT-loong_bn_bnfutures_pm_mode_3,SOL-USDT-FTR,-1.6120269859519267E+03,-6.977896669192661E+01,-1.54224801926E+03,7.297772701195208E+01,-5.84449399822625E+01,-8.964E-05 | 0E+00,-1.0110987767188692E+02,2.0847121016693115E+05,-1.5038610481557434E+06,-1.1279549048626386E+06,1.386239841922825E-01,-8.827700037583709E+00,0E+00,-7.732612021876368E-03,-3.3471752111983153E-04,-1.0255256103290477E-03,-2.8035017370246627E-04,3.5006141593132175E-04,1.3531052179744483E-02,asset30_virtual@l2s0mfw9managedsub.com,asset30_virtual@l2s0mfw9managedsub.com,-1.105094E+04,2026-01-27 11:59:52,2.63E+02,prod-strategy-ap85,2026-01-31 01:47:22,-1.770577183493923E+01,6.864764146319313E-04|binance_spot,6.809815950920245E-01,1.249456253610945E+00,0E+00,0E+00,2.22E+02,-9.6968E-04 | 0E+00
fr-PAXG-USDT-loong_bn_bnfutures_pm_mode_6,PAXG-USDT-FTR,-2.731872537662955E+03,-2.319548179722955E+03,-4.1232435793999997E+02,1.7952757209473057E+03,-6.042787867262448E+02,2.601E-05 | 0E+00,3.1680167255269975E-01,5.090739738966942E+06,-3.3133931313155536E+06,-1.2179995100065351E+04,1.5364128363921936E+00,-2.8671829440544593E+02,0E+00,-5.366356713842399E-04,-4.556406924455459E-04,-1.2444172532472483E-04,-1.1870156749534998E-04,3.526551764580326E-04,2.981239217999523E-02,asset30_virtual@l2s0mfw9managedsub.com,asset30_virtual@l2s0mfw9managedsub.com,-2.565E+00,2026-01-24 19:27:02,6.88E+02,prod-strategy-ap85,2026-01-31 10:47:23,-1.1299088931827716E+03,7.930247567144999E-04|binance_spot,4.6692307692307694E-01,7.866231456005124E-01,0E+00,2.31E+02,7.891E+03,-2.109899999999999E-04 | 0E+00
fr-BNB-USDT-loong_bn_bnfutures_pm_mode_0,BNB-USDT-FTR,-3.999727025162374E+03,-6.946377566252374E+03,2.94665054109E+03,3.7874309684410982E+03,-3.390726503006093E+02,0E+00 | 0E+00,0E+00,1.08211870206244E+07,-8.943145477036972E+06,-1.6654984145338E+04,1.209997874730945E+00,-3.3959226932274364E+03,0E+00,-3.696199887811923E-04,-6.419238067887637E-04,3.294870410702834E-04,-3.13341456583609E-05,3.500014334122984E-04,8.046632250315525E-02,asset30_virtual@l2s0mfw9managedsub.com,asset30_virtual@l2s0mfw9managedsub.com,-2.18E+01,2026-01-06 12:27:29,1.322E+03,prod-strategy-ap85,2026-01-29 15:30:41,-3.3324124926412746E+03,3.7962587215756294E-04|binance_futures,9.565990059145309E-02,8.849504538665494E-01,0E+00,3.5E+01,3.445E+03,3.7155999999999995E-04 | 0E+00
