调度名,币对(标准),总收益,成交收益,资金费收益,手续费,滑点,当期资金费率,当期资金费,成交量,最大持仓,当前持仓,换手率,敞口,市场成交占比,总收益率,成交收益率,资金费收益率,滑点率,手续费率,持仓占比,账户1,账户2,仓位数量,调度最后成交时间,调度最大对冲延迟,主机,调度最后更新时间,配对盈利,价差值,配对胜率,波动率,买卖单卖单数量,买卖单买单数量,配对笔数,累计资金费率
fr-XMR-USDT-loong_kc_bnfutures_mode_2,XMR-USDT-FTR,6.951988201813138E+03,3.648329688131383E+02,6.587155233E+03,9.713868039892986E+00,-2.4113877300545573E+02,1E-04 | 0E+00,1.5435654782600002E+02,1.373490140914917E+05,-1.8646553062563448E+06,-1.5435654782600002E+06,7.365919783171418E-02,0E+00,0E+00,5.061549402300217E-02,2.6562474527127926E-03,3.5326396309809053E-03,-1.755664389733639E-03,7.072397355122134E-05,4.751246923241484E-02,21_virtual@eisoky3tmanagedsub.com,precursor012,-3.775291E+03,2026-01-03 15:15:09,7.9E+02,prod-strategy-ap71,2026-02-02 07:52:39,1.987580232578336E+02,7.59766678104068E-04|binance_futures,9.583333333333334E-01,1.63163703782258E+00,5E+01,0E+00,4.6E+01,3.8650699999999995E-03 | 0E+00
fr-H-USDT-loong_kc_bnfutures_mode_1,H-USDT-FTR,3.460318227182295E+03,9.76995423012295E+02,2.48332280417E+03,7.808455241437514E+01,-7.011407496614374E+02,5E-05 | 0E+00,4.18653053922555E+01,8.663649263936132E+05,-8.8802987228E+05,-8.3730610784511E+05,9.756033591181315E-01,3.2010224E+03,0E+00,3.994065458751244E-03,1.1276950315604296E-03,2.796440617244232E-03,-8.092903213199678E-04,9.012893993690968E-05,2.2627502167614208E-02,21_virtual@eisoky3tmanagedsub.com,precursor012,-7.763949E+06,2025-12-22 19:50:06,1.034E+03,prod-strategy-ap71,2026-02-02 07:52:38,2.1396415215141843E+02,5.389332837761884E-04|kucoin_spot,7.451102142191866E-01,1.8685522723990104E+00,5.2E+01,0E+00,2.4E+03,3.07259E-03 | 0E+00
fr-KITE-USDT-loong_kc_bnfutures_mode_1,KITE-USDT-FTR,3.4476829086565135E+03,5.957612665136326E-01,3.4470871473899997E+03,1.3549275696277618E-02,-2.692300081253052E-01,3.4851E-04 | 0E+00,2.1369616442985603E+02,1.9547496795654297E+02,-6.4894410039413E+05,-6.131708256000001E+05,3.0122004012028637E-04,-1.3536694335937498E-02,0E+00,1.763746501507541E+01,3.047762446218072E-03,5.311839872334835E-03,-1.377311944029371E-03,6.931463316208256E-05,1.6535461808990473E-02,21_virtual@eisoky3tmanagedsub.com,precursor012,-4.375104E+06,2026-01-15 08:50:15,4E+00,prod-strategy-ap71,2026-02-02 07:52:30,0E+00,2.5876940770557244E-03|binance_futures,1E+00,1.4181467853108505E+00,4.5E+01,0E+00,1E+00,5.626980000000001E-03 | 0E+00
fr-KITE-USDT-loong_kc_bnfutures_mode_0,KITE-USDT-FTR,3.4470871473899997E+03,0E+00,3.4470871473899997E+03,0E+00,0E+00,3.4851E-04 | 0E+00,2.1369616442985603E+02,0E+00,-6.4894410039413E+05,-6.131708256000001E+05,0E+00,0E+00,0E+00,0E+00,0E+00,5.311839872334835E-03,0E+00,0E+00,1.6535461808990473E-02,21_virtual@eisoky3tmanagedsub.com,precursor012,-4.375104E+06,2025-12-09 06:34:11,0E+00,prod-strategy-ap71,2026-01-14 12:38:29,0E+00,2.5876940770557244E-03|binance_futures,0E+00,1.4181467853108505E+00,0E+00,0E+00,0E+00,5.626980000000001E-03 | 0E+00
fr-ASTER-USDT-loong_kc_bnfutures_mode_1,ASTER-USDT-FTR,2.2656829947037572E+03,-1.0552173023624266E+02,2.37120472494E+03,6.395241100268322E+00,-1.681497998344712E+02,5E-05 | 0E+00,7.943468570713551E+01,9.066225283557177E+04,-1.8889326855000001E+06,-1.5886937141427102E+06,4.7996550396698485E-02,5.0211824835236075E+02,0E+00,2.4990367256953996E-02,-1.1638992737983312E-03,1.2553145716319384E-03,-1.8546836701646226E-03,7.053918141508082E-05,4.8131070552716586E-02,21_virtual@eisoky3tmanagedsub.com,precursor012,-2.9173369999999995E+06,2026-01-03 15:07:37,9.92E+02,prod-strategy-ap71,2026-02-02 07:52:29,-6.063645912657337E+01,9.144111192394E-04|kucoin_spot,1.3716814159292035E-01,1.2509712622825524E+00,4.4E+01,0E+00,3.1E+01,1.36594E-03 | 0E+00
fr-HANA-USDT-loong_kc_bnfutures_mode_1,HANA-USDT-FTR,2.1000678280276134E+03,4.250483708576133E+02,1.6750194571700001E+03,3.503239414703785E+01,-4.337223105557497E+02,2.14121E-03 | 0E+00,6.308188584800096E+02,3.076132125881985E+05,-2.3893782118191003E+05,-2.9460858975999994E+05,1.2874195096723677E+00,4.9759466766220086E+01,0E+00,6.826975377156417E-03,1.3817623998700769E-03,7.010273421279594E-03,-1.4099599523261484E-03,1.1388455603802585E-04,6.088270491213802E-03,21_virtual@eisoky3tmanagedsub.com,precursor012,-7.810408E+06,2026-01-14 16:39:30,2.04E+02,prod-strategy-ap71,2026-02-02 07:52:34,2.0798068217821145E+02,5.206906001644196E-03|binance_futures,8.152929493545183E-01,3.4441541307258032E+00,5.33E+02,3E+00,8.21E+02,9.025449999999997E-03 | 0E+00
fr-Q-USDT-loong_kc_bnfutures_mode_2,Q-USDT-FTR,1.9161871728329395E+03,2.529328430429395E+02,1.66325432979E+03,6.154591878566862E+01,-1.1853253506703077E+03,1.0332E-04 | 0E+00,2.3406795178262495E+01,5.84571819427859E+05,-2.4607335701520002E+05,-2.265466045128E+05,2.375599806978493E+00,-1.9141929E+01,0E+00,3.277932854697613E-03,4.3268052724555517E-04,6.759180879900217E-03,-2.0276813066877346E-03,1.0528375939487772E-04,6.270087970078915E-03,21_virtual@eisoky3tmanagedsub.com,precursor012,-1.192488E+07,2026-01-28 20:26:01,5.05E+02,prod-strategy-ap71,2026-02-02 07:52:43,2.4504736219534584E+02,3.4848724853477897E-03|binance_futures,7.290021536252692E-01,3.0285475962345414E+00,6.8E+01,2E+00,2.031E+03,7.777669999999997E-03 | 0E+00
fr-Q-USDT-loong_kc_bnfutures_mode_1,Q-USDT-FTR,1.8942183673009245E+03,-3.235356199075375E+00,1.8974537234999998E+03,1.8440296524058795E+00,-2.063993572059553E+01,1.0332E-04 | 0E+00,2.3406795178262495E+01,1.2346766949474812E+04,-2.4607335701520002E+05,-2.265466045128E+05,5.017514735946057E-02,0E+00,0E+00,1.534181680963451E-01,-2.6204076033143204E-04,7.710927125616422E-03,-1.6716874794071887E-03,1.493532404030934E-04,6.270087970078915E-03,21_virtual@eisoky3tmanagedsub.com,precursor012,-1.192488E+07,2026-01-03 07:15:00,7E+00,prod-strategy-ap71,2026-01-29 03:52:12,0E+00,3.4848724853477897E-03|binance_futures,8.796296296296297E-01,3.020040876393644E+00,0E+00,0E+00,9.5E+01,7.777669999999997E-03 | 0E+00
fr-BAN-USDT-loong_kc_bnfutures_mode_8,BAN-USDT-FTR,1.6994264069321425E+03,3.4051717021426597E+00,1.6960212352299998E+03,1.6504574709397275E+00,-7.961600017617457E+00,5E-05 | 0E+00,6.4122147E-02,2.0874984063863754E+04,-2.4465981931742997E+05,-1.28244294E+03,8.53224862263952E-02,8.44909137437582E+00,0E+00,8.140971038507204E-02,1.6312212223612094E-04,6.932160907997419E-03,-3.813943039793556E-04,7.906389130120581E-05,6.234070232028982E-03,21_virtual@eisoky3tmanagedsub.com,precursor012,-1.7834E+04,2026-01-25 05:03:46,1.1E+01,prod-strategy-ap71,2026-01-28 15:53:32,4.468315711085961E-01,2.9407645987957753E-03|binance_futures,8E-01,1.1440166795962565E+00,0E+00,0E+00,8E+01,9.4533E-03 | 0E+00
fr-BAN-USDT-loong_kc_bnfutures_mode_5,BAN-USDT-FTR,1.69602123523E+03,0E+00,1.69602123523E+03,0E+00,0E+00,5E-05 | 0E+00,6.4122147E-02,0E+00,-2.4465981931742997E+05,-1.28244294E+03,0E+00,0E+00,0E+00,0E+00,0E+00,6.93216090799742E-03,0E+00,0E+00,6.234070232028982E-03,21_virtual@eisoky3tmanagedsub.com,precursor012,-1.7834E+04,2026-01-07 14:30:01,0E+00,prod-strategy-ap71,2026-01-10 18:46:36,0E+00,2.9407645987957753E-03|binance_futures,0E+00,1.0949230199031272E+00,0E+00,0E+00,0E+00,9.4533E-03 | 0E+00
fr-BAN-USDT-loong_kc_bnfutures_mode_6,BAN-USDT-FTR,1.69602123523E+03,0E+00,1.69602123523E+03,0E+00,0E+00,5E-05 | 0E+00,6.4122147E-02,0E+00,-2.4465981931742997E+05,-1.28244294E+03,0E+00,0E+00,0E+00,0E+00,0E+00,6.93216090799742E-03,0E+00,0E+00,6.234070232028982E-03,21_virtual@eisoky3tmanagedsub.com,precursor012,-1.7834E+04,2026-01-10 22:24:15,0E+00,prod-strategy-ap71,2026-01-12 02:45:55,0E+00,2.9407645987957753E-03|binance_futures,0E+00,1.1323354162814467E+00,0E+00,0E+00,0E+00,9.4533E-03 | 0E+00
fr-BAN-USDT-loong_kc_bnfutures_mode_7,BAN-USDT-FTR,1.69602123523E+03,0E+00,1.69602123523E+03,0E+00,0E+00,5E-05 | 0E+00,6.4122147E-02,0E+00,-2.4465981931742997E+05,-1.28244294E+03,0E+00,0E+00,0E+00,0E+00,0E+00,6.93216090799742E-03,0E+00,0E+00,6.234070232028982E-03,21_virtual@eisoky3tmanagedsub.com,precursor012,-1.7834E+04,2026-01-11 19:01:45,0E+00,prod-strategy-ap71,2026-01-24 23:29:12,0E+00,2.9407645987957753E-03|binance_futures,0E+00,1.0949230199031272E+00,0E+00,0E+00,0E+00,9.4533E-03 | 0E+00
fr-BAN-USDT-loong_kc_bnfutures_mode_4,BAN-USDT-FTR,1.69602123523E+03,0E+00,1.69602123523E+03,0E+00,0E+00,5E-05 | 0E+00,6.4122147E-02,0E+00,-2.4465981931742997E+05,-1.28244294E+03,0E+00,0E+00,0E+00,0E+00,0E+00,6.93216090799742E-03,0E+00,0E+00,6.234070232028982E-03,21_virtual@eisoky3tmanagedsub.com,precursor012,-1.7834E+04,2026-01-03 11:20:05,0E+00,prod-strategy-ap71,2026-01-07 15:12:28,0E+00,2.9407645987957753E-03|binance_futures,0E+00,1.0949230199031272E+00,0E+00,0E+00,0E+00,9.4533E-03 | 0E+00
fr-HANA-USDT-loong_kc_bnfutures_mode_0,HANA-USDT-FTR,1.67501945717E+03,0E+00,1.67501945717E+03,0E+00,0E+00,2.14121E-03 | 0E+00,6.308188584800096E+02,0E+00,-2.3893782118191003E+05,-2.9460858975999994E+05,0E+00,0E+00,0E+00,0E+00,0E+00,7.010273421279593E-03,0E+00,0E+00,6.088270491213802E-03,21_virtual@eisoky3tmanagedsub.com,precursor012,-7.810408E+06,2026-01-03 05:02:08,0E+00,prod-strategy-ap71,2026-01-15 00:38:17,0E+00,5.206906001644196E-03|binance_futures,0E+00,3.643484349702599E+00,0E+00,0E+00,0E+00,9.025449999999997E-03 | 0E+00
fr-B2-USDT-loong_kc_bnfutures_mode_2,B2-USDT-FTR,1.4917007733E+03,0E+00,1.4917007733E+03,0E+00,0E+00,1.1781E-04 | 0E+00,1.9751894160767996E+01,0E+00,-1.8304410880000002E+05,-1.6765889279999997E+05,0E+00,0E+00,0E+00,0E+00,0E+00,8.14940608074899E-03,0E+00,0E+00,4.6640671647755925E-03,21_virtual@eisoky3tmanagedsub.com,precursor012,-1.99808E+05,2026-01-03 07:43:57,0E+00,prod-strategy-ap71,2026-01-07 11:12:32,0E+00,1.9244647582390417E-03|binance_futures,0E+00,1.2373267696934387E+00,0E+00,0E+00,0E+00,8.950389999999999E-03 | 0E+00
fr-B2-USDT-loong_kc_bnfutures_mode_5,B2-USDT-FTR,1.4917007733E+03,0E+00,1.4917007733E+03,0E+00,0E+00,1.1781E-04 | 0E+00,1.9751894160767996E+01,0E+00,-1.8304410880000002E+05,-1.6765889279999997E+05,0E+00,0E+00,0E+00,0E+00,0E+00,8.14940608074899E-03,0E+00,0E+00,4.6640671647755925E-03,21_virtual@eisoky3tmanagedsub.com,precursor012,-1.99808E+05,1970-01-01 00:00:00,0E+00,prod-strategy-ap71,2026-01-19 10:11:00,0E+00,1.9244647582390417E-03|binance_futures,0E+00,1.1963195506773587E+00,0E+00,0E+00,0E+00,8.950389999999999E-03 | 0E+00
fr-B2-USDT-loong_kc_bnfutures_mode_4,B2-USDT-FTR,1.4917007733E+03,0E+00,1.4917007733E+03,0E+00,0E+00,1.1781E-04 | 0E+00,1.9751894160767996E+01,0E+00,-1.8304410880000002E+05,-1.6765889279999997E+05,0E+00,0E+00,0E+00,0E+00,0E+00,8.14940608074899E-03,0E+00,0E+00,4.6640671647755925E-03,21_virtual@eisoky3tmanagedsub.com,precursor012,-1.99808E+05,2026-01-14 07:30:20,0E+00,prod-strategy-ap71,2026-01-18 06:11:12,0E+00,1.9244647582390417E-03|binance_futures,0E+00,1.2373267696934387E+00,0E+00,0E+00,0E+00,8.950389999999999E-03 | 0E+00
fr-B2-USDT-loong_kc_bnfutures_mode_6,B2-USDT-FTR,1.4917007733E+03,0E+00,1.4917007733E+03,0E+00,0E+00,1.1781E-04 | 0E+00,1.9751894160767996E+01,0E+00,-1.8304410880000002E+05,-1.6765889279999997E+05,0E+00,0E+00,0E+00,0E+00,0E+00,8.14940608074899E-03,0E+00,0E+00,4.6640671647755925E-03,21_virtual@eisoky3tmanagedsub.com,precursor012,-1.99808E+05,2026-01-19 16:22:50,0E+00,prod-strategy-ap71,2026-01-25 19:28:40,0E+00,1.9244647582390417E-03|binance_futures,0E+00,1.1963195506773587E+00,0E+00,0E+00,0E+00,8.950389999999999E-03 | 0E+00
fr-B2-USDT-loong_kc_bnfutures_mode_3,B2-USDT-FTR,1.4917007732999998E+03,0E+00,1.4917007732999998E+03,0E+00,0E+00,1.1781E-04 | 0E+00,1.9751894160767996E+01,0E+00,-1.8304410880000002E+05,-1.6765889279999997E+05,0E+00,0E+00,0E+00,0E+00,0E+00,8.14940608074899E-03,0E+00,0E+00,4.6640671647755925E-03,21_virtual@eisoky3tmanagedsub.com,precursor012,-1.99808E+05,2026-01-07 23:05:32,0E+00,prod-strategy-ap71,2026-01-14 06:45:24,0E+00,1.9244647582390417E-03|binance_futures,0E+00,1.2373267696934387E+00,0E+00,0E+00,0E+00,8.950389999999999E-03 | 0E+00
fr-B2-USDT-loong_kc_bnfutures_mode_7,B2-USDT-FTR,1.4707540381293982E+03,-2.094673517060195E+01,1.4917007733E+03,3.005294475296978E+00,-3.401520807258201E+01,1.1781E-04 | 0E+00,1.9751894160767996E+01,2.9174971813321114E+04,-1.8304410880000002E+05,-1.6765889279999997E+05,1.5938765800541901E-01,5.215192639732361E+00,0E+00,5.041149816836707E-02,-7.179693370273557E-04,8.14940608074899E-03,-1.1659037167278728E-03,1.0300933603386649E-04,4.6640671647755925E-03,21_virtual@eisoky3tmanagedsub.com,precursor012,-1.99808E+05,2026-01-25 11:29:58,1E+01,prod-strategy-ap71,2026-02-02 07:52:31,-1.5752637031412947E+01,1.9244647582390417E-03|binance_futures,6.211180124223602E-01,1.2373267696934387E+00,4.6E+01,0E+00,1E+02,8.950389999999999E-03 | 0E+00
fr-BULLA-USDT-loong_kc_bnfutures_mode_3,BULLA-USDT-FTR,1.4110525124805215E+03,2.2508072769205214E+03,-8.397547644399999E+02,1.1084151395177992E+02,-7.887644019396829E+02,8.6641E-04 | 0E+00,-1.71678794936E-02,8.549975797662046E+05,-1.1110549076E+05,1.9814960000000003E+01,7.695367473900032E+00,2.334200685463421E+01,0E+00,1.6503584874080787E-03,2.63253058276024E-03,-7.558175196345264E-03,-9.22534075658281E-04,1.296395645729068E-04,2.8310305897154006E-03,21_virtual@eisoky3tmanagedsub.com,precursor012,9.79E+02,2026-01-26 05:04:56,5.38E+02,prod-strategy-ap71,2026-02-01 11:52:24,1.228081885119272E+03,6.9375619425173785E-03|kucoin_spot,8.730629739531817E-01,1.873126828901652E+01,0E+00,0E+00,2.648E+03,-1.0115076999999999E-01 | 0E+00
fr-LIT-USDT-loong_kc_bnfutures_mode_0,LIT-USDT-FTR,1.3472539625412908E+03,-4.090774605870926E+01,1.3881617086E+03,3.3987718508578837E+00,-1.1189589965948835E+02,5E-05 | 0E+00,2.1696184000000002E+01,3.460040648508072E+04,-4.9835572559999995E+05,-4.3392368E+05,6.942913406567817E-02,5.7347448861598975E+00,0E+00,3.893751835320809E-02,-1.1822909096847803E-03,2.785483616002826E-03,-3.2339475464756903E-03,9.822924630447314E-05,1.2698385058043861E-02,21_virtual@eisoky3tmanagedsub.com,precursor012,-2.712023E+05,2026-01-15 17:26:27,2.29E+02,prod-strategy-ap71,2026-02-02 07:52:34,-2.0262109983641235E+01,6.285355122566116E-04|binance_futures,4.222222222222222E-01,1.8852664194922903E+00,9.8E+01,0E+00,3.8E+01,3.1145400000000007E-03 | 0E+00
fr-NEAR-USDT-loong_kc_bnfutures_mode_4,NEAR-USDT-FTR,1.341591599202302E+03,8.268811600323021E+02,5.1471043917E+02,3.5134845192176704E+02,-3.24655000663349E+02,-7.84E-06 | 0E+00,-1.1965556332799999E+01,1.074095031434518E+06,-1.667684691E+06,-1.52621892E+06,6.44063615401095E-01,1.4605613107955597E+02,0E+00,1.2490436692650243E-03,7.69839851998899E-04,3.086377430624264E-04,-3.0225910293035514E-04,3.2711114160217296E-04,4.249354682586775E-02,21_virtual@eisoky3tmanagedsub.com,precursor012,-1.280385E+06,2026-01-03 06:10:45,1.109E+03,prod-strategy-ap71,2026-02-02 07:52:34,4.759992518586139E+02,1.3389121338911458E-03|kucoin_spot,8.358620689655173E-01,1.1850199349003003E+00,3.2E+01,0E+00,6.06E+02,6.117100000000001E-04 | 0E+00
fr-CC-USDT-loong_kc_bnfutures_mode_1,CC-USDT-FTR,1.3151732765685817E+03,1.2936945975285817E+03,2.147867904E+01,1.3797670091246914E+02,-1.3062569190511022E+03,-8.27E-06 | 0E+00,-1.9820415415E-02,6.875677392633753E+05,-1.7112679064000002E+05,-2.3966645E+03,4.0178848483742895E+00,-2.4392559672988877E+01,0E+00,1.9127908444011505E-03,1.8815522073717121E-03,1.2551324640444386E-04,-1.8998228748349343E-03,2.0067361080711884E-04,4.360407174368735E-03,21_virtual@eisoky3tmanagedsub.com,precursor012,-1.2755E+04,2025-11-27 07:52:56,2.73E+02,prod-strategy-ap71,2026-01-30 15:52:13,7.650428798055583E+02,2.020954103068684E-03|kucoin_spot,7.763157894736842E-01,1.6444986516588083E+00,0E+00,0E+00,4.72E+02,-1.0256999999999996E-03 | 0E+00
fr-FARTCOIN-USDT-loong_kc_bnfutures_mode_2,FARTCOIN-USDT-FTR,1.292174334721756E+03,-1.408659836082441E+02,1.43304031833E+03,1.907002276626241E+01,-2.7104424169508263E+02,5E-05 | 0E+00,3.7746483740376E+01,1.798966077518385E+05,-8.282697668000001E+05,-7.5492967480752E+05,2.1719567097911185E-01,-4.5077907259307966E+02,0E+00,7.182872155678823E-03,-7.830385762613386E-04,1.730161326383451E-03,-1.5066667742227764E-03,1.0600546060639946E-04,2.1104780963637423E-02,21_virtual@eisoky3tmanagedsub.com,precursor012,-3.4122911999999997E+06,2026-01-02 16:25:01,1.335E+03,prod-strategy-ap71,2026-02-02 07:52:33,-6.168574399900713E+01,0E+00|binance_futures,4.566145092460882E-01,1.6492458070850144E+00,1.88E+02,0E+00,3.21E+02,1.9484199999999985E-03 | 0E+00
fr-BAN-USDT-loong_kc_bnfutures_mode_9,BAN-USDT-FTR,1.224878057929304E+03,4.9805073693038375E+00,1.2198975505600001E+03,5.642860072224721E+00,-2.3915894189027256E+01,5E-05 | 0E+00,6.4122147E-02,5.0722659180969E+04,-2.4465981931742997E+05,-1.28244294E+03,2.0731912302755237E-01,6.656375070762635E-01,0E+00,2.414853790608981E-02,9.819097519186278E-05,4.986096834222148E-03,-4.715031620029975E-04,1.1124929495695498E-04,6.234070232028982E-03,21_virtual@eisoky3tmanagedsub.com,precursor012,-1.7834E+04,2026-01-28 08:02:49,7.2E+01,prod-strategy-ap71,2026-01-30 03:52:28,-1.05640258029289E+00,2.9407645987957753E-03|binance_futures,7.81021897810219E-01,1.1323354162814467E+00,0E+00,0E+00,2.14E+02,9.4533E-03 | 0E+00
fr-FOLKS-USDT-loong_kc_bnfutures_mode_0,FOLKS-USDT-FTR,1.1273820415300684E+03,-9.040419409931602E+00,1.13642246094E+03,2.0173374240511293E+01,-1.4392010558769104E+02,1.316E-04 | 0E+00,1.71617833408E+01,6.70337872522138E+04,-1.4663912639999998E+05,-1.30408688E+05,4.5713438764876474E-01,4.959992096163519E+00,0E+00,1.681811647144905E-02,-1.3486362296549252E-04,7.7497901742818905E-03,-2.1469785832955164E-03,3.009433759815661E-04,3.7364476737183996E-03,21_virtual@eisoky3tmanagedsub.com,precursor012,-8.49568E+04,2025-12-06 16:03:20,5.05E+02,prod-strategy-ap71,2026-02-02 07:52:34,-4.372989404234966E+00,2.334024896265552E-03|binance_futures,8.313953488372093E-01,2.293632735141727E+00,5.6E+01,2E+00,1.43E+02,9.045290000000001E-03 | 0E+00
fr-XPIN-USDT-loong_kc_bnfutures_mode_1,XPIN-USDT-FTR,1.0079260349000001E+03,0E+00,1.0079260349000001E+03,0E+00,0E+00,4.1513E-04 | 0E+00,9.26731371708739E+01,0E+00,-2.2749992348096002E+05,-2.2323883403E+05,0E+00,0E+00,0E+00,0E+00,0E+00,4.4304455996195344E-03,0E+00,0E+00,5.796826404590113E-03,21_virtual@eisoky3tmanagedsub.com,precursor012,-9.7484207E+07,2025-12-16 14:03:05,0E+00,prod-strategy-ap71,2026-01-28 15:53:32,0E+00,4.468196951112446E-03|binance_futures,0E+00,1.0373137743088514E+00,0E+00,0E+00,0E+00,6.540000000000001E-03 | 0E+00
fr-XPIN-USDT-loong_kc_bnfutures_mode_2,XPIN-USDT-FTR,1.0000786064851047E+03,-6.320819724895315E+00,1.00639942621E+03,3.3831264364533126E+01,-1.227986019873224E+02,4.1513E-04 | 0E+00,9.26731371708739E+01,2.1411035749864578E+05,-2.2749992348096002E+05,-2.2323883403E+05,9.411447451170908E-01,1.9997016900000002E+01,0E+00,4.670855806176636E-03,-2.9521316944862385E-05,4.423735229494386E-03,-5.73529479946336E-04,1.5800853709165894E-04,5.796826404590113E-03,21_virtual@eisoky3tmanagedsub.com,precursor012,-9.7484207E+07,2026-01-28 08:30:06,9.11E+02,prod-strategy-ap71,2026-02-02 07:52:32,-6.915445440384002E+00,4.468196951112446E-03|binance_futures,8.018923713778829E-01,1.097721893650032E+00,6E+00,0E+00,1.356E+03,6.540000000000001E-03 | 0E+00
fr-IRYS-USDT-loong_kc_bnfutures_mode_1,IRYS-USDT-FTR,9.766167978413487E+02,1.118089101348673E+00,9.7549870874E+02,6.558705260125862E+00,-7.272779378742416E+01,3.3452E-04 | 0E+00,4.3543690427492606E+01,5.952130704571307E+04,-1.3947155293499999E+05,-1.3016767436174999E+05,4.2676306238199463E-01,-4.3479476824318886E+02,0E+00,1.6407852016611386E-02,1.878468664154111E-05,6.994248563322631E-03,-1.2218783053868148E-03,1.1019088097458442E-04,3.553813857921847E-03,21_virtual@eisoky3tmanagedsub.com,precursor012,-2.670225E+06,2026-01-22 03:50:04,9.9E+02,prod-strategy-ap71,2026-02-02 07:52:41,3.5891684813875685E+01,2.8577302631578316E-03|binance_futures,3.5968379446640314E-01,1.4425130224234066E+00,1.26E+02,1E+00,4.55E+02,8.424859999999998E-03 | 0E+00
fr-IRYS-USDT-loong_kc_bnfutures_mode_0,IRYS-USDT-FTR,9.7549870874E+02,0E+00,9.7549870874E+02,0E+00,0E+00,3.3452E-04 | 0E+00,4.3543690427492606E+01,0E+00,-1.3947155293499999E+05,-1.3016767436174999E+05,0E+00,0E+00,0E+00,0E+00,0E+00,6.994248563322631E-03,0E+00,0E+00,3.553813857921847E-03,21_virtual@eisoky3tmanagedsub.com,precursor012,-2.670225E+06,2026-01-04 15:26:14,0E+00,prod-strategy-ap71,2026-01-22 11:30:21,0E+00,2.8577302631578316E-03|binance_futures,0E+00,1.535720324473177E+00,0E+00,0E+00,0E+00,8.424859999999998E-03 | 0E+00
fr-RVV-USDT-loong_kc_bnfutures_mode_1,RVV-USDT-FTR,9.084027565176782E+02,2.456409653376782E+02,6.6276179118E+02,1.6759449162320834E+01,-1.7140748146657276E+02,5E-05 | 0E+00,4.2812222974425005E+00,1.4586517999723926E+05,-1.0068097513166E+05,-8.562444594885E+04,1.4487859280911026E+00,-2.1243817999999997E+01,0E+00,6.227687488781566E-03,1.6840274378184523E-03,6.582790743865063E-03,-1.1751089702821257E-03,1.1489684627022045E-04,2.565408050046806E-03,21_virtual@eisoky3tmanagedsub.com,precursor012,-2.8154915E+07,2026-01-14 04:49:07,4.05E+02,prod-strategy-ap71,2026-02-02 07:52:28,9.385056507517636E+01,2.954694681549519E-03|kucoin_spot,8.23404255319149E-01,3.2483688175759844E+00,7.4E+01,1E+00,7.74E+02,8.816969999999997E-03 | 0E+00
fr-LIGHT-USDT-loong_kc_bnfutures_mode_0,LIGHT-USDT-FTR,8.546212384151147E+02,5.204094385114774E+00,8.494171440299999E+02,4.449125896207988E+00,-7.623435999278442E+01,2.2791E-04 | 0E+00,4.402850927409662E+01,4.413453544020653E+04,-2.3722106274392002E+05,-1.9318375356103998E+05,1.8604813134932174E-01,-1.1193733467769622E+01,0E+00,1.93640021332717E-02,1.1791433473147761E-04,3.58069867070339E-03,-1.7273176036047041E-03,1.0080826391014503E-04,6.044526517627471E-03,21_virtual@eisoky3tmanagedsub.com,precursor012,-5.42872E+05,2025-12-12 16:08:36,2.81E+02,prod-strategy-ap71,2026-02-02 07:52:42,-4.697804154047542E+00,8.296460176990816E-04|binance_futures,5.808823529411765E-01,5.029182579162442E+00,1.46E+02,1E+01,1.58E+02,4.7700600000000004E-03 | 0E+00
fr-STABLE-USDT-loong_kc_bnfutures_mode_1,STABLE-USDT-FTR,6.940041611099999E+02,0E+00,6.940041611099999E+02,0E+00,0E+00,-2.309E-05 | 0E+00,-1.228214638446862E+01,0E+00,-5.1083172886399995E+05,-5.3192491920609E+05,0E+00,0E+00,0E+00,0E+00,0E+00,1.358576850058518E-03,0E+00,0E+00,1.3016280660107923E-02,21_virtual@eisoky3tmanagedsub.com,precursor012,-1.9655693E+07,2026-01-03 14:22:59,0E+00,prod-strategy-ap71,2026-01-21 10:10:24,0E+00,2.498438475952547E-03|kucoin_spot,0E+00,1.9307011022193747E+00,0E+00,0E+00,0E+00,1.6842599999999993E-03 | 0E+00
fr-PUMP-USDT-loong_kc_bnfutures_mode_3,PUMP-USDT-FTR,6.890715849573526E+02,-3.421683684626476E+02,1.0312399534200001E+03,1.4341420467964781E+01,-5.246137736146338E+02,3.71E-05 | 0E+00,4.214793196025822E+01,2.0064303452509642E+05,-1.3541160753148198E+06,-1.13606285607165E+06,1.4817269965460583E-01,4.890568499999999E+01,0E+00,3.4343160059770905E-03,-1.7053588193207336E-03,7.615594942111931E-04,-2.6146622774936906E-03,7.147729051202601E-05,3.4503641584397414E-02,21_virtual@eisoky3tmanagedsub.com,precursor012,-4.47330481E+08,2026-01-03 15:11:20,9.99E+02,prod-strategy-ap71,2026-02-02 07:52:33,-1.3161860872642117E+02,1.5710919088767206E-03|kucoin_spot,1.2333333333333334E-01,1.5453100852076411E+00,6E+01,0E+00,7.4E+01,9.383300000000003E-04 | 0E+00
fr-CLANKER-USDT-loong_kc_bnfutures_mode_6,CLANKER-USDT-FTR,6.864807427383843E+02,7.210050912383842E+02,-3.45243485E+01,4.167206026605345E+01,-7.589256010827303E+02,2.5E-05 | 0E+00,4.351959166423751E-02,5.550530360389054E+05,-1.1459599309999999E+05,-1.7407836665695002E+03,4.843564081289902E+00,1.77779196674712E+01,0E+00,1.2367840515519074E-03,1.2989841410179167E-03,-3.0127011919058104E-04,-1.367302855414946E-03,7.507761882259577E-05,2.919970558662199E-03,21_virtual@eisoky3tmanagedsub.com,precursor012,-4.865E+01,2026-01-30 08:24:56,2.78E+02,prod-strategy-ap71,2026-02-01 05:41:34,3.341920235253264E+02,1.4345991561182103E-03|kucoin_spot,7.990726429675425E-01,5.1843054341927095E+00,0E+00,0E+00,2.068E+03,-3.540790000000002E-03 | 0E+00
fr-RVV-USDT-loong_kc_bnfutures_mode_0,RVV-USDT-FTR,6.6276179118E+02,0E+00,6.6276179118E+02,0E+00,0E+00,5E-05 | 0E+00,4.2812222974425005E+00,0E+00,-1.0068097513166E+05,-8.562444594885E+04,0E+00,0E+00,0E+00,0E+00,0E+00,6.582790743865063E-03,0E+00,0E+00,2.565408050046806E-03,21_virtual@eisoky3tmanagedsub.com,precursor012,-2.8154915E+07,2025-11-16 15:54:38,0E+00,prod-strategy-ap71,2026-01-14 12:38:29,0E+00,2.954694681549519E-03|kucoin_spot,0E+00,3.2483688175759844E+00,0E+00,0E+00,0E+00,8.816969999999997E-03 | 0E+00
fr-GIGGLE-USDT-loong_kc_bnfutures_mode_2,GIGGLE-USDT-FTR,5.5302117933313E+02,-8.332827448686999E+01,6.3634945382E+02,5.267688951444143E+00,-2.2594962615819531E+02,5E-05 | 0E+00,1.418846328E+01,6.972553360211104E+04,-3.5926064487008646E+05,-2.837692656E+05,1.9408063365060413E-01,3.194936444934458E+01,0E+00,7.931401177780108E-03,-1.1950898068759576E-03,1.7712751533085754E-03,-3.240557862885317E-03,7.554892274477561E-05,9.154163924311313E-03,21_virtual@eisoky3tmanagedsub.com,precursor012,-7.73424E+03,2026-01-02 17:26:24,1.312E+03,prod-strategy-ap71,2026-02-02 07:52:28,-2.718168273638759E+01,4.088307440719641E-03|kucoin_spot,3.2558139534883723E-01,1.6427721371777348E+00,6.2E+01,0E+00,9.8E+01,1.9346999999999988E-03 | 0E+00
fr-NEAR-USDT-loong_kc_bnfutures_mode_3,NEAR-USDT-FTR,5.1471043917E+02,0E+00,5.1471043917E+02,0E+00,0E+00,-7.84E-06 | 0E+00,-1.1965556332799999E+01,0E+00,-1.667684691E+06,-1.52621892E+06,0E+00,0E+00,0E+00,0E+00,0E+00,3.086377430624264E-04,0E+00,0E+00,4.249354682586775E-02,21_virtual@eisoky3tmanagedsub.com,precursor012,-1.280385E+06,2025-12-15 16:01:56,0E+00,prod-strategy-ap71,2025-12-28 04:42:53,0E+00,1.3389121338911458E-03|kucoin_spot,0E+00,1.2522249687916618E+00,0E+00,0E+00,0E+00,6.117100000000001E-04 | 0E+00
fr-KGEN-USDT-loong_kc_bnfutures_mode_3,KGEN-USDT-FTR,5.0964573980738214E+02,2.3140385857382157E+01,4.8650535394999997E+02,5.564124912838452E+00,-4.0810740067390725E+01,5E-05 | 0E+00,6.720099780798001E+00,2.3044235701203346E+04,-1.7075719843117002E+05,-1.3440199561596E+05,1.349532313303452E-01,6.952012821197495E-01,0E+00,2.211597496291747E-02,1.0041724167998243E-03,2.8491059728067854E-03,-1.7709739041273402E-03,2.4145408791092598E-04,4.350989756365709E-03,21_virtual@eisoky3tmanagedsub.com,precursor012,-6.08508E+05,2026-01-13 03:19:30,4.28E+02,prod-strategy-ap71,2026-01-31 11:51:56,-2.3678213559623127E+00,1.6775480594848347E-03|kucoin_spot,8E-01,1.291489870857599E+00,0E+00,0E+00,8.8E+01,3.183740000000001E-03 | 0E+00
fr-KGEN-USDT-loong_kc_bnfutures_mode_1,KGEN-USDT-FTR,4.8650535395E+02,0E+00,4.8650535395E+02,0E+00,0E+00,5E-05 | 0E+00,6.720099780798001E+00,0E+00,-1.7075719843117002E+05,-1.3440199561596E+05,0E+00,0E+00,0E+00,0E+00,0E+00,2.849105972806786E-03,0E+00,0E+00,4.350989756365709E-03,21_virtual@eisoky3tmanagedsub.com,precursor012,-6.08508E+05,2026-01-05 01:29:40,0E+00,prod-strategy-ap71,2026-01-12 02:45:56,0E+00,1.6775480594848347E-03|kucoin_spot,0E+00,1.2065155852558547E+00,0E+00,0E+00,0E+00,3.183740000000001E-03 | 0E+00
fr-KGEN-USDT-loong_kc_bnfutures_mode_0,KGEN-USDT-FTR,4.8650535394999997E+02,0E+00,4.8650535394999997E+02,0E+00,0E+00,5E-05 | 0E+00,6.720099780798001E+00,0E+00,-1.7075719843117002E+05,-1.3440199561596E+05,0E+00,0E+00,0E+00,0E+00,0E+00,2.8491059728067854E-03,0E+00,0E+00,4.350989756365709E-03,21_virtual@eisoky3tmanagedsub.com,precursor012,-6.08508E+05,2025-12-17 16:02:20,0E+00,prod-strategy-ap71,2026-01-04 19:11:28,0E+00,1.6775480594848347E-03|kucoin_spot,0E+00,1.2829065368867503E+00,0E+00,0E+00,0E+00,3.183740000000001E-03 | 0E+00
fr-KGEN-USDT-loong_kc_bnfutures_mode_2,KGEN-USDT-FTR,4.8650535394999997E+02,0E+00,4.8650535394999997E+02,0E+00,0E+00,5E-05 | 0E+00,6.720099780798001E+00,0E+00,-1.7075719843117002E+05,-1.3440199561596E+05,0E+00,0E+00,0E+00,0E+00,0E+00,2.8491059728067854E-03,0E+00,0E+00,4.350989756365709E-03,21_virtual@eisoky3tmanagedsub.com,precursor012,-6.08508E+05,2026-01-11 19:07:48,0E+00,prod-strategy-ap71,2026-01-13 10:45:16,0E+00,1.6775480594848347E-03|kucoin_spot,0E+00,1.2065155852558547E+00,0E+00,0E+00,0E+00,3.183740000000001E-03 | 0E+00
fr-LTC-USDT-loong_kc_bnfutures_mode_2,LTC-USDT-FTR,4.8550863562950724E+02,-2.2601416620492742E+01,5.0811005224999997E+02,1.4835256162914447E+00,-2.961219010129571E+01,1.88E-06 | 0E+00,2.9801955850879995E+00,2.1319208821058273E+04,-1.8527191662636742E+06,-1.5852104175999998E+06,1.1506983470167318E-02,1.9928370424509048E+01,0E+00,2.277329518673043E-02,-1.0601433106733284E-03,2.742509828268744E-04,-1.3889910432344917E-03,6.958633543783655E-05,4.720832965109235E-02,21_virtual@eisoky3tmanagedsub.com,precursor012,-2.6777203E+04,2026-01-02 23:42:23,8.96E+02,prod-strategy-ap71,2026-02-02 07:52:35,-1.5877030571922516E+01,8.448800270361989E-04|kucoin_spot,1.5789473684210525E-01,9.798381940547951E-01,4.1E+01,0E+00,9E+00,3.6519000000000005E-04 | 0E+00
fr-LYN-USDT-loong_kc_bnfutures_mode_3,LYN-USDT-FTR,4.807080594E+02,0E+00,4.807080594E+02,0E+00,0E+00,5E-05 | 0E+00,7.171214868E+00,0E+00,-1.4065940515713E+05,-1.4342429736E+05,0E+00,0E+00,0E+00,0E+00,0E+00,3.4175322927251337E-03,0E+00,0E+00,3.584081002721879E-03,21_virtual@eisoky3tmanagedsub.com,precursor012,-1.245976E+06,2025-12-16 07:47:04,0E+00,prod-strategy-ap71,2026-01-02 03:10:52,0E+00,2.8878970858492448E-03|kucoin_spot,0E+00,1.3697052157487237E+00,0E+00,0E+00,0E+00,5.389629999999997E-03 | 0E+00
fr-LYN-USDT-loong_kc_bnfutures_mode_4,LYN-USDT-FTR,4.8070805939999997E+02,0E+00,4.8070805939999997E+02,0E+00,0E+00,5E-05 | 0E+00,7.171214868E+00,0E+00,-1.4065940515713E+05,-1.4342429736E+05,0E+00,0E+00,0E+00,0E+00,0E+00,3.4175322927251332E-03,0E+00,0E+00,3.584081002721879E-03,21_virtual@eisoky3tmanagedsub.com,precursor012,-1.245976E+06,2026-01-02 18:14:19,0E+00,prod-strategy-ap71,2026-01-13 18:45:27,0E+00,2.8878970858492448E-03|kucoin_spot,0E+00,1.4339785900186743E+00,0E+00,0E+00,0E+00,5.389629999999997E-03 | 0E+00
fr-HUMA-USDT-loong_kc_bnfutures_mode_1,HUMA-USDT-FTR,4.5639962460780873E+02,-1.099782905621912E+02,5.663779151699999E+02,4.753184362962202E+00,-1.60924908961274E+02,5E-05 | 0E+00,1.5526081467929998E+01,5.991607437464595E+04,-3.0696607508E+05,-3.1052162935859995E+05,1.951879352108565E-01,1.438556E+01,0E+00,7.617315209170955E-03,-1.8355389886612725E-03,1.8450830927241497E-03,-2.6858386608414205E-03,7.933070403179746E-05,7.821668781730642E-03,21_virtual@eisoky3tmanagedsub.com,precursor012,-1.234277E+07,2026-01-14 05:57:29,1.017E+03,prod-strategy-ap71,2026-02-02 07:52:33,-6.736398143825339E+01,1.4721680658895675E-03|kucoin_spot,3.580645161290323E-01,1.2251840605343751E+00,5.1E+01,0E+00,1.11E+02,2.149999999999999E-03 | 0E+00
fr-PARTI-USDT-loong_kc_bnfutures_mode_1,PARTI-USDT-FTR,4.2808560371000004E+02,0E+00,4.2808560371000004E+02,0E+00,0E+00,5E-05 | 0E+00,8.840898528879999E+00,0E+00,-2.4819415353324002E+05,-1.7681797057759998E+05,0E+00,0E+00,0E+00,0E+00,0E+00,1.7248013203206563E-03,0E+00,0E+00,6.324127061901142E-03,21_virtual@eisoky3tmanagedsub.com,precursor012,-2.36164E+06,2026-01-11 17:08:53,0E+00,prod-strategy-ap71,2026-01-24 11:29:19,0E+00,1.6025641025640969E-03|kucoin_spot,0E+00,1.2575883690738685E+00,0E+00,0E+00,0E+00,2.1999999999999993E-03 | 0E+00
fr-PARTI-USDT-loong_kc_bnfutures_mode_2,PARTI-USDT-FTR,4.2808560371000004E+02,0E+00,4.2808560371000004E+02,0E+00,0E+00,5E-05 | 0E+00,8.840898528879999E+00,0E+00,-2.4819415353324002E+05,-1.7681797057759998E+05,0E+00,0E+00,0E+00,0E+00,0E+00,1.7248013203206563E-03,0E+00,0E+00,6.324127061901142E-03,21_virtual@eisoky3tmanagedsub.com,precursor012,-2.36164E+06,2026-01-24 06:47:24,0E+00,prod-strategy-ap71,2026-01-26 03:28:40,0E+00,1.6025641025640969E-03|kucoin_spot,0E+00,1.1761078655957755E+00,0E+00,0E+00,0E+00,2.1999999999999993E-03 | 0E+00
fr-PARTI-USDT-loong_kc_bnfutures_mode_0,PARTI-USDT-FTR,4.2808560371E+02,0E+00,4.2808560371E+02,0E+00,0E+00,5E-05 | 0E+00,8.840898528879999E+00,0E+00,-2.4819415353324002E+05,-1.7681797057759998E+05,0E+00,0E+00,0E+00,0E+00,0E+00,1.724801320320656E-03,0E+00,0E+00,6.324127061901142E-03,21_virtual@eisoky3tmanagedsub.com,precursor012,-2.36164E+06,2025-12-17 16:09:09,0E+00,prod-strategy-ap71,2026-01-11 14:46:31,0E+00,1.6025641025640969E-03|kucoin_spot,0E+00,1.1761078655957755E+00,0E+00,0E+00,0E+00,2.1999999999999993E-03 | 0E+00
fr-LYN-USDT-loong_kc_bnfutures_mode_5,LYN-USDT-FTR,4.105559701321878E+02,-7.015208926781227E+01,4.807080594E+02,2.049178286057031E+01,-5.803883657316146E+02,5E-05 | 0E+00,7.171214868E+00,2.1963738066406175E+05,-1.4065940515713E+05,-1.4342429736E+05,1.5614837871573948E+00,1.5745900508880606E+00,0E+00,1.8692445197210693E-03,-3.193995897042262E-04,3.4175322927251337E-03,-2.642484462238813E-03,9.329824822448033E-05,3.584081002721879E-03,21_virtual@eisoky3tmanagedsub.com,precursor012,-1.245976E+06,2026-01-13 11:28:20,3.83E+02,prod-strategy-ap71,2026-02-02 07:52:40,-1.7974299486711367E+01,2.8878970858492448E-03|kucoin_spot,6.966932725199544E-01,1.3697052157487237E+00,4.5E+01,0E+00,6.11E+02,5.389629999999997E-03 | 0E+00
fr-STABLE-USDT-loong_kc_bnfutures_mode_2,STABLE-USDT-FTR,4.0624694899312794E+02,-2.87757212116872E+02,6.940041611099999E+02,1.4963563371638884E+01,-5.68979668496584E+02,-2.309E-05 | 0E+00,-1.228214638446862E+01,2.0680362552955747E+05,-5.1083172886399995E+05,-5.3192491920609E+05,4.048370800879037E-01,4.637300000000001E+00,0E+00,1.9644092213222104E-03,-1.3914514863074498E-03,1.358576850058518E-03,-2.7513041274765393E-03,7.235638801458155E-05,1.3016280660107923E-02,21_virtual@eisoky3tmanagedsub.com,precursor012,-1.9655693E+07,2026-01-21 02:21:50,6.49E+02,prod-strategy-ap71,2026-02-02 07:52:37,-1.5423864067721178E+02,2.498438475952547E-03|kucoin_spot,1.9720101781170485E-01,1.9283082507641967E+00,0E+00,1E+00,1.55E+02,1.6842599999999993E-03 | 0E+00
fr-MET-USDT-loong_kc_bnfutures_mode_2,MET-USDT-FTR,3.7033699491E+02,0E+00,3.7033699491E+02,0E+00,0E+00,5E-05 | 0E+00,1.037164265E+01,0E+00,-2.283578778592E+05,-2.07432853E+05,0E+00,0E+00,0E+00,0E+00,0E+00,1.6217395186092108E-03,0E+00,0E+00,5.818687566201147E-03,21_virtual@eisoky3tmanagedsub.com,precursor012,-8.6179E+05,2025-12-15 16:06:53,0E+00,prod-strategy-ap71,2025-12-31 11:11:28,0E+00,1.2610340479193294E-03|kucoin_spot,0E+00,1.4368327529553586E+00,0E+00,0E+00,0E+00,1.806519999999999E-03 | 0E+00
fr-XPL-USDT-loong_kc_bnfutures_mode_0,XPL-USDT-FTR,3.3567808130224245E+02,-7.252937698775753E+01,4.0820745829E+02,2.8520105802454054E+00,-1.4582749945484102E+02,5E-05 | 0E+00,1.1601184562676501E+01,3.5761986533641815E+04,-3.1097779469999997E+05,-2.3202369125353E+05,1.149985212550027E-01,-4.5788117218017577E-01,0E+00,9.386449519141372E-03,-2.0281137603899075E-03,1.3126578979177513E-03,-4.077723683432938E-03,7.974978061027114E-05,7.92388966103997E-03,21_virtual@eisoky3tmanagedsub.com,precursor012,-2.239127E+06,2026-01-03 14:33:59,9.77E+02,prod-strategy-ap71,2026-02-02 07:52:35,-1.9130611469576824E+01,1.9267822736031004E-03|kucoin_spot,1.6483516483516483E-01,1.4995941049644086E+00,7.9E+01,0E+00,1.5E+01,1.5849199999999992E-03 | 0E+00
fr-MET-USDT-loong_kc_bnfutures_mode_3,MET-USDT-FTR,3.202313586130385E+02,-5.010563629696149E+01,3.7033699491E+02,1.5971279207078624E+00,-9.149889955902474E+01,5E-05 | 0E+00,1.037164265E+01,2.2789001940011978E+04,-2.283578778592E+05,-2.07432853E+05,9.979512050844654E-02,-2.970349457645416E+00,0E+00,1.405201331133285E-02,-2.1986762048138717E-03,1.6217395186092108E-03,-4.015046371924467E-03,7.00832763502333E-05,5.818687566201147E-03,21_virtual@eisoky3tmanagedsub.com,precursor012,-8.6179E+05,2026-01-03 07:59:00,1E+01,prod-strategy-ap71,2026-02-02 07:52:39,-2.7088988939065317E+01,1.2610340479193294E-03|kucoin_spot,5.172413793103449E-01,1.4368327529553586E+00,6.4E+01,5E+00,4.5E+01,1.806519999999999E-03 | 0E+00
fr-USELESS-USDT-loong_kc_bnfutures_mode_0,USELESS-USDT-FTR,3.015772017781739E+02,-1.6965352331826075E+01,3.1854255410999997E+02,3.2530338779033627E+00,-1.1857402266468853E+02,5E-05 | 0E+00,6.956005041248E+00,4.586806829574704E+04,-1.7713520441004002E+05,-1.3912010082495998E+05,2.5894383021440337E-01,6.627783682489396E+00,0E+00,6.574883420720305E-03,-3.6987283228143115E-04,1.7983017840576979E-03,-2.5851104498264403E-03,7.092153645818542E-05,4.513504947145725E-03,21_virtual@eisoky3tmanagedsub.com,precursor012,-3.1305279999999995E+06,2026-01-03 08:26:20,1.025E+03,prod-strategy-ap71,2026-02-02 07:52:31,-7.85661910872347E+00,1.8103643358224897E-03|kucoin_spot,4.253731343283582E-01,1.958806632391834E+00,1.02E+02,2E+00,5.7E+01,2.149999999999999E-03 | 0E+00
fr-PLAY-USDT-loong_kc_bnfutures_mode_3,PLAY-USDT-FTR,2.866304975795112E+02,1.1341397878951122E+02,1.7321651878999998E+02,2.6026846336826566E+01,-6.943133525134836E+02,-8.453E-05 | 0E+00,-1.4445574344717485E-01,3.0426323222374916E+05,-3.298035516E+04,-1.7089287051600004E+03,9.225589923081628E+00,1.592365929953575E+01,0E+00,9.420477639859186E-04,3.7274953651353056E-04,5.252111990597496E-03,-2.281949571885502E-03,8.55405569269932E-05,8.40358056824789E-04,21_virtual@eisoky3tmanagedsub.com,precursor012,-1.6501E+04,2026-01-26 06:26:01,6.32E+02,prod-strategy-ap71,2026-02-02 07:52:37,1.667217454998188E+02,1.89861218195837E-02|kucoin_spot,6.30012936610608E-01,1.947906287783001E+00,0E+00,0E+00,9.74E+02,9.390349999999997E-03 | 0E+00
fr-PARTI-USDT-loong_kc_bnfutures_mode_4,PARTI-USDT-FTR,2.6325752874105564E+02,-2.1641428508944365E+01,2.8489895725E+02,2.561663261560213E+00,-4.7924185234936886E+01,5E-05 | 0E+00,8.840898528879999E+00,2.5577025219605508E+04,-1.8354452957545E+05,-1.7681797057759998E+05,1.3935051771233264E-01,5.964076351154097E+01,0E+00,1.029273445526657E-02,-8.461276603956117E-04,1.5522062025438142E-03,-1.873720060228179E-03,1.0015485536592528E-04,4.676818168468905E-03,21_virtual@eisoky3tmanagedsub.com,precursor012,-2.36164E+06,2026-01-28 12:05:28,9.2E+02,prod-strategy-ap71,2026-02-02 07:52:40,-1.5348264006738038E+01,1.6025641025640969E-03|kucoin_spot,3.370165745856354E-01,1.1761078655957755E+00,9E+01,0E+00,6.1E+01,2.1999999999999993E-03 | 0E+00
fr-SWARMS-USDT-loong_kc_bnfutures_mode_2,SWARMS-USDT-FTR,2.6169522569000003E+02,0E+00,2.6169522569000003E+02,0E+00,0E+00,5E-05 | 0E+00,5.9814591474E+00,0E+00,-1.212417441099E+05,-1.1962918294799999E+05,0E+00,0E+00,0E+00,0E+00,0E+00,2.1584581087252053E-03,0E+00,0E+00,3.0893080438932387E-03,21_virtual@eisoky3tmanagedsub.com,precursor012,-1.3480104E+07,2026-01-02 17:30:07,0E+00,prod-strategy-ap71,2026-01-11 10:46:19,0E+00,2.2371364653241965E-03|kucoin_spot,0E+00,2.3150672131996393E+00,0E+00,0E+00,0E+00,3.849150000000002E-03 | 0E+00
fr-SWARMS-USDT-loong_kc_bnfutures_mode_3,SWARMS-USDT-FTR,2.6169522569000003E+02,0E+00,2.6169522569000003E+02,0E+00,0E+00,5E-05 | 0E+00,5.9814591474E+00,0E+00,-1.212417441099E+05,-1.1962918294799999E+05,0E+00,0E+00,0E+00,0E+00,0E+00,2.1584581087252053E-03,0E+00,0E+00,3.0893080438932387E-03,21_virtual@eisoky3tmanagedsub.com,precursor012,-1.3480104E+07,2026-01-16 23:08:30,0E+00,prod-strategy-ap71,2026-01-24 19:29:16,0E+00,2.2371364653241965E-03|kucoin_spot,0E+00,2.340580474456105E+00,0E+00,0E+00,0E+00,3.849150000000002E-03 | 0E+00
fr-TRUTH-USDT-loong_kc_bnfutures_mode_1,TRUTH-USDT-FTR,2.2265836366999997E+02,0E+00,2.2265836366999997E+02,0E+00,0E+00,5E-05 | 0E+00,5.3969953767345E+00,0E+00,-1.14686358545E+05,-1.0793990753468999E+05,0E+00,0E+00,0E+00,0E+00,0E+00,1.941454646348672E-03,0E+00,0E+00,2.9222731211845216E-03,21_virtual@eisoky3tmanagedsub.com,precursor012,-7.694489E+06,2025-12-12 16:04:21,0E+00,prod-strategy-ap71,2025-12-28 20:42:49,0E+00,1.4889393079977609E-03|binance_futures,0E+00,1.9253472249990748E+00,0E+00,0E+00,0E+00,2.5006800000000004E-03 | 0E+00
fr-TRUTH-USDT-loong_kc_bnfutures_mode_2,TRUTH-USDT-FTR,2.1912035187322752E+02,-3.5380117967724725E+00,2.2265836367E+02,3.587556630373001E-02,-5.762887001037598E+00,5E-05 | 0E+00,5.3969953767345E+00,5.0175140380859375E+02,-1.14686358545E+05,-1.0793990753468999E+05,4.374987663521633E-03,0E+00,0E+00,4.3671098916709106E-01,-7.0513241615605725E-03,1.9414546463486723E-03,-1.1485542356820196E-02,7.150067948273382E-05,2.9222731211845216E-03,21_virtual@eisoky3tmanagedsub.com,precursor012,-7.694489E+06,2026-01-03 11:44:40,4E+00,prod-strategy-ap71,2026-02-02 07:52:36,-3.538011796772473E+00,1.4889393079977609E-03|binance_futures,0E+00,1.9422650654440652E+00,4.6E+01,0E+00,0E+00,2.5006800000000004E-03 | 0E+00
fr-ZEREBRO-USDT-loong_kc_bnfutures_mode_3,ZEREBRO-USDT-FTR,1.9883286893E+02,0E+00,1.9883286893E+02,0E+00,0E+00,5E-05 | 0E+00,3.96898656E+00,0E+00,-9.60601203E+04,-7.93797312E+04,0E+00,0E+00,0E+00,0E+00,0E+00,2.0698794495471813E-03,0E+00,0E+00,2.4476660618734064E-03,21_virtual@eisoky3tmanagedsub.com,precursor012,-8.859345E+06,2026-01-03 14:06:34,0E+00,prod-strategy-ap71,2026-01-16 14:11:40,0E+00,1.116071428571619E-03|kucoin_spot,0E+00,1.7166733648743728E+00,0E+00,0E+00,0E+00,2.2915799999999992E-03 | 0E+00
fr-ZEREBRO-USDT-loong_kc_bnfutures_mode_2,ZEREBRO-USDT-FTR,1.9883286893E+02,0E+00,1.9883286893E+02,0E+00,0E+00,5E-05 | 0E+00,3.96898656E+00,0E+00,-9.60601203E+04,-7.93797312E+04,0E+00,0E+00,0E+00,0E+00,0E+00,2.0698794495471813E-03,0E+00,0E+00,2.4476660618734064E-03,21_virtual@eisoky3tmanagedsub.com,precursor012,-8.859345E+06,2025-11-16 14:28:58,0E+00,prod-strategy-ap71,2026-01-02 11:10:44,0E+00,1.116071428571619E-03|kucoin_spot,0E+00,1.6057330459948813E+00,0E+00,0E+00,0E+00,2.2915799999999992E-03 | 0E+00
fr-XNY-USDT-loong_kc_bnfutures_mode_1,XNY-USDT-FTR,1.9872365435999998E+02,0E+00,1.9872365435999998E+02,0E+00,0E+00,1.1553E-04 | 0E+00,1.89805831314E-01,0E+00,-1.31015849036E+05,-1.6429138E+03,0E+00,0E+00,0E+00,0E+00,0E+00,1.5167909517984767E-03,0E+00,0E+00,3.338357751910361E-03,21_virtual@eisoky3tmanagedsub.com,precursor012,-4.682E+05,2026-01-10 03:48:35,0E+00,prod-strategy-ap71,2026-01-20 18:10:56,0E+00,5.422374429223664E-03|binance_futures,0E+00,1.194592837191798E+00,0E+00,0E+00,0E+00,3.1577899999999997E-03 | 0E+00
fr-XNY-USDT-loong_kc_bnfutures_mode_0,XNY-USDT-FTR,1.9872365435999998E+02,0E+00,1.9872365435999998E+02,0E+00,0E+00,1.1553E-04 | 0E+00,1.89805831314E-01,0E+00,-1.31015849036E+05,-1.6429138E+03,0E+00,0E+00,0E+00,0E+00,0E+00,1.5167909517984767E-03,0E+00,0E+00,3.338357751910361E-03,21_virtual@eisoky3tmanagedsub.com,precursor012,-4.682E+05,2025-12-12 16:06:01,0E+00,prod-strategy-ap71,2026-01-03 23:11:27,0E+00,5.422374429223664E-03|binance_futures,0E+00,1.194592837191798E+00,0E+00,0E+00,0E+00,3.1577899999999997E-03 | 0E+00
fr-BLUAI-USDT-loong_kc_bnfutures_mode_1,BLUAI-USDT-FTR,1.9145891496000002E+02,0E+00,1.9145891496000002E+02,0E+00,0E+00,5E-05 | 0E+00,3.5979149418940004E+00,0E+00,-7.942658479847999E+04,-7.195829883788001E+04,0E+00,0E+00,0E+00,0E+00,0E+00,2.410514255973197E-03,0E+00,0E+00,2.0238341927388747E-03,21_virtual@eisoky3tmanagedsub.com,precursor012,-1.3457293E+07,1970-01-01 00:00:00,0E+00,prod-strategy-ap71,2025-12-28 20:42:49,0E+00,3.3432392273402556E-03|binance_futures,0E+00,3.800760070352441E+00,0E+00,0E+00,0E+00,2.82611E-03 | 0E+00
fr-BLUAI-USDT-loong_kc_bnfutures_mode_2,BLUAI-USDT-FTR,1.9145891496000002E+02,0E+00,1.9145891496000002E+02,0E+00,0E+00,5E-05 | 0E+00,3.5979149418940004E+00,0E+00,-7.942658479847999E+04,-7.195829883788001E+04,0E+00,0E+00,0E+00,0E+00,0E+00,2.410514255973197E-03,0E+00,0E+00,2.0238341927388747E-03,21_virtual@eisoky3tmanagedsub.com,precursor012,-1.3457293E+07,2025-12-30 02:12:24,0E+00,prod-strategy-ap71,2026-01-22 11:30:20,0E+00,3.3432392273402556E-03|binance_futures,0E+00,3.8326452746937028E+00,0E+00,0E+00,0E+00,2.82611E-03 | 0E+00
fr-BLUAI-USDT-loong_kc_bnfutures_mode_0,BLUAI-USDT-FTR,1.9145891496000002E+02,0E+00,1.9145891496000002E+02,0E+00,0E+00,5E-05 | 0E+00,3.5979149418940004E+00,0E+00,-7.942658479847999E+04,-7.195829883788001E+04,0E+00,0E+00,0E+00,0E+00,0E+00,2.410514255973197E-03,0E+00,0E+00,2.0238341927388747E-03,21_virtual@eisoky3tmanagedsub.com,precursor012,-1.3457293E+07,2025-11-17 19:19:49,0E+00,prod-strategy-ap71,2025-12-26 00:42:41,0E+00,3.3432392273402556E-03|binance_futures,0E+00,3.8326452746937028E+00,0E+00,0E+00,0E+00,2.82611E-03 | 0E+00
fr-PTB-USDT-loong_kc_bnfutures_mode_2,PTB-USDT-FTR,1.8991602795885998E+02,3.2756284478859975E+01,1.5715974348E+02,1.4386184526634679E+01,-2.3730131297889596E+02,5E-05 | 0E+00,6.55193077E-02,9.976003452838212E+04,-1.9771811328000003E+04,-1.310386154E+03,5.045568808716386E+00,-1.9127857E+01,0E+00,1.903728570831921E-03,3.283507732702386E-04,7.948677077321541E-03,-2.3787212394296314E-03,1.4420789442030267E-04,5.037969077924398E-04,21_virtual@eisoky3tmanagedsub.com,precursor012,-7.88914E+05,2026-01-27 10:29:26,1.363E+03,prod-strategy-ap71,2026-01-28 08:50:13,1.7730813783180302E+01,1.9444444444444464E-01|kucoin_spot,6.591115140525838E-01,1.3648320353306866E+00,0E+00,0E+00,7.27E+02,1.1369279999999999E-02 | 0E+00
fr-UB-USDT-loong_kc_bnfutures_mode_3,UB-USDT-FTR,1.8128151029999998E+02,0E+00,1.8128151029999998E+02,0E+00,0E+00,5E-05 | 0E+00,1.0646485080000001E-01,0E+00,-1.4865011131155002E+05,-2.129297016E+03,0E+00,0E+00,0E+00,0E+00,0E+00,1.2195181604678323E-03,0E+00,0E+00,3.7876887038521137E-03,21_virtual@eisoky3tmanagedsub.com,precursor012,-5.852E+04,2026-01-03 04:40:00,0E+00,prod-strategy-ap71,2026-01-08 07:12:28,0E+00,3.6990007177166717E-03|binance_futures,0E+00,1.1408642071394581E+00,0E+00,0E+00,0E+00,5.053530000000002E-03 | 0E+00
fr-UB-USDT-loong_kc_bnfutures_mode_4,UB-USDT-FTR,1.8128151029999998E+02,0E+00,1.8128151029999998E+02,0E+00,0E+00,5E-05 | 0E+00,1.0646485080000001E-01,0E+00,-1.4865011131155002E+05,-2.129297016E+03,0E+00,0E+00,0E+00,0E+00,0E+00,1.2195181604678323E-03,0E+00,0E+00,3.7876887038521137E-03,21_virtual@eisoky3tmanagedsub.com,precursor012,-5.852E+04,2026-01-08 00:20:56,0E+00,prod-strategy-ap71,2026-01-22 11:30:21,0E+00,3.6990007177166717E-03|binance_futures,0E+00,1.0582220869186174E+00,0E+00,0E+00,0E+00,5.053530000000002E-03 | 0E+00
fr-PARTI-USDT-loong_kc_bnfutures_mode_3,PARTI-USDT-FTR,1.7993203398430862E+02,-2.4815356972569143E+02,4.2808560371000004E+02,5.4501968580334506E+00,-6.479270859010283E+01,5E-05 | 0E+00,8.840898528879999E+00,7.722978599682078E+04,-2.4819415353324002E+05,-1.7681797057759998E+05,3.111668220116941E-01,3.4929438538014885E+01,0E+00,2.329826914083585E-03,-3.2131847385399575E-03,1.7248013203206563E-03,-8.38960094914287E-04,7.057117649216084E-05,6.324127061901142E-03,21_virtual@eisoky3tmanagedsub.com,precursor012,-2.36164E+06,2026-01-25 21:06:01,3.38E+02,prod-strategy-ap71,2026-01-28 19:52:12,-1.448217182364477E+02,1.6025641025640969E-03|kucoin_spot,3.275109170305677E-02,1.2575883690738685E+00,0E+00,0E+00,1.5E+01,2.1999999999999993E-03 | 0E+00
fr-PLAY-USDT-loong_kc_bnfutures_mode_1,PLAY-USDT-FTR,1.7321651879E+02,0E+00,1.7321651879E+02,0E+00,0E+00,-8.453E-05 | 0E+00,-1.4445574344717485E-01,0E+00,-3.298035516E+04,-1.7089287051600004E+03,0E+00,0E+00,0E+00,0E+00,0E+00,5.252111990597497E-03,0E+00,0E+00,8.40358056824789E-04,21_virtual@eisoky3tmanagedsub.com,precursor012,-1.6501E+04,2026-01-12 19:05:20,0E+00,prod-strategy-ap71,2026-01-19 22:11:12,0E+00,1.89861218195837E-02|kucoin_spot,0E+00,1.8004727644997314E+00,0E+00,0E+00,0E+00,9.390349999999997E-03 | 0E+00
fr-PLAY-USDT-loong_kc_bnfutures_mode_0,PLAY-USDT-FTR,1.7321651879E+02,0E+00,1.7321651879E+02,0E+00,0E+00,-8.453E-05 | 0E+00,-1.4445574344717485E-01,0E+00,-3.298035516E+04,-1.7089287051600004E+03,0E+00,0E+00,0E+00,0E+00,0E+00,5.252111990597497E-03,0E+00,0E+00,8.40358056824789E-04,21_virtual@eisoky3tmanagedsub.com,precursor012,-1.6501E+04,2025-12-25 09:50:07,0E+00,prod-strategy-ap71,2026-01-13 02:45:19,0E+00,1.89861218195837E-02|kucoin_spot,0E+00,1.8004727644997314E+00,0E+00,0E+00,0E+00,9.390349999999997E-03 | 0E+00
fr-PLAY-USDT-loong_kc_bnfutures_mode_2,PLAY-USDT-FTR,1.7321651878999998E+02,0E+00,1.7321651878999998E+02,0E+00,0E+00,-8.453E-05 | 0E+00,-1.4445574344717485E-01,0E+00,-3.298035516E+04,-1.7089287051600004E+03,0E+00,0E+00,0E+00,0E+00,0E+00,5.252111990597496E-03,0E+00,0E+00,8.40358056824789E-04,21_virtual@eisoky3tmanagedsub.com,precursor012,-1.6501E+04,2026-01-19 14:22:42,0E+00,prod-strategy-ap71,2026-01-26 12:52:06,0E+00,1.89861218195837E-02|kucoin_spot,0E+00,1.947906287783001E+00,0E+00,0E+00,0E+00,9.390349999999997E-03 | 0E+00
fr-ARB-USDT-loong_kc_bnfutures_mode_2,ARB-USDT-FTR,1.6215351230579435E+02,8.102389608579435E+01,8.112961622E+01,4.800728266919032E+01,-7.647269995138049E+01,8.097E-05 | 0E+00,1.8169223788841744E+01,1.3794247881889343E+05,-2.2530942635999998E+05,-2.2439451387973005E+05,6.122357197718332E-01,6.700911682128907E-01,0E+00,1.1755154300125917E-03,5.873745113147614E-04,3.6008087868623346E-04,-5.54381076852929E-04,3.4802392330661057E-04,5.74101130208076E-03,21_virtual@eisoky3tmanagedsub.com,precursor012,-1.6437285999999999E+06,2026-01-03 07:21:22,1.115E+03,prod-strategy-ap71,2026-02-02 07:52:32,-3.685902291584094E+00,1.463057790782818E-03|kucoin_spot,3.9705882352941174E-01,1.2262419871750887E+00,3.8E+01,0E+00,2.7E+01,5.030599999999999E-04 | 0E+00
fr-PTB-USDT-loong_kc_bnfutures_mode_0,PTB-USDT-FTR,1.5715974348E+02,0E+00,1.5715974348E+02,0E+00,0E+00,5E-05 | 0E+00,6.55193077E-02,0E+00,-1.9771811328000003E+04,-1.310386154E+03,0E+00,0E+00,0E+00,0E+00,0E+00,7.948677077321541E-03,0E+00,0E+00,5.037969077924398E-04,21_virtual@eisoky3tmanagedsub.com,precursor012,-7.88914E+05,2026-01-03 15:21:10,0E+00,prod-strategy-ap71,2026-01-14 12:38:28,0E+00,1.9444444444444464E-01|kucoin_spot,0E+00,1.975111702618737E+00,0E+00,0E+00,0E+00,1.1369279999999999E-02 | 0E+00
fr-PTB-USDT-loong_kc_bnfutures_mode_1,PTB-USDT-FTR,1.5715974347999997E+02,0E+00,1.5715974347999997E+02,0E+00,0E+00,5E-05 | 0E+00,6.55193077E-02,0E+00,-1.9771811328000003E+04,-1.310386154E+03,0E+00,0E+00,0E+00,0E+00,0E+00,7.94867707732154E-03,0E+00,0E+00,5.037969077924398E-04,21_virtual@eisoky3tmanagedsub.com,precursor012,-7.88914E+05,2026-01-14 05:29:52,0E+00,prod-strategy-ap71,2026-01-26 12:52:05,0E+00,1.9444444444444464E-01|kucoin_spot,0E+00,1.3503859711619894E+00,0E+00,0E+00,0E+00,1.1369279999999999E-02 | 0E+00
fr-STBL-USDT-loong_kc_bnfutures_mode_0,STBL-USDT-FTR,1.2532042145E+02,0E+00,1.2532042145E+02,0E+00,0E+00,5E-05 | 0E+00,3.5606657812800004E+00,0E+00,-7.304890206222E+04,-7.121331562560001E+04,0E+00,0E+00,0E+00,0E+00,0E+00,1.7155688574656098E-03,0E+00,0E+00,1.8613272383629339E-03,21_virtual@eisoky3tmanagedsub.com,precursor012,-2.10072E+06,2025-12-14 16:01:29,0E+00,prod-strategy-ap71,2025-12-25 16:42:29,0E+00,5.92066311426942E-04|kucoin_spot,0E+00,1.4430252789880749E+00,0E+00,0E+00,0E+00,2.1999999999999993E-03 | 0E+00
fr-KGEN-USDT-loong_kc_bnfutures_mode_4,KGEN-USDT-FTR,1.2423459499230216E+02,-1.2017151417697848E+01,1.3625174641E+02,7.581995205837302E-01,-2.0119840184401248E+01,5E-05 | 0E+00,6.720099780798001E+00,9.690612690210342E+03,-1.3192788571E+05,-1.3440199561596E+05,7.345386184321913E-02,1.0369194672012329E+01,0E+00,1.282009703244115E-02,-1.240081695746423E-03,1.0327744257912583E-03,-2.0762196186755793E-03,7.824061747403021E-05,3.361596960930316E-03,21_virtual@eisoky3tmanagedsub.com,precursor012,-6.08508E+05,2026-01-31 14:38:51,9.08E+02,prod-strategy-ap71,2026-02-02 07:52:36,-4.765736427056998E+00,1.6775480594848347E-03|kucoin_spot,4.772727272727273E-01,1.2065155852558547E+00,4.4E+01,0E+00,2.1E+01,3.183740000000001E-03 | 0E+00
fr-CLANKER-USDT-loong_kc_bnfutures_mode_5,CLANKER-USDT-FTR,1.20544539471321E+02,1.42047439951321E+02,-2.150290048E+01,8.842718156025512E+00,-1.4274679932708383E+02,2.5E-05 | 0E+00,4.351959166423751E-02,1.1966517865806818E+05,-1.1459599309999999E+05,-1.7407836665695002E+03,1.0442352775253203E+00,8.17350140484795E+00,0E+00,1.0073485104281298E-03,1.18704072098708E-03,-1.8764094536216384E-04,-1.1928850224255227E-03,7.389549955290448E-05,2.919970558662199E-03,21_virtual@eisoky3tmanagedsub.com,precursor012,-4.865E+01,2026-01-28 08:30:15,3.64E+02,prod-strategy-ap71,2026-01-30 15:52:12,3.1251100429683174E+01,1.4345991561182103E-03|kucoin_spot,7.96583850931677E-01,5.1843054341927095E+00,0E+00,0E+00,5.13E+02,-3.540790000000002E-03 | 0E+00
fr-BTC-USDT-loong_kc_bnfutures_mode_0,BTC-USDT-FTR,1.1573231865012943E+02,9.908011939012943E+01,1.665219926E+01,1.9633765816688538E+00,-1.2265999709721655E+01,-1.47E-06 | 0E+00,-2.496771958282463E-03,2.7824968017578125E+04,-2.44430835054851E+04,-1.6984843253622198E+03,1.1383575239733612E+00,1.8919500278033314E+02,0E+00,4.159297454610434E-03,3.5608349784099166E-03,6.812642625985873E-04,-4.408270910490442E-04,7.056168332084018E-05,6.228235583826719E-04,21_virtual@eisoky3tmanagedsub.com,precursor012,-2.2E-02,2025-11-16 19:12:22,4.17E+02,prod-strategy-ap71,2026-02-02 07:52:38,3.606192471800732E+01,6.659057549027736E-04|kucoin_spot,8.333333333333334E-01,7.408107227106482E-01,0E+00,0E+00,1E+01,1.005E-03 | 0E+00
fr-LAB-USDT-loong_kc_bnfutures_mode_0,LAB-USDT-FTR,1.131705426E+02,0E+00,1.131705426E+02,0E+00,0E+00,5E-05 | 0E+00,2.872272117E+00,0E+00,-5.743482719999999E+04,-5.744544234E+04,0E+00,0E+00,0E+00,0E+00,0E+00,1.9704166986681563E-03,0E+00,0E+00,1.4634718014922535E-03,21_virtual@eisoky3tmanagedsub.com,precursor012,-4.25711E+05,2026-01-03 13:59:44,0E+00,prod-strategy-ap71,2026-01-12 22:45:19,0E+00,1.335410638771517E-03|kucoin_spot,0E+00,1.125770001112923E+00,0E+00,0E+00,0E+00,2.149999999999999E-03 | 0E+00
fr-ZEREBRO-USDT-loong_kc_bnfutures_mode_4,ZEREBRO-USDT-FTR,1.0126029868382693E+02,-9.757257024617306E+01,1.9883286893E+02,3.0891009298502468E+00,-1.8655347101623192E+02,5E-05 | 0E+00,3.96898656E+00,3.8836902474433184E+04,-9.60601203E+04,-7.93797312E+04,4.042978746345916E-01,1.1675101379394528E+00,0E+00,2.6073217026122988E-03,-2.512367465721714E-03,2.0698794495471813E-03,-4.803510556462179E-03,7.954035293838998E-05,2.4476660618734064E-03,21_virtual@eisoky3tmanagedsub.com,precursor012,-8.859345E+06,2026-01-16 06:29:20,1.086E+03,prod-strategy-ap71,2026-02-02 07:52:32,-3.918331990111648E+01,1.116071428571619E-03|kucoin_spot,3.763440860215054E-01,1.7166733648743728E+00,2.55E+02,2E+00,7E+01,2.2915799999999992E-03 | 0E+00
fr-LAB-USDT-loong_kc_bnfutures_mode_1,LAB-USDT-FTR,1.0090024132143708E+02,-1.2270301278562929E+01,1.131705426E+02,5.81931366736535E+00,-1.0567746439552866E+02,5E-05 | 0E+00,2.872272117E+00,5.171474586060643E+04,-5.743482719999999E+04,-5.744544234E+04,9.004074423437359E-01,-8.644000987453461E+00,0E+00,1.951092278272174E-03,-2.372689080139094E-04,1.9704166986681563E-03,-2.043468698084199E-03,1.1252716358794284E-04,1.4634718014922535E-03,21_virtual@eisoky3tmanagedsub.com,precursor012,-4.25711E+05,2026-01-12 16:09:02,2.21E+02,prod-strategy-ap71,2026-02-02 07:52:31,-1.1407207529658544E+01,1.335410638771517E-03|kucoin_spot,6.380090497737556E-01,1.0856347207136952E+00,3.1E+01,0E+00,1.41E+02,2.149999999999999E-03 | 0E+00
fr-PTB-USDT-loong_kc_bnfutures_mode_3,PTB-USDT-FTR,8.248575605772982E+01,-9.962733990227017E+01,1.8211309595999998E+02,1.8838368804135825E+01,-5.35212610550865E+02,5E-05 | 0E+00,6.55193077E-02,1.6755817154755443E+05,-1.9771811328000003E+04,-1.310386154E+03,8.474598951400353E+00,2.1633753000000002E+01,0E+00,4.922813092068127E-04,-5.945835943548422E-04,9.210744172037445E-03,-3.194189848263933E-03,1.124288277327575E-04,5.037969077924398E-04,21_virtual@eisoky3tmanagedsub.com,precursor012,-7.88914E+05,2026-01-28 01:29:57,9.83E+02,prod-strategy-ap71,2026-02-02 07:52:28,-5.757301492394589E+01,1.9444444444444464E-01|kucoin_spot,5.278532608695652E-01,1.3503859711619894E+00,0E+00,0E+00,7.77E+02,1.1369279999999999E-02 | 0E+00
fr-AVAAI-USDT-loong_kc_bnfutures_mode_1,AVAAI-USDT-FTR,5.451595506E+01,0E+00,5.451595506E+01,0E+00,0E+00,8.0632E-04 | 0E+00,1.261663404942818E+02,0E+00,-6.558024414000001E+04,-1.5647179841041E+05,0E+00,0E+00,0E+00,0E+00,0E+00,8.312862474805663E-04,0E+00,0E+00,1.6710216207261022E-03,21_virtual@eisoky3tmanagedsub.com,precursor012,-1.5295999E+07,2026-01-03 13:22:33,0E+00,prod-strategy-ap71,2026-01-14 12:38:29,0E+00,9.813542688912325E-04|binance_futures,0E+00,4.408199627824264E+00,0E+00,0E+00,0E+00,8.996130000000001E-03 | 0E+00
fr-IR-USDT-loong_kc_bnfutures_mode_2,IR-USDT-FTR,5.288182173E+01,0E+00,5.288182173E+01,0E+00,0E+00,5E-05 | 0E+00,9.87430294125E-02,0E+00,-3.75929276E+04,-1.97486058825E+03,0E+00,0E+00,0E+00,0E+00,0E+00,1.406696022525258E-03,0E+00,0E+00,9.578890049858088E-04,21_virtual@eisoky3tmanagedsub.com,precursor012,-3.2702999999999996E+04,2026-01-22 04:10:19,0E+00,prod-strategy-ap71,2026-01-25 15:28:44,0E+00,4.63652922669322E-03|kucoin_spot,0E+00,1.8842600964599094E+00,0E+00,0E+00,0E+00,2.5328600000000014E-03 | 0E+00
fr-IR-USDT-loong_kc_bnfutures_mode_0,IR-USDT-FTR,5.288182173E+01,0E+00,5.288182173E+01,0E+00,0E+00,5E-05 | 0E+00,9.87430294125E-02,0E+00,-3.75929276E+04,-1.97486058825E+03,0E+00,0E+00,0E+00,0E+00,0E+00,1.406696022525258E-03,0E+00,0E+00,9.578890049858088E-04,21_virtual@eisoky3tmanagedsub.com,precursor012,-3.2702999999999996E+04,2026-01-07 07:29:49,0E+00,prod-strategy-ap71,2026-01-16 18:11:36,0E+00,4.63652922669322E-03|kucoin_spot,0E+00,1.8842600964599094E+00,0E+00,0E+00,0E+00,2.5328600000000014E-03 | 0E+00
fr-IR-USDT-loong_kc_bnfutures_mode_1,IR-USDT-FTR,5.288182173E+01,0E+00,5.288182173E+01,0E+00,0E+00,5E-05 | 0E+00,9.87430294125E-02,0E+00,-3.75929276E+04,-1.97486058825E+03,0E+00,0E+00,0E+00,0E+00,0E+00,1.406696022525258E-03,0E+00,0E+00,9.578890049858088E-04,21_virtual@eisoky3tmanagedsub.com,precursor012,-3.2702999999999996E+04,2026-01-17 00:59:26,0E+00,prod-strategy-ap71,2026-01-22 11:30:19,0E+00,4.63652922669322E-03|kucoin_spot,0E+00,1.7745841209104474E+00,0E+00,0E+00,0E+00,2.5328600000000014E-03 | 0E+00
fr-STBL-USDT-loong_kc_bnfutures_mode_2,STBL-USDT-FTR,4.968561667934828E+01,-3.608089058065172E+01,8.576650726E+01,2.0199304114867118E+01,-9.206590639008209E+01,5E-05 | 0E+00,3.5606657812800004E+00,8.118991322301328E+04,-7.304890206222E+04,-7.121331562560001E+04,1.111446044101513E+00,2.793005977689743E+01,0E+00,6.119678505243788E-04,-4.444011472403519E-04,1.17409714367709E-03,-1.133957442930066E-03,2.48790808032809E-04,1.8613272383629339E-03,21_virtual@eisoky3tmanagedsub.com,precursor012,-2.10072E+06,2026-01-28 08:29:34,5.18E+02,prod-strategy-ap71,2026-02-02 07:52:38,-2.4032679452377987E+01,5.92066311426942E-04|kucoin_spot,6.377440347071583E-01,1.4430252789880749E+00,7.9E+01,0E+00,2.94E+02,2.1999999999999993E-03 | 0E+00
fr-SOLV-USDT-loong_kc_bnfutures_mode_3,SOLV-USDT-FTR,4.875706453E+01,0E+00,4.875706453E+01,0E+00,0E+00,5E-05 | 0E+00,1.5266913121395E+00,0E+00,-3.3412529954440004E+04,-3.053382624279E+04,0E+00,0E+00,0E+00,0E+00,0E+00,1.4592449178940712E-03,0E+00,0E+00,8.513701144179329E-04,21_virtual@eisoky3tmanagedsub.com,precursor012,-3.269927E+06,2025-11-18 10:19:37,0E+00,prod-strategy-ap71,2026-01-10 18:46:35,0E+00,1.0706638115633993E-03|binance_futures,0E+00,1.164251885451674E+00,0E+00,0E+00,0E+00,2.149999999999999E-03 | 0E+00
fr-SOLV-USDT-loong_kc_bnfutures_mode_4,SOLV-USDT-FTR,4.875706453E+01,0E+00,4.875706453E+01,0E+00,0E+00,5E-05 | 0E+00,1.5266913121395E+00,0E+00,-3.3412529954440004E+04,-3.053382624279E+04,0E+00,0E+00,0E+00,0E+00,0E+00,1.4592449178940712E-03,0E+00,0E+00,8.513701144179329E-04,21_virtual@eisoky3tmanagedsub.com,precursor012,-3.269927E+06,2026-01-13 04:22:26,0E+00,prod-strategy-ap71,2026-01-26 12:52:05,0E+00,1.0706638115633993E-03|binance_futures,0E+00,1.182167401750333E+00,0E+00,0E+00,0E+00,2.149999999999999E-03 | 0E+00
fr-RUNE-USDT-loong_kc_bnfutures_mode_0,RUNE-USDT-FTR,4.724143307387662E+01,5.129377863387662E+01,-4.052345559999999E+00,4.028649753308855E+00,-3.18304559616372E+01,1E-04 | 0E+00,2.0348426000000003E-01,2.5480883081316948E+04,-1.844693218846E+04,-2.0348426000000002E+03,1.3813073534935654E+00,-8.386469285964966E-01,0E+00,1.8539951273711902E-03,2.013029865181013E-03,-2.1967585279762986E-04,-1.249189671333482E-03,1.5810479332495093E-04,4.7003823982691455E-04,21_virtual@eisoky3tmanagedsub.com,precursor012,-4.361E+03,2026-01-15 22:43:53,1.046E+03,prod-strategy-ap71,2026-02-01 04:32:46,4.614278133966913E+01,1.4992503748125774E-03|kucoin_spot,5.555555555555556E-01,1.074799048599384E+00,0E+00,0E+00,3E+01,-9.3471E-04 | 0E+00
fr-HOME-USDT-loong_kc_bnfutures_mode_6,HOME-USDT-FTR,4.4019283470000005E+01,0E+00,4.4019283470000005E+01,0E+00,0E+00,5E-05 | 0E+00,1.8789946319375E+00,0E+00,-3.6858813444E+04,-3.7579892638749996E+04,0E+00,0E+00,0E+00,0E+00,0E+00,1.1942675131655822E-03,0E+00,0E+00,9.391833621074702E-04,21_virtual@eisoky3tmanagedsub.com,precursor012,-1.257515E+06,2025-12-23 11:39:15,0E+00,prod-strategy-ap71,2025-12-26 20:42:45,0E+00,1.6673336001067351E-03|kucoin_spot,0E+00,1.0401287995978155E+00,0E+00,0E+00,0E+00,2.149999999999999E-03 | 0E+00
fr-HOME-USDT-loong_kc_bnfutures_mode_8,HOME-USDT-FTR,4.4019283470000005E+01,0E+00,4.4019283470000005E+01,0E+00,0E+00,5E-05 | 0E+00,1.8789946319375E+00,0E+00,-3.6858813444E+04,-3.7579892638749996E+04,0E+00,0E+00,0E+00,0E+00,0E+00,1.1942675131655822E-03,0E+00,0E+00,9.391833621074702E-04,21_virtual@eisoky3tmanagedsub.com,precursor012,-1.257515E+06,2026-01-07 09:54:08,0E+00,prod-strategy-ap71,2026-01-09 07:12:28,0E+00,1.6673336001067351E-03|kucoin_spot,0E+00,1.0401287995978155E+00,0E+00,0E+00,0E+00,2.149999999999999E-03 | 0E+00
fr-HOME-USDT-loong_kc_bnfutures_mode_10,HOME-USDT-FTR,4.4019283470000005E+01,0E+00,4.4019283470000005E+01,0E+00,0E+00,5E-05 | 0E+00,1.8789946319375E+00,0E+00,-3.6858813444E+04,-3.7579892638749996E+04,0E+00,0E+00,0E+00,0E+00,0E+00,1.1942675131655822E-03,0E+00,0E+00,9.391833621074702E-04,21_virtual@eisoky3tmanagedsub.com,precursor012,-1.257515E+06,2026-01-11 19:48:35,0E+00,prod-strategy-ap71,2026-01-26 12:52:05,0E+00,1.6673336001067351E-03|kucoin_spot,0E+00,1.0401287995978155E+00,0E+00,0E+00,0E+00,2.149999999999999E-03 | 0E+00
fr-HOME-USDT-loong_kc_bnfutures_mode_7,HOME-USDT-FTR,4.401928347E+01,0E+00,4.401928347E+01,0E+00,0E+00,5E-05 | 0E+00,1.8789946319375E+00,0E+00,-3.6858813444E+04,-3.7579892638749996E+04,0E+00,0E+00,0E+00,0E+00,0E+00,1.194267513165582E-03,0E+00,0E+00,9.391833621074702E-04,21_virtual@eisoky3tmanagedsub.com,precursor012,-1.257515E+06,2025-12-26 13:12:55,0E+00,prod-strategy-ap71,2026-01-05 15:11:37,0E+00,1.6673336001067351E-03|kucoin_spot,0E+00,1.0401287995978155E+00,0E+00,0E+00,0E+00,2.149999999999999E-03 | 0E+00
fr-HOME-USDT-loong_kc_bnfutures_mode_9,HOME-USDT-FTR,4.401928347E+01,0E+00,4.401928347E+01,0E+00,0E+00,5E-05 | 0E+00,1.8789946319375E+00,0E+00,-3.6858813444E+04,-3.7579892638749996E+04,0E+00,0E+00,0E+00,0E+00,0E+00,1.194267513165582E-03,0E+00,0E+00,9.391833621074702E-04,21_virtual@eisoky3tmanagedsub.com,precursor012,-1.257515E+06,2026-01-08 23:20:10,0E+00,prod-strategy-ap71,2026-01-12 02:45:55,0E+00,1.6673336001067351E-03|kucoin_spot,0E+00,1.0450853398001898E+00,0E+00,0E+00,0E+00,2.149999999999999E-03 | 0E+00
fr-SOL-USDT-loong_kc_bnfutures_mode_1,SOL-USDT-FTR,4.3438388751315294E+01,4.4992955251315294E+01,-1.5545664999999997E+00,4.208812730983482E+00,-2.046928473887965E+01,-8.964E-05 | 0E+00,-1.5735454181617103E-01,6.0312198201835155E+04,-1.01186387710485E+04,-1.755405419636E+03,5.960505119957511E+00,-1.1872186786211095E+01,0E+00,7.202255936012886E-04,7.460009184335494E-04,-1.5363395563125875E-04,-3.3938880274897394E-04,6.978377271043351E-05,2.5782862477064634E-04,21_virtual@eisoky3tmanagedsub.com,precursor012,-1.72E+01,2026-01-02 16:42:44,6.63E+02,prod-strategy-ap71,2026-01-29 23:52:20,2.6101990418815774E+01,6.864764146319313E-04|kucoin_spot,9.369369369369369E-01,1.2445589066905458E+00,0E+00,0E+00,1.04E+02,-9.696799999999999E-04 | 0E+00
fr-SUI-USDT-loong_kc_bnfutures_mode_3,SUI-USDT-FTR,4.3358641750000004E+01,0E+00,4.3358641750000004E+01,0E+00,0E+00,4.514E-05 | 0E+00,3.8024818283026494E+00,0E+00,-7.8969979426616E+04,-8.423752388796299E+04,0E+00,0E+00,0E+00,0E+00,0E+00,5.490522102806377E-04,0E+00,0E+00,2.0121996302493606E-03,21_virtual@eisoky3tmanagedsub.com,precursor012,-7.530590000000001E+04,1970-01-01 00:00:00,0E+00,prod-strategy-ap71,2026-01-12 22:45:19,0E+00,5.350454788657366E-04|kucoin_spot,0E+00,1.2830008710051597E+00,0E+00,0E+00,0E+00,9.8878E-04 | 0E+00
fr-SUI-USDT-loong_kc_bnfutures_mode_2,SUI-USDT-FTR,4.335864175E+01,0E+00,4.335864175E+01,0E+00,0E+00,4.514E-05 | 0E+00,3.8024818283026494E+00,0E+00,-7.8969979426616E+04,-8.423752388796299E+04,0E+00,0E+00,0E+00,0E+00,0E+00,5.490522102806376E-04,0E+00,0E+00,2.0121996302493606E-03,21_virtual@eisoky3tmanagedsub.com,precursor012,-7.530590000000001E+04,2026-01-03 07:36:07,0E+00,prod-strategy-ap71,2026-01-12 10:45:52,0E+00,5.350454788657366E-04|kucoin_spot,0E+00,1.2779995441960368E+00,0E+00,0E+00,0E+00,9.8878E-04 | 0E+00
fr-LINK-USDT-loong_kc_bnfutures_mode_1,LINK-USDT-FTR,4.2502381546813815E+01,1.2805652406813817E+01,2.969672914E+01,1.900859568548185E+00,-3.5477160058915615E+01,1E-04 | 0E+00,4.9174310425779E+00,2.7240816276967525E+04,-4.8155088E+04,-4.9174310425779E+04,5.656892637589516E-01,2.1628880042433737E-01,0E+00,1.560246253808119E-03,4.7009062711682277E-04,6.166893338456779E-04,-1.302353046186506E-03,6.977983145664351E-05,1.2270188110947778E-03,21_virtual@eisoky3tmanagedsub.com,precursor012,-5.16258E+03,2025-11-20 23:59:15,9.73E+02,prod-strategy-ap71,2026-02-02 07:52:42,1.0944358091011244E+01,5.557303135155234E-04|kucoin_spot,4.5E-01,1.162748087133212E+00,4.5E+01,0E+00,1.8E+01,9.383200000000001E-04 | 0E+00
fr-FF-USDT-loong_kc_bnfutures_mode_9,FF-USDT-FTR,4.20140457313379E+01,1.0736767351337903E+01,3.1277278379999995E+01,4.058130391342274E+00,-1.6949926930235233E+02,2.33E-05 | 0E+00,2.5538398799400003E-01,5.841551072153449E+04,-3.730607710488E+04,-1.096068618E+04,1.5658443678575138E+00,2.920052972636223E+00,0E+00,7.192275683699485E-04,1.8379993975435474E-04,8.383963366630318E-04,-2.9016140954472138E-03,6.94700832230552E-05,9.505798925305664E-04,21_virtual@eisoky3tmanagedsub.com,precursor012,-1.36701E+05,2026-01-14 03:59:57,9.04E+02,prod-strategy-ap71,2026-02-02 07:52:29,9.116737762339213E+00,2.9940119760478723E-03|kucoin_spot,6.061946902654868E-01,1.0321579695627723E+00,2.7E+01,5E+00,1.37E+02,1.0505500000000001E-03 | 0E+00
fr-SOLV-USDT-loong_kc_bnfutures_mode_5,SOLV-USDT-FTR,4.130334478812698E+01,-7.453719741873034E+00,4.875706453000001E+01,2.8670645877718925E-01,-1.0536490052938461E+01,5E-05 | 0E+00,1.5266913121395E+00,4.117838096618652E+03,-3.3412529954440004E+04,-3.053382624279E+04,1.2324233161133182E-01,6.136171875000001E-03,0E+00,1.0030346948813522E-02,-1.8101051005365238E-03,1.4592449178940715E-03,-2.55874315738408E-03,6.962548115056229E-05,8.513701144179329E-04,21_virtual@eisoky3tmanagedsub.com,precursor012,-3.269927E+06,2026-01-26 06:14:08,1.3E+01,prod-strategy-ap71,2026-01-27 16:50:25,-1.2753853537618496E+00,1.0706638115633993E-03|binance_futures,0E+00,1.182167401750333E+00,0E+00,0E+00,0E+00,2.149999999999999E-03 | 0E+00
fr-MON-USDT-loong_kc_bnfutures_mode_3,MON-USDT-FTR,3.78406458027959E+01,4.15079942227959E+01,-3.66734842E+00,2.3751369738020003E+00,-2.9661139929667115E+01,4.867E-05 | 0E+00,4.7565400172952604E-02,2.5313489787101746E+04,-9.65149505763E+03,-9.773042977800001E+02,2.6227532248581675E+00,1.6770062255859378E-02,0E+00,1.4948806395741314E-03,1.639757875026221E-03,-3.799772364905035E-04,-1.1717523019990975E-03,9.382890284105471E-05,2.45925539392645E-04,21_virtual@eisoky3tmanagedsub.com,precursor012,-5.4198E+04,2026-01-28 08:23:49,4.7E+01,prod-strategy-ap71,2026-01-29 19:52:22,-7.40091430182597E-01,0E+00|binance_futures,7.142857142857143E-01,1.6060688234937548E+00,0E+00,0E+00,4E+01,-1.9457400000000016E-03 | 0E+00
fr-FF-USDT-loong_kc_bnfutures_mode_4,FF-USDT-FTR,3.127727838E+01,0E+00,3.127727838E+01,0E+00,0E+00,2.33E-05 | 0E+00,2.5538398799400003E-01,0E+00,-3.730607710488E+04,-1.096068618E+04,0E+00,0E+00,0E+00,0E+00,0E+00,8.383963366630318E-04,0E+00,0E+00,9.505798925305664E-04,21_virtual@eisoky3tmanagedsub.com,precursor012,-1.36701E+05,2025-12-25 09:05:35,0E+00,prod-strategy-ap71,2025-12-29 04:42:45,0E+00,2.9940119760478723E-03|kucoin_spot,0E+00,1.0056512648522908E+00,0E+00,0E+00,0E+00,1.0505500000000001E-03 | 0E+00
fr-FF-USDT-loong_kc_bnfutures_mode_8,FF-USDT-FTR,3.127727838E+01,0E+00,3.127727838E+01,0E+00,0E+00,2.33E-05 | 0E+00,2.5538398799400003E-01,0E+00,-3.730607710488E+04,-1.096068618E+04,0E+00,0E+00,0E+00,0E+00,0E+00,8.383963366630318E-04,0E+00,0E+00,9.505798925305664E-04,21_virtual@eisoky3tmanagedsub.com,precursor012,-1.36701E+05,2026-01-12 16:45:15,0E+00,prod-strategy-ap71,2026-01-14 02:45:24,0E+00,2.9940119760478723E-03|kucoin_spot,0E+00,1.1281177762594028E+00,0E+00,0E+00,0E+00,1.0505500000000001E-03 | 0E+00
fr-FF-USDT-loong_kc_bnfutures_mode_6,FF-USDT-FTR,3.1277278379999995E+01,0E+00,3.1277278379999995E+01,0E+00,0E+00,2.33E-05 | 0E+00,2.5538398799400003E-01,0E+00,-3.730607710488E+04,-1.096068618E+04,0E+00,0E+00,0E+00,0E+00,0E+00,8.383963366630318E-04,0E+00,0E+00,9.505798925305664E-04,21_virtual@eisoky3tmanagedsub.com,precursor012,-1.36701E+05,2025-12-29 12:07:29,0E+00,prod-strategy-ap71,2026-01-10 10:47:08,0E+00,2.9940119760478723E-03|kucoin_spot,0E+00,1.0321579695627723E+00,0E+00,0E+00,0E+00,1.0505500000000001E-03 | 0E+00
fr-FF-USDT-loong_kc_bnfutures_mode_7,FF-USDT-FTR,3.1277278379999995E+01,0E+00,3.1277278379999995E+01,0E+00,0E+00,2.33E-05 | 0E+00,2.5538398799400003E-01,0E+00,-3.730607710488E+04,-1.096068618E+04,0E+00,0E+00,0E+00,0E+00,0E+00,8.383963366630318E-04,0E+00,0E+00,9.505798925305664E-04,21_virtual@eisoky3tmanagedsub.com,precursor012,-1.36701E+05,2026-01-10 09:11:52,0E+00,prod-strategy-ap71,2026-01-12 22:45:19,0E+00,2.9940119760478723E-03|kucoin_spot,0E+00,1.0321579695627723E+00,0E+00,0E+00,0E+00,1.0505500000000001E-03 | 0E+00
fr-FF-USDT-loong_kc_bnfutures_mode_5,FF-USDT-FTR,3.1277278379999995E+01,0E+00,3.1277278379999995E+01,0E+00,0E+00,2.33E-05 | 0E+00,2.5538398799400003E-01,0E+00,-3.730607710488E+04,-1.096068618E+04,0E+00,0E+00,0E+00,0E+00,0E+00,8.383963366630318E-04,0E+00,0E+00,9.505798925305664E-04,21_virtual@eisoky3tmanagedsub.com,precursor012,-1.36701E+05,1970-01-01 00:00:00,0E+00,prod-strategy-ap71,2025-12-29 19:11:28,0E+00,2.9940119760478723E-03|kucoin_spot,0E+00,1.1281177762594028E+00,0E+00,0E+00,0E+00,1.0505500000000001E-03 | 0E+00
fr-FF-USDT-loong_kc_bnfutures_mode_3,FF-USDT-FTR,3.1277278379999995E+01,0E+00,3.1277278379999995E+01,0E+00,0E+00,2.33E-05 | 0E+00,2.5538398799400003E-01,0E+00,-3.730607710488E+04,-1.096068618E+04,0E+00,0E+00,0E+00,0E+00,0E+00,8.383963366630318E-04,0E+00,0E+00,9.505798925305664E-04,21_virtual@eisoky3tmanagedsub.com,precursor012,-1.36701E+05,1970-01-01 00:00:00,0E+00,prod-strategy-ap71,2025-12-25 11:21:32,0E+00,2.9940119760478723E-03|kucoin_spot,0E+00,1.1281177762594028E+00,0E+00,0E+00,0E+00,1.0505500000000001E-03 | 0E+00
fr-VET-USDT-loong_kc_bnfutures_mode_4,VET-USDT-FTR,3.0750061134795885E+01,3.552030380479589E+01,-4.77024267E+00,2.5979627673568757E+00,-5.238497983949492E+01,4.958E-05 | 0E+00,9.685624822415222E-02,3.721912578659132E+04,-1.903386392055E+04,-1.9535346555900003E+03,1.9554161962042567E+00,9.622218912376402E+00,0E+00,8.261897743410728E-04,9.543562094516616E-04,-2.506187230250073E-04,-1.407474752090155E-03,6.980182130695896E-05,4.849935915044543E-04,21_virtual@eisoky3tmanagedsub.com,precursor012,-2.35137E+05,2026-01-25 16:02:11,9.28E+02,prod-strategy-ap71,2026-02-01 03:52:24,1.9849091202791634E+01,1.8039687312088049E-03|kucoin_spot,5.060240963855421E-01,1.1908077814934188E+00,0E+00,0E+00,4.2E+01,-9.996000000000001E-05 | 0E+00
fr-PENDLE-USDT-loong_kc_bnfutures_mode_0,PENDLE-USDT-FTR,2.7177212989999994E+01,0E+00,2.7177212989999994E+01,0E+00,0E+00,9.75E-06 | 0E+00,1.54551133358271E+00,0E+00,-1.5843609180000002E+05,-1.5851398293156E+05,0E+00,0E+00,0E+00,0E+00,0E+00,1.7153422986668237E-04,0E+00,0E+00,4.037041007898046E-03,21_virtual@eisoky3tmanagedsub.com,precursor012,-9.9426E+04,2026-01-03 07:30:25,0E+00,prod-strategy-ap71,2026-01-22 06:10:36,0E+00,1.4436354506652815E-03|kucoin_spot,0E+00,1.3581310490993777E+00,0E+00,0E+00,0E+00,2.2365999999999998E-04 | 0E+00
fr-HOME-USDT-loong_kc_bnfutures_mode_13,HOME-USDT-FTR,2.662884967748626E+01,-9.459841251374305E-02,2.6723448090000005E+01,8.837282657623291E-02,-4.454371929168701E+00,5E-05 | 0E+00,1.8789946319375E+00,1.2624502563476562E+03,-3.6858813444E+04,-3.7579892638749996E+04,3.425097387537206E-02,0E+00,0E+00,2.109298924341392E-02,-7.493238805893382E-05,7.250219307954998E-04,-3.528354409824799E-03,7.000103658095865E-05,9.391833621074702E-04,21_virtual@eisoky3tmanagedsub.com,precursor012,-1.257515E+06,2026-01-30 08:36:34,4E+00,prod-strategy-ap71,2026-01-30 19:51:56,-9.459841251374305E-02,1.6673336001067351E-03|kucoin_spot,0E+00,1.0537967817314204E+00,0E+00,0E+00,0E+00,2.149999999999999E-03 | 0E+00
fr-HOME-USDT-loong_kc_bnfutures_mode_11,HOME-USDT-FTR,2.584722850214205E+01,-1.817205496785795E+01,4.401928347E+01,1.0709045715339016E+00,-3.1180414474030854E+01,5E-05 | 0E+00,1.8789946319375E+00,1.50571159876585E+04,-3.6858813444E+04,-3.7579892638749996E+04,4.085078867374541E-01,4.17354E+00,0E+00,1.7166121668537066E-03,-1.2068748744947302E-03,1.194267513165582E-03,-2.070809210713907E-03,7.112282142288495E-05,9.391833621074702E-04,21_virtual@eisoky3tmanagedsub.com,precursor012,-1.257515E+06,2026-01-26 08:07:11,3.86E+02,prod-strategy-ap71,2026-01-28 08:50:13,-8.157183089060736E+00,1.6673336001067351E-03|kucoin_spot,6.742424242424242E-01,1.0537967817314204E+00,0E+00,0E+00,8.9E+01,2.149999999999999E-03 | 0E+00
fr-WIF-USDT-loong_kc_bnfutures_mode_2,WIF-USDT-FTR,2.467179499599974E+01,2.913293388599974E+01,-4.46113889E+00,6.752898372160857E+00,-2.7068678118288606E+01,-7.59E-06 | 0E+00,-4.589835462090449E-02,9.65886851641325E+04,-8.0502441711480005E+03,-6.047214047549998E+03,1.199823050216358E+01,-2.8264018264319284E+00,0E+00,2.55431523413691E-04,3.016184953392247E-04,-5.541619353595112E-04,-2.802468847390456E-04,6.991396932969635E-05,2.051247633875092E-04,21_virtual@eisoky3tmanagedsub.com,precursor012,-2.40246E+04,2026-01-11 20:05:55,8.64E+02,prod-strategy-ap71,2026-01-25 15:28:44,1.5511845602976626E+01,7.939658594680044E-04|kucoin_spot,9.007633587786259E-01,1.1987167168859818E+00,0E+00,0E+00,2.36E+02,-7.467099999999999E-04 | 0E+00
fr-IOTA-USDT-loong_kc_bnfutures_mode_2,IOTA-USDT-FTR,2.360110558910948E+01,2.823998209910948E+01,-4.63887651E+00,5.665694410272408E-01,-1.32133999001226E+00,8.402E-05 | 0E+00,1.4712091045E-01,8.195108608484268E+03,-7.043685090182E+03,-1.7510225E+03,1.1634689091803956E+00,9.961219241333009E+00,0E+00,2.879901501814829E-03,3.445955807086323E-03,-6.585865850910915E-04,-1.6123520176954058E-04,6.913507411490316E-05,1.7947707010900136E-04,21_virtual@eisoky3tmanagedsub.com,precursor012,-2.4387499999999996E+04,2026-01-28 06:50:27,4E+00,prod-strategy-ap71,2026-01-30 03:52:29,4.813034826003888E+00,4.17827298050133E-03|kucoin_spot,9.117647058823529E-01,1.2017658193027652E+00,0E+00,0E+00,3.1E+01,-2.9233099999999997E-03 | 0E+00
fr-US-USDT-loong_kc_bnfutures_mode_1,US-USDT-FTR,2.272772569E+01,0E+00,2.272772569E+01,0E+00,0E+00,5E-05 | 0E+00,1.0627466399999999E-01,0E+00,-4.8574773760000004E+04,-2.1254932799999997E+03,0E+00,0E+00,0E+00,0E+00,0E+00,4.6789153979993745E-04,0E+00,0E+00,1.237712641044141E-03,21_virtual@eisoky3tmanagedsub.com,precursor012,-3.1771200000000006E+05,2026-01-03 03:40:18,0E+00,prod-strategy-ap71,2026-01-04 23:11:40,0E+00,1.0474337872212747E-03|binance_futures,0E+00,1.5653757148844483E+00,0E+00,0E+00,0E+00,2.4310999999999994E-03 | 0E+00
fr-US-USDT-loong_kc_bnfutures_mode_0,US-USDT-FTR,2.272772569E+01,0E+00,2.272772569E+01,0E+00,0E+00,5E-05 | 0E+00,1.0627466399999999E-01,0E+00,-4.8574773760000004E+04,-2.1254932799999997E+03,0E+00,0E+00,0E+00,0E+00,0E+00,4.6789153979993745E-04,0E+00,0E+00,1.237712641044141E-03,21_virtual@eisoky3tmanagedsub.com,precursor012,-3.1771200000000006E+05,2025-12-30 03:45:07,0E+00,prod-strategy-ap71,2026-01-03 11:11:24,0E+00,1.0474337872212747E-03|binance_futures,0E+00,1.5653757148844483E+00,0E+00,0E+00,0E+00,2.4310999999999994E-03 | 0E+00
fr-US-USDT-loong_kc_bnfutures_mode_2,US-USDT-FTR,2.272772569E+01,0E+00,2.272772569E+01,0E+00,0E+00,5E-05 | 0E+00,1.0627466399999999E-01,0E+00,-4.8574773760000004E+04,-2.1254932799999997E+03,0E+00,0E+00,0E+00,0E+00,0E+00,4.6789153979993745E-04,0E+00,0E+00,1.237712641044141E-03,21_virtual@eisoky3tmanagedsub.com,precursor012,-3.1771200000000006E+05,2026-01-05 00:49:24,0E+00,prod-strategy-ap71,2026-01-09 07:12:28,0E+00,1.0474337872212747E-03|binance_futures,0E+00,1.5653757148844483E+00,0E+00,0E+00,0E+00,2.4310999999999994E-03 | 0E+00
fr-EGLD-USDT-loong_kc_bnfutures_mode_2,EGLD-USDT-FTR,2.2113029971904247E+01,1.864261992190425E+01,3.47041005E+00,2.3565987703223072E+00,-5.640715892423759E+01,8.335E-05 | 0E+00,5.000566580000001E-01,2.683728698162362E+04,-9.848502100864001E+03,-5.9994800000000005E+03,2.72501205835852E+00,5.329036927296818E+01,0E+00,8.239666694716859E-04,6.946536710163539E-04,3.5237948009327665E-04,-2.101820462063153E-03,8.781061855976533E-05,2.509453900046153E-04,21_virtual@eisoky3tmanagedsub.com,precursor012,-1.27E+03,2026-01-27 13:17:23,9.05E+02,prod-strategy-ap71,2026-02-02 07:52:36,2.5844494882708734E+01,3.3941450997030387E-03|kucoin_spot,3.888888888888889E-01,1.1180409024022533E+00,7.4E+01,0E+00,9.1E+01,3.458500000000001E-04 | 0E+00
fr-HOME-USDT-loong_kc_bnfutures_mode_14,HOME-USDT-FTR,2.154831482177621E+01,-5.1751332682237905E+00,2.672344809E+01,6.404676204838324E-01,-1.8996589106041938E+01,5E-05 | 0E+00,1.8789946319375E+00,8.763675769746304E+03,-3.6858813444E+04,-3.7579892638749996E+04,2.3776337192897032E-01,1.1418199999999999E+01,0E+00,2.45882154793593E-03,-5.905208504049441E-04,7.250219307954997E-04,-2.167650835694012E-03,7.308207620994325E-05,9.391833621074702E-04,21_virtual@eisoky3tmanagedsub.com,precursor012,-1.257515E+06,2026-01-30 13:29:11,1.014E+03,prod-strategy-ap71,2026-02-01 03:52:24,-8.557925890199041E-01,1.6673336001067351E-03|kucoin_spot,3.5135135135135137E-01,1.0537967817314204E+00,0E+00,0E+00,1.3E+01,2.149999999999999E-03 | 0E+00
fr-CC-USDT-loong_kc_bnfutures_mode_0,CC-USDT-FTR,2.147867904E+01,0E+00,2.147867904E+01,0E+00,0E+00,-8.27E-06 | 0E+00,-1.9820415415E-02,0E+00,-1.7112679064000002E+05,-2.3966645E+03,0E+00,0E+00,0E+00,0E+00,0E+00,1.2551324640444386E-04,0E+00,0E+00,4.360407174368735E-03,21_virtual@eisoky3tmanagedsub.com,precursor012,-1.2755E+04,2026-01-03 12:14:01,0E+00,prod-strategy-ap71,2026-01-17 06:11:48,0E+00,2.020954103068684E-03|kucoin_spot,0E+00,1.5467405337515396E+00,0E+00,0E+00,0E+00,-1.0256999999999996E-03 | 0E+00
fr-SOLV-USDT-loong_kc_bnfutures_mode_7,SOLV-USDT-FTR,2.064748634318941E+01,-7.396307086810592E+00,2.804379343E+01,5.142356986179948E-01,-1.5232949847355485E+01,5E-05 | 0E+00,1.5266913121395E+00,7.345271478652954E+03,-3.3412529954440004E+04,-3.053382624279E+04,2.19835836695655E-01,8.158935779724121E+00,0E+00,2.810990227276929E-03,-1.006948090115656E-03,8.393196644564001E-04,-2.0738443625434315E-03,7.000908000643433E-05,8.513701144179329E-04,21_virtual@eisoky3tmanagedsub.com,precursor012,-3.269927E+06,2026-01-29 20:07:35,7.87E+02,prod-strategy-ap71,2026-01-31 23:52:00,-3.9857398516696354E+00,1.0706638115633993E-03|binance_futures,1.5384615384615385E-01,1.182167401750333E+00,0E+00,0E+00,8E+00,2.149999999999999E-03 | 0E+00
fr-HOME-USDT-loong_kc_bnfutures_mode_12,HOME-USDT-FTR,1.95707512161161E+01,-1.85368284638839E+01,3.810757968E+01,1.6752546559437178E+00,-3.0648352041273032E+01,5E-05 | 0E+00,1.8789946319375E+00,1.6915054464042187E+04,-3.6858813444E+04,-3.7579892638749996E+04,4.589147854621369E-01,-4.9344453E+02,0E+00,1.1570019628207146E-03,-1.0958775511653988E-03,1.0338797188329805E-03,-1.811897922435007E-03,9.903927058023687E-05,9.391833621074702E-04,21_virtual@eisoky3tmanagedsub.com,precursor012,-1.257515E+06,2026-01-28 01:08:21,1.47E+02,prod-strategy-ap71,2026-01-30 07:52:28,-9.628501490689658E+00,1.6673336001067351E-03|kucoin_spot,6.597938144329897E-01,1.0401287995978155E+00,0E+00,0E+00,6.4E+01,2.149999999999999E-03 | 0E+00
fr-TIA-USDT-loong_kc_bnfutures_mode_1,TIA-USDT-FTR,1.890241898585767E+01,1.298051952585767E+01,5.92189946E+00,4.781830028032346E+00,-2.1482684905291546E+01,-2.591E-05 | 0E+00,-6.299504560666983E-01,6.838533760753274E+04,-2.4565962199999998E+04,-2.4313024163129998E+04,2.783743500489989E+00,-6.456764390015603E+00,0E+00,2.764104067795893E-04,1.8981436635369988E-04,2.4106116470373794E-04,-3.141416809050775E-04,6.992478498059824E-05,6.259545768464435E-04,21_virtual@eisoky3tmanagedsub.com,precursor012,-6.6279E+04,2026-01-03 15:26:07,7.03E+02,prod-strategy-ap71,2026-01-27 08:50:33,5.77296410036769E+00,1.0869565217390686E-03|kucoin_spot,8.090909090909091E-01,1.3716140112987207E+00,0E+00,0E+00,2.67E+02,5.266800000000002E-04 | 0E+00
fr-PAXG-USDT-loong_kc_bnfutures_mode_1,PAXG-USDT-FTR,1.7431818872918782E+01,1.821078523291878E+01,-7.7896636E-01,4.3223258290527156E-01,-1.1230099904350936E+00,2.601E-05 | 0E+00,4.779814708689856E-02,6.138470770776272E+03,-2.1416076900000003E+03,-1.83768347123793E+03,2.866290964231769E+00,7.650932979267672E+00,0E+00,2.839765720789504E-03,2.966664811636114E-03,-3.637297174628654E-04,-1.8294621451672688E-04,7.041372339231834E-05,5.4569372225324015E-05,21_virtual@eisoky3tmanagedsub.com,precursor012,-3.87E-01,2025-11-15 20:42:38,6E+00,prod-strategy-ap71,2026-01-27 08:50:34,1.731041228009388E+00,9.40162652354859E-04|kucoin_spot,8.571428571428571E-01,7.831286157139193E-01,0E+00,0E+00,6E+00,-2.1098999999999993E-04 | 0E+00
fr-TUT-USDT-loong_kc_bnfutures_mode_19,TUT-USDT-FTR,1.7379088539999998E+01,0E+00,1.7379088539999998E+01,0E+00,0E+00,5E-05 | 0E+00,3.8059251370800007E-01,0E+00,-9.86993559288E+03,-7.6118502741600005E+03,0E+00,0E+00,0E+00,0E+00,0E+00,1.7608107344223168E-03,0E+00,0E+00,2.5149152747384965E-04,21_virtual@eisoky3tmanagedsub.com,precursor012,-6.537519999999999E+05,2026-01-21 18:17:41,0E+00,prod-strategy-ap71,2026-02-01 03:52:23,0E+00,6.008583690987113E-03|kucoin_spot,0E+00,1.153119606410139E+00,0E+00,0E+00,0E+00,2.1999999999999993E-03 | 0E+00
fr-COMMON-USDT-loong_kc_bnfutures_mode_1,COMMON-USDT-FTR,1.697609051E+01,0E+00,1.697609051E+01,0E+00,0E+00,0E+00 | 0E+00,0E+00,0E+00,-1.943999649E+03,0E+00,0E+00,0E+00,0E+00,0E+00,0E+00,8.732558423419755E-03,0E+00,0E+00,4.953420785119623E-05,21_virtual@eisoky3tmanagedsub.com,precursor012,0E+00,2025-12-21 02:13:23,0E+00,prod-strategy-ap71,2026-01-16 23:33:05,0E+00,0E+00|,0E+00,0E+00,0E+00,0E+00,0E+00,1.660729000000001E-02 | 0E+00
fr-QNT-USDT-loong_kc_bnfutures_mode_0,QNT-USDT-FTR,1.572851845232821E+01,3.239863945232821E+01,-1.6670121E+01,8.029672275548364E+00,-1.433834758682642E+02,4.073E-05 | 0E+00,9.445783539267079E-02,1.0334399535053223E+05,-4.9980942631210004E+04,-2.31912190996E+03,2.0676679932402937E+00,-3.5717468694689916E+02,0E+00,1.521957652109219E-04,3.135028730255236E-04,-3.3352954391041323E-04,-1.3874388674631958E-03,7.769848889925863E-05,1.273542617235869E-03,21_virtual@eisoky3tmanagedsub.com,precursor012,-3.4E+01,2026-01-18 06:59:40,1.331E+03,prod-strategy-ap71,2026-01-31 19:52:00,1.5603393553995438E+01,1.8624431734857172E-03|kucoin_spot,6.017441860465116E-01,1.1886273691324396E+00,0E+00,1E+00,2.07E+02,-1.5642999999999996E-04 | 0E+00
fr-ENA-USDT-loong_kc_bnfutures_mode_0,ENA-USDT-FTR,1.302301318E+01,0E+00,1.302301318E+01,0E+00,0E+00,2.085E-05 | 0E+00,5.9269425138E-01,0E+00,-2.81153222E+04,-2.84265828E+04,0E+00,0E+00,0E+00,0E+00,0E+00,4.6319985548662855E-04,0E+00,0E+00,7.163942721772331E-04,21_virtual@eisoky3tmanagedsub.com,precursor012,-2.05098E+05,2026-01-03 11:32:04,0E+00,prod-strategy-ap71,2026-01-28 00:50:09,0E+00,7.225433526012459E-04|kucoin_spot,0E+00,1.0119860090339505E+00,0E+00,0E+00,0E+00,1.4431499999999994E-03 | 0E+00
fr-AKE-USDT-loong_kc_bnfutures_mode_1,AKE-USDT-FTR,1.292549692E+01,0E+00,1.292549692E+01,0E+00,0E+00,5.14E-05 | 0E+00,1.0771734585624801E-01,0E+00,-2.469793865E+03,-2.09566820732E+03,0E+00,0E+00,0E+00,0E+00,0E+00,5.233431462912797E-03,0E+00,0E+00,6.293174112528828E-05,21_virtual@eisoky3tmanagedsub.com,precursor012,-6.415049E+06,2025-12-19 00:41:24,0E+00,prod-strategy-ap71,2025-12-28 20:42:49,0E+00,3.0478512648581813E-03|binance_futures,0E+00,1.7572267054641466E+00,0E+00,0E+00,0E+00,5.462559999999999E-03 | 0E+00
fr-AKE-USDT-loong_kc_bnfutures_mode_3,AKE-USDT-FTR,1.292549692E+01,0E+00,1.292549692E+01,0E+00,0E+00,5.14E-05 | 0E+00,1.0771734585624801E-01,0E+00,-2.469793865E+03,-2.09566820732E+03,0E+00,0E+00,0E+00,0E+00,0E+00,5.233431462912797E-03,0E+00,0E+00,6.293174112528828E-05,21_virtual@eisoky3tmanagedsub.com,precursor012,-6.415049E+06,2026-01-11 03:40:16,0E+00,prod-strategy-ap71,2026-02-01 01:12:25,0E+00,3.0478512648581813E-03|binance_futures,0E+00,1.7572267054641466E+00,0E+00,0E+00,0E+00,5.462559999999999E-03 | 0E+00
fr-AKE-USDT-loong_kc_bnfutures_mode_2,AKE-USDT-FTR,1.292549692E+01,0E+00,1.292549692E+01,0E+00,0E+00,5.14E-05 | 0E+00,1.0771734585624801E-01,0E+00,-2.469793865E+03,-2.09566820732E+03,0E+00,0E+00,0E+00,0E+00,0E+00,5.233431462912797E-03,0E+00,0E+00,6.293174112528828E-05,21_virtual@eisoky3tmanagedsub.com,precursor012,-6.415049E+06,2026-01-02 06:12:13,0E+00,prod-strategy-ap71,2026-01-07 07:12:33,0E+00,3.0478512648581813E-03|binance_futures,0E+00,1.7572267054641466E+00,0E+00,0E+00,0E+00,5.462559999999999E-03 | 0E+00
fr-BLUAI-USDT-loong_kc_bnfutures_mode_3,BLUAI-USDT-FTR,1.2872916992376162E+01,-1.7858599796762383E+02,1.9145891496E+02,5.699635992765252E+00,-2.6221953114974895E+02,5E-05 | 0E+00,3.5979149418940004E+00,5.765523485131562E+04,-7.942658479847999E+04,-7.195829883788001E+04,7.258934146243058E-01,-9.490701E+00,0E+00,2.2327403618376587E-04,-3.097481060100976E-03,2.4105142559731965E-03,-4.548061105396147E-03,9.885721578385338E-05,2.0238341927388747E-03,21_virtual@eisoky3tmanagedsub.com,precursor012,-1.3457293E+07,2026-01-22 03:45:19,2.64E+02,prod-strategy-ap71,2026-02-02 07:52:30,-7.43173715507279E+01,3.3432392273402556E-03|binance_futures,4.051724137931034E-01,3.800760070352441E+00,2.35E+02,0E+00,9.4E+01,2.82611E-03 | 0E+00
fr-BARD-USDT-loong_kc_bnfutures_mode_12,BARD-USDT-FTR,1.2464554150000001E+01,0E+00,1.2464554150000001E+01,0E+00,0E+00,5E-05 | 0E+00,1.71920497389E-01,0E+00,-1.3680818000000001E+04,-3.43840994778E+03,0E+00,0E+00,0E+00,0E+00,0E+00,9.110971398055292E-04,0E+00,0E+00,3.4859496128766365E-04,21_virtual@eisoky3tmanagedsub.com,precursor012,-5.185999999999999E+03,2026-01-22 19:30:00,0E+00,prod-strategy-ap71,2026-01-26 12:52:05,0E+00,2.558314522197236E-03|kucoin_spot,0E+00,1.496357851480554E+00,0E+00,0E+00,0E+00,2.149999999999999E-03 | 0E+00
fr-BARD-USDT-loong_kc_bnfutures_mode_10,BARD-USDT-FTR,1.2464554150000001E+01,0E+00,1.2464554150000001E+01,0E+00,0E+00,5E-05 | 0E+00,1.71920497389E-01,0E+00,-1.3680818000000001E+04,-3.43840994778E+03,0E+00,0E+00,0E+00,0E+00,0E+00,9.110971398055292E-04,0E+00,0E+00,3.4859496128766365E-04,21_virtual@eisoky3tmanagedsub.com,precursor012,-5.185999999999999E+03,2026-01-18 06:49:46,0E+00,prod-strategy-ap71,2026-01-19 10:11:00,0E+00,2.558314522197236E-03|kucoin_spot,0E+00,1.580316911255461E+00,0E+00,0E+00,0E+00,2.149999999999999E-03 | 0E+00
fr-BARD-USDT-loong_kc_bnfutures_mode_11,BARD-USDT-FTR,1.2464554150000001E+01,0E+00,1.2464554150000001E+01,0E+00,0E+00,5E-05 | 0E+00,1.71920497389E-01,0E+00,-1.3680818000000001E+04,-3.43840994778E+03,0E+00,0E+00,0E+00,0E+00,0E+00,9.110971398055292E-04,0E+00,0E+00,3.4859496128766365E-04,21_virtual@eisoky3tmanagedsub.com,precursor012,-5.185999999999999E+03,2026-01-19 02:33:43,0E+00,prod-strategy-ap71,2026-01-23 03:29:35,0E+00,2.558314522197236E-03|kucoin_spot,0E+00,1.496357851480554E+00,0E+00,0E+00,0E+00,2.149999999999999E-03 | 0E+00
fr-BARD-USDT-loong_kc_bnfutures_mode_8,BARD-USDT-FTR,1.246455415E+01,0E+00,1.246455415E+01,0E+00,0E+00,5E-05 | 0E+00,1.71920497389E-01,0E+00,-1.3680818000000001E+04,-3.43840994778E+03,0E+00,0E+00,0E+00,0E+00,0E+00,9.110971398055291E-04,0E+00,0E+00,3.4859496128766365E-04,21_virtual@eisoky3tmanagedsub.com,precursor012,-5.185999999999999E+03,2026-01-03 13:28:18,0E+00,prod-strategy-ap71,2026-01-15 04:38:17,0E+00,2.558314522197236E-03|kucoin_spot,0E+00,1.5013302531017576E+00,0E+00,0E+00,0E+00,2.149999999999999E-03 | 0E+00
fr-BARD-USDT-loong_kc_bnfutures_mode_7,BARD-USDT-FTR,1.246455415E+01,0E+00,1.246455415E+01,0E+00,0E+00,5E-05 | 0E+00,1.71920497389E-01,0E+00,-1.3680818000000001E+04,-3.43840994778E+03,0E+00,0E+00,0E+00,0E+00,0E+00,9.110971398055291E-04,0E+00,0E+00,3.4859496128766365E-04,21_virtual@eisoky3tmanagedsub.com,precursor012,-5.185999999999999E+03,2025-12-24 16:22:23,0E+00,prod-strategy-ap71,2025-12-27 04:42:33,0E+00,2.558314522197236E-03|kucoin_spot,0E+00,1.5013302531017576E+00,0E+00,0E+00,0E+00,2.149999999999999E-03 | 0E+00
fr-BARD-USDT-loong_kc_bnfutures_mode_9,BARD-USDT-FTR,1.246455415E+01,0E+00,1.246455415E+01,0E+00,0E+00,5E-05 | 0E+00,1.71920497389E-01,0E+00,-1.3680818000000001E+04,-3.43840994778E+03,0E+00,0E+00,0E+00,0E+00,0E+00,9.110971398055291E-04,0E+00,0E+00,3.4859496128766365E-04,21_virtual@eisoky3tmanagedsub.com,precursor012,-5.185999999999999E+03,2026-01-14 21:26:34,0E+00,prod-strategy-ap71,2026-01-18 10:11:16,0E+00,2.558314522197236E-03|kucoin_spot,0E+00,1.5013302531017576E+00,0E+00,0E+00,0E+00,2.149999999999999E-03 | 0E+00
fr-BARD-USDT-loong_kc_bnfutures_mode_13,BARD-USDT-FTR,1.2377278698145176E+01,-8.727545185482544E-02,1.2464554150000001E+01,1.0052590218256228E+00,-6.681018736679096E+00,5E-05 | 0E+00,1.71920497389E-01,8.858086613059044E+03,-1.3680818000000001E+04,-3.43840994778E+03,6.474822348385194E-01,7.384319361972809E+00,0E+00,1.3972858066095175E-03,-9.852630219957378E-06,9.110971398055292E-04,-7.542282017009856E-04,1.13484894169314E-04,3.4859496128766365E-04,21_virtual@eisoky3tmanagedsub.com,precursor012,-5.185999999999999E+03,2026-01-26 05:38:48,1.2E+01,prod-strategy-ap71,2026-01-28 15:53:33,7.872257517337722E-01,2.558314522197236E-03|kucoin_spot,7.058823529411765E-01,1.496357851480554E+00,0E+00,0E+00,3.6E+01,2.149999999999999E-03 | 0E+00
fr-DYDX-USDT-loong_kc_bnfutures_mode_1,DYDX-USDT-FTR,1.127753544E+01,0E+00,1.127753544E+01,0E+00,0E+00,1E-04 | 0E+00,1.2966636045595001E+00,0E+00,-1.312062128718E+04,-1.2966636045595002E+04,0E+00,0E+00,0E+00,0E+00,0E+00,8.595275477556191E-04,0E+00,0E+00,3.3432083298488494E-04,21_virtual@eisoky3tmanagedsub.com,precursor012,-9.78865E+04,2025-12-07 16:05:09,0E+00,prod-strategy-ap71,2026-01-21 14:10:28,0E+00,1.506024096385561E-03|binance_futures,0E+00,1.2313836201042754E+00,0E+00,0E+00,0E+00,1.0533900000000004E-03 | 0E+00
fr-ARIA-USDT-loong_kc_bnfutures_mode_4,ARIA-USDT-FTR,1.021416808E+01,0E+00,1.021416808E+01,0E+00,0E+00,5E-05 | 0E+00,2.1440925750000003E-01,0E+00,-5.32208802045E+03,-4.28818515E+03,0E+00,0E+00,0E+00,0E+00,0E+00,1.919203147477512E-03,0E+00,0E+00,1.3560980545595345E-04,21_virtual@eisoky3tmanagedsub.com,precursor012,-6.7605E+04,2026-01-15 17:30:04,0E+00,prod-strategy-ap71,2026-01-20 02:11:04,0E+00,1.7341951757843255E-03|binance_futures,0E+00,1.26236388749221E+00,0E+00,0E+00,0E+00,2.149999999999999E-03 | 0E+00
fr-ARIA-USDT-loong_kc_bnfutures_mode_1,ARIA-USDT-FTR,1.021416808E+01,0E+00,1.021416808E+01,0E+00,0E+00,5E-05 | 0E+00,2.1440925750000003E-01,0E+00,-5.32208802045E+03,-4.28818515E+03,0E+00,0E+00,0E+00,0E+00,0E+00,1.919203147477512E-03,0E+00,0E+00,1.3560980545595345E-04,21_virtual@eisoky3tmanagedsub.com,precursor012,-6.7605E+04,2025-11-16 15:54:48,0E+00,prod-strategy-ap71,2026-01-12 18:45:39,0E+00,1.7341951757843255E-03|binance_futures,0E+00,1.26236388749221E+00,0E+00,0E+00,0E+00,2.149999999999999E-03 | 0E+00
fr-ARIA-USDT-loong_kc_bnfutures_mode_2,ARIA-USDT-FTR,1.021416808E+01,0E+00,1.021416808E+01,0E+00,0E+00,5E-05 | 0E+00,2.1440925750000003E-01,0E+00,-5.32208802045E+03,-4.28818515E+03,0E+00,0E+00,0E+00,0E+00,0E+00,1.919203147477512E-03,0E+00,0E+00,1.3560980545595345E-04,21_virtual@eisoky3tmanagedsub.com,precursor012,-6.7605E+04,1970-01-01 00:00:00,0E+00,prod-strategy-ap71,2026-01-13 10:45:16,0E+00,1.7341951757843255E-03|binance_futures,0E+00,1.2414500690990746E+00,0E+00,0E+00,0E+00,2.149999999999999E-03 | 0E+00
fr-ARIA-USDT-loong_kc_bnfutures_mode_3,ARIA-USDT-FTR,1.021416808E+01,0E+00,1.021416808E+01,0E+00,0E+00,5E-05 | 0E+00,2.1440925750000003E-01,0E+00,-5.32208802045E+03,-4.28818515E+03,0E+00,0E+00,0E+00,0E+00,0E+00,1.919203147477512E-03,0E+00,0E+00,1.3560980545595345E-04,21_virtual@eisoky3tmanagedsub.com,precursor012,-6.7605E+04,2026-01-13 17:17:43,0E+00,prod-strategy-ap71,2026-01-16 00:49:37,0E+00,1.7341951757843255E-03|binance_futures,0E+00,1.26236388749221E+00,0E+00,0E+00,0E+00,2.149999999999999E-03 | 0E+00
fr-ARIA-USDT-loong_kc_bnfutures_mode_0,ARIA-USDT-FTR,1.021416808E+01,0E+00,1.021416808E+01,0E+00,0E+00,5E-05 | 0E+00,2.1440925750000003E-01,0E+00,-5.32208802045E+03,-4.28818515E+03,0E+00,0E+00,0E+00,0E+00,0E+00,1.919203147477512E-03,0E+00,0E+00,1.3560980545595345E-04,21_virtual@eisoky3tmanagedsub.com,precursor012,-6.7605E+04,2026-01-03 15:38:14,0E+00,prod-strategy-ap71,2026-01-07 03:12:21,0E+00,1.7341951757843255E-03|binance_futures,0E+00,1.3356320153802728E+00,0E+00,0E+00,0E+00,2.149999999999999E-03 | 0E+00
fr-ARIA-USDT-loong_kc_bnfutures_mode_5,ARIA-USDT-FTR,1.021416808E+01,0E+00,1.021416808E+01,0E+00,0E+00,5E-05 | 0E+00,2.1440925750000003E-01,0E+00,-5.32208802045E+03,-4.28818515E+03,0E+00,0E+00,0E+00,0E+00,0E+00,1.919203147477512E-03,0E+00,0E+00,1.3560980545595345E-04,21_virtual@eisoky3tmanagedsub.com,precursor012,-6.7605E+04,2026-01-19 18:29:16,0E+00,prod-strategy-ap71,2026-01-20 22:10:44,0E+00,1.7341951757843255E-03|binance_futures,0E+00,1.2414500690990746E+00,0E+00,0E+00,0E+00,2.149999999999999E-03 | 0E+00
fr-VELVET-USDT-loong_kc_bnfutures_mode_0,VELVET-USDT-FTR,8.9404813E+00,0E+00,8.9404813E+00,0E+00,0E+00,5E-05 | 0E+00,1.8637360000000003E-01,0E+00,-4.40107022048E+03,-3.727472E+03,0E+00,0E+00,0E+00,0E+00,0E+00,2.0314334587065307E-03,0E+00,0E+00,1.1214175227917767E-04,21_virtual@eisoky3tmanagedsub.com,precursor012,-3.3281E+04,2025-11-25 10:51:56,0E+00,prod-strategy-ap71,2025-12-31 19:11:35,0E+00,8.040739748056414E-04|binance_futures,0E+00,1.3443886488407828E+00,0E+00,0E+00,0E+00,2.27914E-03 | 0E+00
fr-VELVET-USDT-loong_kc_bnfutures_mode_1,VELVET-USDT-FTR,8.9404813E+00,0E+00,8.9404813E+00,0E+00,0E+00,5E-05 | 0E+00,1.8637360000000003E-01,0E+00,-4.40107022048E+03,-3.727472E+03,0E+00,0E+00,0E+00,0E+00,0E+00,2.0314334587065307E-03,0E+00,0E+00,1.1214175227917767E-04,21_virtual@eisoky3tmanagedsub.com,precursor012,-3.3281E+04,2026-01-03 13:23:17,0E+00,prod-strategy-ap71,2026-01-15 17:08:18,0E+00,8.040739748056414E-04|binance_futures,0E+00,1.2299991077091388E+00,0E+00,0E+00,0E+00,2.27914E-03 | 0E+00
fr-BAS-USDT-loong_kc_bnfutures_mode_2,BAS-USDT-FTR,8.50497651E+00,0E+00,8.50497651E+00,0E+00,0E+00,5E-05 | 0E+00,7.45903305E-02,0E+00,-1.793510916E+03,-1.4918066099999999E+03,0E+00,0E+00,0E+00,0E+00,0E+00,4.742082378270844E-03,0E+00,0E+00,4.569967002938144E-05,21_virtual@eisoky3tmanagedsub.com,precursor012,-4.17873E+05,2026-01-22 03:49:02,0E+00,prod-strategy-ap71,2026-01-23 20:01:52,0E+00,2.8169014084504784E-03|binance_futures,0E+00,1.5191436026957919E+00,0E+00,0E+00,0E+00,5.147289999999997E-03 | 0E+00
fr-BAS-USDT-loong_kc_bnfutures_mode_0,BAS-USDT-FTR,8.504976509999999E+00,0E+00,8.504976509999999E+00,0E+00,0E+00,5E-05 | 0E+00,7.45903305E-02,0E+00,-1.793510916E+03,-1.4918066099999999E+03,0E+00,0E+00,0E+00,0E+00,0E+00,4.742082378270843E-03,0E+00,0E+00,4.569967002938144E-05,21_virtual@eisoky3tmanagedsub.com,precursor012,-4.17873E+05,2025-12-14 16:09:00,0E+00,prod-strategy-ap71,2026-01-12 06:46:00,0E+00,2.8169014084504784E-03|binance_futures,0E+00,1.516139450344067E+00,0E+00,0E+00,0E+00,5.147289999999997E-03 | 0E+00
fr-BAS-USDT-loong_kc_bnfutures_mode_1,BAS-USDT-FTR,8.504976509999999E+00,0E+00,8.504976509999999E+00,0E+00,0E+00,5E-05 | 0E+00,7.45903305E-02,0E+00,-1.793510916E+03,-1.4918066099999999E+03,0E+00,0E+00,0E+00,0E+00,0E+00,4.742082378270843E-03,0E+00,0E+00,4.569967002938144E-05,21_virtual@eisoky3tmanagedsub.com,precursor012,-4.17873E+05,2026-01-12 15:15:27,0E+00,prod-strategy-ap71,2026-01-22 11:30:19,0E+00,2.8169014084504784E-03|binance_futures,0E+00,1.5191436026957919E+00,0E+00,0E+00,0E+00,5.147289999999997E-03 | 0E+00
fr-JELLYJELLY-USDT-loong_kc_bnfutures_mode_0,JELLYJELLY-USDT-FTR,8.16319276E+00,0E+00,8.16319276E+00,0E+00,0E+00,8.741E-05 | 0E+00,1.1744159967470001E-01,0E+00,-1.5786530655E+03,-1.34357167E+03,0E+00,0E+00,0E+00,0E+00,0E+00,5.170985910963602E-03,0E+00,0E+00,4.0224970776939216E-05,21_virtual@eisoky3tmanagedsub.com,precursor012,-2.4941E+04,2026-01-10 15:23:59,0E+00,prod-strategy-ap71,2026-01-15 04:22:39,0E+00,1.855631842642369E-03|binance_futures,0E+00,1.0917108192089036E+00,0E+00,0E+00,0E+00,5.552379999999998E-03 | 0E+00
fr-TRB-USDT-loong_kc_bnfutures_mode_4,TRB-USDT-FTR,6.734605274367193E+00,1.1449813843671928E+00,5.58962389E+00,4.3181918960202665E+00,-1.841783091553953E+01,5E-05 | 0E+00,8.907177748567998E-01,6.1667218818807625E+04,-1.6370360661619998E+04,-1.7814355497135995E+04,3.7670042886339856E+00,1.2968316296865522E+01,0E+00,1.0920883742389943E-04,1.8567099446002414E-05,3.414478156919761E-04,-2.9866485416920333E-04,7.002410646583724E-05,4.1712602573197854E-04,21_virtual@eisoky3tmanagedsub.com,precursor012,-1.1066E+03,2026-01-11 11:04:20,5.24E+02,prod-strategy-ap71,2026-01-28 15:53:32,7.444246874837357E-02,2.471118799036276E-03|kucoin_spot,6.67910447761194E-01,1.2246969315434513E+00,0E+00,0E+00,1.79E+02,8.742400000000002E-04 | 0E+00
fr-GUN-USDT-loong_kc_bnfutures_mode_0,GUN-USDT-FTR,6.420579890000001E+00,0E+00,6.420579890000001E+00,0E+00,0E+00,4.445E-05 | 0E+00,6.169367551399605E-01,0E+00,-1.06906716416E+04,-1.387934207289E+04,0E+00,0E+00,0E+00,0E+00,0E+00,6.005777845627552E-04,0E+00,0E+00,2.724043450503234E-04,21_virtual@eisoky3tmanagedsub.com,precursor012,-4.99079E+05,2026-01-14 21:25:08,0E+00,prod-strategy-ap71,2026-01-27 12:50:29,0E+00,2.5116612845352826E-03|kucoin_spot,0E+00,1.4551037149305133E+00,0E+00,0E+00,0E+00,1.7728799999999995E-03 | 0E+00
fr-HOME-USDT-loong_kc_bnfutures_mode_15,HOME-USDT-FTR,6.102841295588585E+00,-3.8300620944114163E+00,9.932903390000002E+00,5.965240760997403E-01,-7.322020004037768E+00,5E-05 | 0E+00,1.8789946319375E+00,7.443335477143526E+03,-3.6858813444E+04,-3.7579892638749996E+04,2.0194180934370737E-01,1.026877E+01,0E+00,8.199067896816909E-04,-5.145626051885614E-04,2.6948516411390104E-04,-9.837014637485728E-04,8.014203819396624E-05,9.391833621074702E-04,21_virtual@eisoky3tmanagedsub.com,precursor012,-1.257515E+06,2026-01-31 20:00:10,4.98E+02,prod-strategy-ap71,2026-02-02 03:52:29,-2.6074708320665065E+00,1.6673336001067351E-03|kucoin_spot,5.294117647058824E-01,1.0537967817314204E+00,6.3E+01,0E+00,1.8E+01,2.149999999999999E-03 | 0E+00
fr-KAS-USDT-loong_kc_bnfutures_mode_2,KAS-USDT-FTR,6.035252519999999E+00,0E+00,6.035252519999999E+00,0E+00,0E+00,5E-05 | 0E+00,1.625925455E+00,0E+00,-3.04991444434E+04,-3.25185091E+04,0E+00,0E+00,0E+00,0E+00,0E+00,1.9788268261754552E-04,0E+00,0E+00,7.771354078794034E-04,21_virtual@eisoky3tmanagedsub.com,precursor012,-1.04797E+06,2025-12-11 16:05:28,0E+00,prod-strategy-ap71,2026-01-26 12:52:05,0E+00,9.652509652509078E-04|kucoin_spot,0E+00,1.1803833091533351E+00,0E+00,0E+00,0E+00,1.08111E-03 | 0E+00
fr-TRB-USDT-loong_kc_bnfutures_mode_3,TRB-USDT-FTR,5.58962389E+00,0E+00,5.58962389E+00,0E+00,0E+00,5E-05 | 0E+00,8.907177748567998E-01,0E+00,-1.6370360661619998E+04,-1.7814355497135995E+04,0E+00,0E+00,0E+00,0E+00,0E+00,3.414478156919761E-04,0E+00,0E+00,4.1712602573197854E-04,21_virtual@eisoky3tmanagedsub.com,precursor012,-1.1066E+03,2025-12-15 16:02:10,0E+00,prod-strategy-ap71,2026-01-11 18:46:11,0E+00,2.471118799036276E-03|kucoin_spot,0E+00,1.2246969315434513E+00,0E+00,0E+00,0E+00,8.742400000000002E-04 | 0E+00
fr-SSV-USDT-loong_kc_bnfutures_mode_0,SSV-USDT-FTR,5.427697770000001E+00,0E+00,5.427697770000001E+00,0E+00,0E+00,-9.403E-05 | 0E+00,-3.5592163302683755E-01,0E+00,-1.301082502E+04,-3.7851923112500003E+03,0E+00,0E+00,0E+00,0E+00,0E+00,4.171678399837554E-04,0E+00,0E+00,3.315231621506452E-04,21_virtual@eisoky3tmanagedsub.com,precursor012,-9.7244E+02,2025-12-24 16:15:27,0E+00,prod-strategy-ap71,2026-01-22 11:30:19,0E+00,2.8328611898016387E-03|kucoin_spot,0E+00,1.2277253162607258E+00,0E+00,0E+00,0E+00,6.834900000000002E-04 | 0E+00
fr-SSV-USDT-loong_kc_bnfutures_mode_1,SSV-USDT-FTR,5.427697770000001E+00,0E+00,5.427697770000001E+00,0E+00,0E+00,-9.403E-05 | 0E+00,-3.5592163302683755E-01,0E+00,-1.301082502E+04,-3.7851923112500003E+03,0E+00,0E+00,0E+00,0E+00,0E+00,4.171678399837554E-04,0E+00,0E+00,3.315231621506452E-04,21_virtual@eisoky3tmanagedsub.com,precursor012,-9.7244E+02,2026-01-22 06:46:39,0E+00,prod-strategy-ap71,2026-01-28 15:53:31,0E+00,2.8328611898016387E-03|kucoin_spot,0E+00,1.2277253162607258E+00,0E+00,0E+00,0E+00,6.834900000000002E-04 | 0E+00
fr-HIPPO-USDT-loong_kc_bnfutures_mode_2,HIPPO-USDT-FTR,4.91380206E+00,0E+00,4.91380206E+00,0E+00,0E+00,5E-05 | 0E+00,4.825760148450001E-02,0E+00,-1.7064413450000002E+03,-9.651520296900001E+02,0E+00,0E+00,0E+00,0E+00,0E+00,2.8795610668938634E-03,0E+00,0E+00,4.348108823609405E-05,21_virtual@eisoky3tmanagedsub.com,precursor012,-1.4900529999999998E+06,2025-11-28 00:41:07,0E+00,prod-strategy-ap71,2025-12-25 16:42:29,0E+00,3.072196620583778E-03|binance_futures,0E+00,1.5595493369687896E+00,0E+00,0E+00,0E+00,3.3195800000000025E-03 | 0E+00
fr-HIPPO-USDT-loong_kc_bnfutures_mode_3,HIPPO-USDT-FTR,4.91380206E+00,0E+00,4.91380206E+00,0E+00,0E+00,5E-05 | 0E+00,4.825760148450001E-02,0E+00,-1.7064413450000002E+03,-9.651520296900001E+02,0E+00,0E+00,0E+00,0E+00,0E+00,2.8795610668938634E-03,0E+00,0E+00,4.348108823609405E-05,21_virtual@eisoky3tmanagedsub.com,precursor012,-1.4900529999999998E+06,2026-01-03 02:43:12,0E+00,prod-strategy-ap71,2026-01-16 18:12:20,0E+00,3.072196620583778E-03|binance_futures,0E+00,1.5595493369687896E+00,0E+00,0E+00,0E+00,3.3195800000000025E-03 | 0E+00
fr-VINE-USDT-loong_kc_bnfutures_mode_10,VINE-USDT-FTR,4.64844686E+00,0E+00,4.64844686E+00,0E+00,0E+00,5E-05 | 0E+00,7.2636174E-02,0E+00,-1.84724829E+03,-1.4527234799999999E+03,0E+00,0E+00,0E+00,0E+00,0E+00,2.5164169241158156E-03,0E+00,0E+00,4.706892863725348E-05,21_virtual@eisoky3tmanagedsub.com,precursor012,-6.8139E+04,2025-12-28 06:11:38,0E+00,prod-strategy-ap71,2026-01-22 11:30:20,0E+00,3.2771535580524702E-03|kucoin_spot,0E+00,1.422086448922708E+00,0E+00,0E+00,0E+00,2.149999999999999E-03 | 0E+00
fr-VINE-USDT-loong_kc_bnfutures_mode_9,VINE-USDT-FTR,4.64844686E+00,0E+00,4.64844686E+00,0E+00,0E+00,5E-05 | 0E+00,7.2636174E-02,0E+00,-1.84724829E+03,-1.4527234799999999E+03,0E+00,0E+00,0E+00,0E+00,0E+00,2.5164169241158156E-03,0E+00,0E+00,4.706892863725348E-05,21_virtual@eisoky3tmanagedsub.com,precursor012,-6.8139E+04,2025-12-27 11:31:32,0E+00,prod-strategy-ap71,2025-12-28 12:42:49,0E+00,3.2771535580524702E-03|kucoin_spot,0E+00,1.2125676925121738E+00,0E+00,0E+00,0E+00,2.149999999999999E-03 | 0E+00
fr-VINE-USDT-loong_kc_bnfutures_mode_8,VINE-USDT-FTR,4.64844686E+00,0E+00,4.64844686E+00,0E+00,0E+00,5E-05 | 0E+00,7.2636174E-02,0E+00,-1.84724829E+03,-1.4527234799999999E+03,0E+00,0E+00,0E+00,0E+00,0E+00,2.5164169241158156E-03,0E+00,0E+00,4.706892863725348E-05,21_virtual@eisoky3tmanagedsub.com,precursor012,-6.8139E+04,2025-12-23 08:10:02,0E+00,prod-strategy-ap71,2025-12-26 08:42:29,0E+00,3.2771535580524702E-03|kucoin_spot,0E+00,1.2125676925121738E+00,0E+00,0E+00,0E+00,2.149999999999999E-03 | 0E+00
fr-AIO-USDT-loong_kc_bnfutures_mode_9,AIO-USDT-FTR,4.49893487E+00,0E+00,4.49893487E+00,0E+00,0E+00,5E-05 | 0E+00,1.070480664E-01,0E+00,-2.25727722E+03,-2.140961328E+03,0E+00,0E+00,0E+00,0E+00,0E+00,1.993080349253691E-03,0E+00,0E+00,5.7516697109882246E-05,21_virtual@eisoky3tmanagedsub.com,precursor012,-1.3002E+04,1970-01-01 00:00:00,0E+00,prod-strategy-ap71,2026-01-13 18:45:27,0E+00,5.642519111758393E-03|binance_futures,0E+00,1.551585352640253E+00,0E+00,0E+00,0E+00,2.149999999999999E-03 | 0E+00
fr-AIO-USDT-loong_kc_bnfutures_mode_5,AIO-USDT-FTR,4.49893487E+00,0E+00,4.49893487E+00,0E+00,0E+00,5E-05 | 0E+00,1.070480664E-01,0E+00,-2.25727722E+03,-2.140961328E+03,0E+00,0E+00,0E+00,0E+00,0E+00,1.993080349253691E-03,0E+00,0E+00,5.7516697109882246E-05,21_virtual@eisoky3tmanagedsub.com,precursor012,-1.3002E+04,2025-12-24 16:45:49,0E+00,prod-strategy-ap71,2025-12-30 23:11:27,0E+00,5.642519111758393E-03|binance_futures,0E+00,1.512335703830774E+00,0E+00,0E+00,0E+00,2.149999999999999E-03 | 0E+00
fr-AIO-USDT-loong_kc_bnfutures_mode_8,AIO-USDT-FTR,4.49893487E+00,0E+00,4.49893487E+00,0E+00,0E+00,5E-05 | 0E+00,1.070480664E-01,0E+00,-2.25727722E+03,-2.140961328E+03,0E+00,0E+00,0E+00,0E+00,0E+00,1.993080349253691E-03,0E+00,0E+00,5.7516697109882246E-05,21_virtual@eisoky3tmanagedsub.com,precursor012,-1.3002E+04,1970-01-01 00:00:00,0E+00,prod-strategy-ap71,2026-01-11 10:46:20,0E+00,5.642519111758393E-03|binance_futures,0E+00,1.6068735873735096E+00,0E+00,0E+00,0E+00,2.149999999999999E-03 | 0E+00
fr-AIO-USDT-loong_kc_bnfutures_mode_7,AIO-USDT-FTR,4.49893487E+00,0E+00,4.49893487E+00,0E+00,0E+00,5E-05 | 0E+00,1.070480664E-01,0E+00,-2.25727722E+03,-2.140961328E+03,0E+00,0E+00,0E+00,0E+00,0E+00,1.993080349253691E-03,0E+00,0E+00,5.7516697109882246E-05,21_virtual@eisoky3tmanagedsub.com,precursor012,-1.3002E+04,2026-01-03 19:37:16,0E+00,prod-strategy-ap71,2026-01-09 15:12:36,0E+00,5.642519111758393E-03|binance_futures,0E+00,1.512335703830774E+00,0E+00,0E+00,0E+00,2.149999999999999E-03 | 0E+00
fr-AIO-USDT-loong_kc_bnfutures_mode_6,AIO-USDT-FTR,4.49893487E+00,0E+00,4.49893487E+00,0E+00,0E+00,5E-05 | 0E+00,1.070480664E-01,0E+00,-2.25727722E+03,-2.140961328E+03,0E+00,0E+00,0E+00,0E+00,0E+00,1.993080349253691E-03,0E+00,0E+00,5.7516697109882246E-05,21_virtual@eisoky3tmanagedsub.com,precursor012,-1.3002E+04,2026-01-03 15:33:08,0E+00,prod-strategy-ap71,2026-01-04 03:11:32,0E+00,5.642519111758393E-03|binance_futures,0E+00,1.6068735873735096E+00,0E+00,0E+00,0E+00,2.149999999999999E-03 | 0E+00
fr-AIO-USDT-loong_kc_bnfutures_mode_10,AIO-USDT-FTR,4.49893487E+00,0E+00,4.49893487E+00,0E+00,0E+00,5E-05 | 0E+00,1.070480664E-01,0E+00,-2.25727722E+03,-2.140961328E+03,0E+00,0E+00,0E+00,0E+00,0E+00,1.993080349253691E-03,0E+00,0E+00,5.7516697109882246E-05,21_virtual@eisoky3tmanagedsub.com,precursor012,-1.3002E+04,1970-01-01 00:00:00,0E+00,prod-strategy-ap71,2026-01-16 18:11:36,0E+00,5.642519111758393E-03|binance_futures,0E+00,1.551585352640253E+00,0E+00,0E+00,0E+00,2.149999999999999E-03 | 0E+00
fr-AIO-USDT-loong_kc_bnfutures_mode_11,AIO-USDT-FTR,4.49893487E+00,0E+00,4.49893487E+00,0E+00,0E+00,5E-05 | 0E+00,1.070480664E-01,0E+00,-2.25727722E+03,-2.140961328E+03,0E+00,0E+00,0E+00,0E+00,0E+00,1.993080349253691E-03,0E+00,0E+00,5.7516697109882246E-05,21_virtual@eisoky3tmanagedsub.com,precursor012,-1.3002E+04,2026-01-16 10:45:57,0E+00,prod-strategy-ap71,2026-01-22 11:30:20,0E+00,5.642519111758393E-03|binance_futures,0E+00,1.512335703830774E+00,0E+00,0E+00,0E+00,2.149999999999999E-03 | 0E+00
fr-AIO-USDT-loong_kc_bnfutures_mode_12,AIO-USDT-FTR,4.49893487E+00,0E+00,4.49893487E+00,0E+00,0E+00,5E-05 | 0E+00,1.070480664E-01,0E+00,-2.25727722E+03,-2.140961328E+03,0E+00,0E+00,0E+00,0E+00,0E+00,1.993080349253691E-03,0E+00,0E+00,5.7516697109882246E-05,21_virtual@eisoky3tmanagedsub.com,precursor012,-1.3002E+04,2026-01-22 03:50:00,0E+00,prod-strategy-ap71,2026-01-24 13:23:50,0E+00,5.642519111758393E-03|binance_futures,0E+00,1.6068735873735096E+00,0E+00,0E+00,0E+00,2.149999999999999E-03 | 0E+00
fr-NXPC-USDT-loong_kc_bnfutures_mode_1,NXPC-USDT-FTR,4.41129305E+00,0E+00,4.41129305E+00,0E+00,0E+00,5E-05 | 0E+00,9.9388403808E-02,0E+00,-2.5962416000000003E+03,-1.98776807616E+03,0E+00,0E+00,0E+00,0E+00,0E+00,1.699107298026501E-03,0E+00,0E+00,6.615370075425476E-05,21_virtual@eisoky3tmanagedsub.com,precursor012,-5.316E+03,2026-01-22 03:48:47,0E+00,prod-strategy-ap71,2026-01-26 12:52:06,0E+00,2.0042757883484974E-03|kucoin_spot,0E+00,1.1448677812882784E+00,0E+00,0E+00,0E+00,2.1999999999999993E-03 | 0E+00
fr-NXPC-USDT-loong_kc_bnfutures_mode_0,NXPC-USDT-FTR,4.41129305E+00,0E+00,4.41129305E+00,0E+00,0E+00,5E-05 | 0E+00,9.9388403808E-02,0E+00,-2.5962416000000003E+03,-1.98776807616E+03,0E+00,0E+00,0E+00,0E+00,0E+00,1.699107298026501E-03,0E+00,0E+00,6.615370075425476E-05,21_virtual@eisoky3tmanagedsub.com,precursor012,-5.316E+03,2025-12-09 06:27:31,0E+00,prod-strategy-ap71,2026-01-22 11:30:20,0E+00,2.0042757883484974E-03|kucoin_spot,0E+00,1.1448677812882784E+00,0E+00,0E+00,0E+00,2.1999999999999993E-03 | 0E+00
fr-APR-USDT-loong_kc_bnfutures_mode_4,APR-USDT-FTR,4.0747884E+00,0E+00,4.0747884E+00,0E+00,0E+00,5E-05 | 0E+00,7.011897750000001E-02,0E+00,-1.8402244335E+03,-1.40237955E+03,0E+00,0E+00,0E+00,0E+00,0E+00,2.2142888257656646E-03,0E+00,0E+00,4.68899568108095E-05,21_virtual@eisoky3tmanagedsub.com,precursor012,-1.7205E+04,2026-01-22 03:44:20,0E+00,prod-strategy-ap71,2026-01-23 03:29:35,0E+00,2.702702702702675E-03|binance_futures,0E+00,1.3700018811808672E+00,0E+00,0E+00,0E+00,2.466570000000001E-03 | 0E+00
fr-APR-USDT-loong_kc_bnfutures_mode_2,APR-USDT-FTR,4.0747884E+00,0E+00,4.0747884E+00,0E+00,0E+00,5E-05 | 0E+00,7.011897750000001E-02,0E+00,-1.8402244335E+03,-1.40237955E+03,0E+00,0E+00,0E+00,0E+00,0E+00,2.2142888257656646E-03,0E+00,0E+00,4.68899568108095E-05,21_virtual@eisoky3tmanagedsub.com,precursor012,-1.7205E+04,1970-01-01 00:00:00,0E+00,prod-strategy-ap71,2025-12-29 04:42:45,0E+00,2.702702702702675E-03|binance_futures,0E+00,1.375425807994967E+00,0E+00,0E+00,0E+00,2.466570000000001E-03 | 0E+00
fr-APR-USDT-loong_kc_bnfutures_mode_3,APR-USDT-FTR,4.0747884E+00,0E+00,4.0747884E+00,0E+00,0E+00,5E-05 | 0E+00,7.011897750000001E-02,0E+00,-1.8402244335E+03,-1.40237955E+03,0E+00,0E+00,0E+00,0E+00,0E+00,2.2142888257656646E-03,0E+00,0E+00,4.68899568108095E-05,21_virtual@eisoky3tmanagedsub.com,precursor012,-1.7205E+04,2026-01-03 15:34:00,0E+00,prod-strategy-ap71,2026-01-22 11:30:20,0E+00,2.702702702702675E-03|binance_futures,0E+00,1.4134865801897796E+00,0E+00,0E+00,0E+00,2.466570000000001E-03 | 0E+00
fr-APR-USDT-loong_kc_bnfutures_mode_1,APR-USDT-FTR,4.0747884E+00,0E+00,4.0747884E+00,0E+00,0E+00,5E-05 | 0E+00,7.011897750000001E-02,0E+00,-1.8402244335E+03,-1.40237955E+03,0E+00,0E+00,0E+00,0E+00,0E+00,2.2142888257656646E-03,0E+00,0E+00,4.68899568108095E-05,21_virtual@eisoky3tmanagedsub.com,precursor012,-1.7205E+04,2025-12-16 07:50:02,0E+00,prod-strategy-ap71,2025-12-28 00:42:45,0E+00,2.702702702702675E-03|binance_futures,0E+00,1.4134865801897796E+00,0E+00,0E+00,0E+00,2.466570000000001E-03 | 0E+00
fr-APR-USDT-loong_kc_bnfutures_mode_5,APR-USDT-FTR,4.0747884E+00,0E+00,4.0747884E+00,0E+00,0E+00,5E-05 | 0E+00,7.011897750000001E-02,0E+00,-1.8402244335E+03,-1.40237955E+03,0E+00,0E+00,0E+00,0E+00,0E+00,2.2142888257656646E-03,0E+00,0E+00,4.68899568108095E-05,21_virtual@eisoky3tmanagedsub.com,precursor012,-1.7205E+04,2026-01-24 13:29:51,0E+00,prod-strategy-ap71,2026-01-24 21:36:55,0E+00,2.702702702702675E-03|binance_futures,0E+00,1.375425807994967E+00,0E+00,0E+00,0E+00,2.466570000000001E-03 | 0E+00
fr-ZEN-USDT-loong_kc_bnfutures_mode_0,ZEN-USDT-FTR,3.8744907600000023E+00,0E+00,3.8744907600000023E+00,0E+00,0E+00,3.42E-06 | 0E+00,1.705996635189617E-01,0E+00,-4.6191487486925005E+04,-4.9882942549404004E+04,0E+00,0E+00,0E+00,0E+00,0E+00,8.387889134543931E-05,0E+00,0E+00,1.1769851621682432E-03,21_virtual@eisoky3tmanagedsub.com,precursor012,-7.0194E+03,2025-12-26 19:48:29,0E+00,prod-strategy-ap71,2026-01-27 04:50:33,0E+00,2.107333520651844E-03|kucoin_spot,0E+00,1.2408964662694473E+00,0E+00,0E+00,0E+00,5.7012E-04 | 0E+00
fr-GRIFFAIN-USDT-loong_kc_bnfutures_mode_4,GRIFFAIN-USDT-FTR,3.6818816900000004E+00,0E+00,3.6818816900000004E+00,0E+00,0E+00,5E-05 | 0E+00,7.932415310350001E-02,0E+00,-1.9499948000000002E+03,-1.58648306207E+03,0E+00,0E+00,0E+00,0E+00,0E+00,1.888149491475567E-03,0E+00,0E+00,4.9686967681109815E-05,21_virtual@eisoky3tmanagedsub.com,precursor012,-1.41949E+05,2026-01-18 18:26:03,0E+00,prod-strategy-ap71,2026-01-23 22:32:35,0E+00,8.968609865469546E-04|kucoin_spot,0E+00,1.771699894845803E+00,0E+00,0E+00,0E+00,2.149999999999999E-03 | 0E+00
fr-GRIFFAIN-USDT-loong_kc_bnfutures_mode_2,GRIFFAIN-USDT-FTR,3.68188169E+00,0E+00,3.68188169E+00,0E+00,0E+00,5E-05 | 0E+00,7.932415310350001E-02,0E+00,-1.9499948000000002E+03,-1.58648306207E+03,0E+00,0E+00,0E+00,0E+00,0E+00,1.8881494914755668E-03,0E+00,0E+00,4.9686967681109815E-05,21_virtual@eisoky3tmanagedsub.com,precursor012,-1.41949E+05,2025-12-28 10:21:56,0E+00,prod-strategy-ap71,2025-12-30 07:11:24,0E+00,8.968609865469546E-04|kucoin_spot,0E+00,1.771699894845803E+00,0E+00,0E+00,0E+00,2.149999999999999E-03 | 0E+00
fr-GRIFFAIN-USDT-loong_kc_bnfutures_mode_3,GRIFFAIN-USDT-FTR,3.68188169E+00,0E+00,3.68188169E+00,0E+00,0E+00,5E-05 | 0E+00,7.932415310350001E-02,0E+00,-1.9499948000000002E+03,-1.58648306207E+03,0E+00,0E+00,0E+00,0E+00,0E+00,1.8881494914755668E-03,0E+00,0E+00,4.9686967681109815E-05,21_virtual@eisoky3tmanagedsub.com,precursor012,-1.41949E+05,2025-12-29 23:33:40,0E+00,prod-strategy-ap71,2026-01-19 02:11:04,0E+00,8.968609865469546E-04|kucoin_spot,0E+00,1.7640391793016141E+00,0E+00,0E+00,0E+00,2.149999999999999E-03 | 0E+00
fr-GRIFFAIN-USDT-loong_kc_bnfutures_mode_1,GRIFFAIN-USDT-FTR,3.6818816899999995E+00,0E+00,3.6818816899999995E+00,0E+00,0E+00,5E-05 | 0E+00,7.932415310350001E-02,0E+00,-1.9499948000000002E+03,-1.58648306207E+03,0E+00,0E+00,0E+00,0E+00,0E+00,1.8881494914755666E-03,0E+00,0E+00,4.9686967681109815E-05,21_virtual@eisoky3tmanagedsub.com,precursor012,-1.41949E+05,2025-12-09 09:00:24,0E+00,prod-strategy-ap71,2025-12-27 12:42:41,0E+00,8.968609865469546E-04|kucoin_spot,0E+00,1.7479893649164775E+00,0E+00,0E+00,0E+00,2.149999999999999E-03 | 0E+00
fr-NEO-USDT-loong_kc_bnfutures_mode_2,NEO-USDT-FTR,3.469435578275805E+00,1.4067723482758052E+00,2.0626632299999996E+00,6.51712163839278E-01,-1.4437469981610775E+01,-4.1495E-04 | 0E+00,-3.2699059033619995E+00,9.350090041352814E+03,-1.01997990054688E+04,-7.88024076E+03,9.166935580141923E-01,-5.113547304575332E-02,0E+00,3.71059055360052E-04,1.5045548674441075E-04,2.022258702249002E-04,-1.5440995667162468E-03,6.970116447616426E-05,2.5989663333386546E-04,21_virtual@eisoky3tmanagedsub.com,precursor012,-2.44804E+03,2026-01-27 00:08:56,9.94E+02,prod-strategy-ap71,2026-02-02 07:52:41,-5.672622427771902E+00,2.069817732468282E-03|kucoin_spot,1.7857142857142858E-01,1.267697341954542E+00,8E+01,1E+00,5E+00,-4.911299999999999E-04 | 0E+00
fr-ADA-USDT-loong_kc_bnfutures_mode_1,ADA-USDT-FTR,3.3673531800000003E+00,0E+00,3.3673531800000003E+00,0E+00,0E+00,-5.448E-05 | 0E+00,-2.1347879039999998E-01,0E+00,-6.577040837724E+04,-3.9184799999999996E+03,0E+00,0E+00,0E+00,0E+00,0E+00,5.119860531632764E-05,0E+00,0E+00,1.675867112780669E-03,21_virtual@eisoky3tmanagedsub.com,precursor012,-1.3512E+04,2025-12-02 16:18:51,0E+00,prod-strategy-ap71,2026-01-04 11:11:24,0E+00,1.0323468685478066E-03|kucoin_spot,0E+00,1.1371335239733924E+00,0E+00,0E+00,0E+00,4.6967000000000005E-04 | 0E+00
fr-CROSS-USDT-loong_kc_bnfutures_mode_6,CROSS-USDT-FTR,2.77101239E+00,0E+00,2.77101239E+00,0E+00,0E+00,5E-05 | 0E+00,4.4885128834000004E-02,0E+00,-9.7136719694E+02,-8.9770257668E+02,0E+00,0E+00,0E+00,0E+00,0E+00,2.852692986472305E-03,0E+00,0E+00,2.4750984218444075E-05,21_virtual@eisoky3tmanagedsub.com,precursor012,-7.881999999999999E+03,2026-01-03 05:18:13,0E+00,prod-strategy-ap71,2026-01-09 03:12:28,0E+00,3.775572921239867E-03|binance_futures,0E+00,6.619135277737745E-01,0E+00,0E+00,0E+00,2.973070000000001E-03 | 0E+00
fr-CROSS-USDT-loong_kc_bnfutures_mode_8,CROSS-USDT-FTR,2.77101239E+00,0E+00,2.77101239E+00,0E+00,0E+00,5E-05 | 0E+00,4.4885128834000004E-02,0E+00,-9.7136719694E+02,-8.9770257668E+02,0E+00,0E+00,0E+00,0E+00,0E+00,2.852692986472305E-03,0E+00,0E+00,2.4750984218444075E-05,21_virtual@eisoky3tmanagedsub.com,precursor012,-7.881999999999999E+03,2026-01-12 17:14:05,0E+00,prod-strategy-ap71,2026-01-16 16:00:55,0E+00,3.775572921239867E-03|binance_futures,0E+00,6.619135277737745E-01,0E+00,0E+00,0E+00,2.973070000000001E-03 | 0E+00
fr-CROSS-USDT-loong_kc_bnfutures_mode_7,CROSS-USDT-FTR,2.77101239E+00,0E+00,2.77101239E+00,0E+00,0E+00,5E-05 | 0E+00,4.4885128834000004E-02,0E+00,-9.7136719694E+02,-8.9770257668E+02,0E+00,0E+00,0E+00,0E+00,0E+00,2.852692986472305E-03,0E+00,0E+00,2.4750984218444075E-05,21_virtual@eisoky3tmanagedsub.com,precursor012,-7.881999999999999E+03,2026-01-08 19:27:19,0E+00,prod-strategy-ap71,2026-01-11 22:46:28,0E+00,3.775572921239867E-03|binance_futures,0E+00,6.920483226481023E-01,0E+00,0E+00,0E+00,2.973070000000001E-03 | 0E+00
fr-CROSS-USDT-loong_kc_bnfutures_mode_5,CROSS-USDT-FTR,2.77101239E+00,0E+00,2.77101239E+00,0E+00,0E+00,5E-05 | 0E+00,4.4885128834000004E-02,0E+00,-9.7136719694E+02,-8.9770257668E+02,0E+00,0E+00,0E+00,0E+00,0E+00,2.852692986472305E-03,0E+00,0E+00,2.4750984218444075E-05,21_virtual@eisoky3tmanagedsub.com,precursor012,-7.881999999999999E+03,2025-12-16 07:24:34,0E+00,prod-strategy-ap71,2025-12-28 04:42:53,0E+00,3.775572921239867E-03|binance_futures,0E+00,6.788904942584217E-01,0E+00,0E+00,0E+00,2.973070000000001E-03 | 0E+00
fr-TWT-USDT-loong_kc_bnfutures_mode_3,TWT-USDT-FTR,2.69055731E+00,0E+00,2.69055731E+00,0E+00,0E+00,5E-05 | 0E+00,6.782192117E-02,0E+00,-2.0007827992799996E+03,-1.3564384234E+03,0E+00,0E+00,0E+00,0E+00,0E+00,1.3447523194262876E-03,0E+00,0E+00,5.0981074557094085E-05,21_virtual@eisoky3tmanagedsub.com,precursor012,-2.02E+03,2026-01-22 06:07:18,0E+00,prod-strategy-ap71,2026-01-25 18:07:58,0E+00,1.786511835641047E-03|kucoin_spot,0E+00,1.0874096356932892E+00,0E+00,0E+00,0E+00,1.5144599999999994E-03 | 0E+00
fr-TWT-USDT-loong_kc_bnfutures_mode_0,TWT-USDT-FTR,2.6905573099999995E+00,0E+00,2.6905573099999995E+00,0E+00,0E+00,5E-05 | 0E+00,6.782192117E-02,0E+00,-2.0007827992799996E+03,-1.3564384234E+03,0E+00,0E+00,0E+00,0E+00,0E+00,1.3447523194262873E-03,0E+00,0E+00,5.0981074557094085E-05,21_virtual@eisoky3tmanagedsub.com,precursor012,-2.02E+03,2025-11-16 18:11:34,0E+00,prod-strategy-ap71,2025-12-29 19:11:28,0E+00,1.786511835641047E-03|kucoin_spot,0E+00,1.0874096356932892E+00,0E+00,0E+00,0E+00,1.5144599999999994E-03 | 0E+00
fr-TWT-USDT-loong_kc_bnfutures_mode_2,TWT-USDT-FTR,2.6905573099999995E+00,0E+00,2.6905573099999995E+00,0E+00,0E+00,5E-05 | 0E+00,6.782192117E-02,0E+00,-2.0007827992799996E+03,-1.3564384234E+03,0E+00,0E+00,0E+00,0E+00,0E+00,1.3447523194262873E-03,0E+00,0E+00,5.0981074557094085E-05,21_virtual@eisoky3tmanagedsub.com,precursor012,-2.02E+03,2026-01-03 13:27:40,0E+00,prod-strategy-ap71,2026-01-22 11:30:20,0E+00,1.786511835641047E-03|kucoin_spot,0E+00,1.0874096356932892E+00,0E+00,0E+00,0E+00,1.5144599999999994E-03 | 0E+00
fr-TWT-USDT-loong_kc_bnfutures_mode_1,TWT-USDT-FTR,2.6905573099999995E+00,0E+00,2.6905573099999995E+00,0E+00,0E+00,5E-05 | 0E+00,6.782192117E-02,0E+00,-2.0007827992799996E+03,-1.3564384234E+03,0E+00,0E+00,0E+00,0E+00,0E+00,1.3447523194262873E-03,0E+00,0E+00,5.0981074557094085E-05,21_virtual@eisoky3tmanagedsub.com,precursor012,-2.02E+03,2025-12-29 12:08:24,0E+00,prod-strategy-ap71,2026-01-02 19:11:00,0E+00,1.786511835641047E-03|kucoin_spot,0E+00,1.0874096356932892E+00,0E+00,0E+00,0E+00,1.5144599999999994E-03 | 0E+00
fr-SNX-USDT-loong_kc_bnfutures_mode_1,SNX-USDT-FTR,2.4037856200000003E+00,0E+00,2.4037856200000003E+00,0E+00,0E+00,1.118E-05 | 0E+00,2.016138356737024E-02,0E+00,-2.2031424E+03,-1.803343789568E+03,0E+00,0E+00,0E+00,0E+00,0E+00,1.0910713805880182E-03,0E+00,0E+00,5.613731135369321E-05,21_virtual@eisoky3tmanagedsub.com,precursor012,-5.3216E+03,2025-12-18 23:30:23,0E+00,prod-strategy-ap71,2026-01-26 12:52:06,0E+00,1.7804154302669684E-03|kucoin_spot,0E+00,2.0436399676717225E+00,0E+00,0E+00,0E+00,1.3367700000000001E-03 | 0E+00
fr-SNX-USDT-loong_kc_bnfutures_mode_2,SNX-USDT-FTR,2.4037856200000003E+00,0E+00,2.4037856200000003E+00,0E+00,0E+00,1.118E-05 | 0E+00,2.016138356737024E-02,0E+00,-2.2031424E+03,-1.803343789568E+03,0E+00,0E+00,0E+00,0E+00,0E+00,1.0910713805880182E-03,0E+00,0E+00,5.613731135369321E-05,21_virtual@eisoky3tmanagedsub.com,precursor012,-5.3216E+03,2025-12-22 22:24:04,0E+00,prod-strategy-ap71,2026-01-30 09:43:01,0E+00,1.7804154302669684E-03|kucoin_spot,0E+00,1.3444481887330197E+00,0E+00,0E+00,0E+00,1.3367700000000001E-03 | 0E+00
fr-SNX-USDT-loong_kc_bnfutures_mode_0,SNX-USDT-FTR,2.40378562E+00,0E+00,2.40378562E+00,0E+00,0E+00,1.118E-05 | 0E+00,2.016138356737024E-02,0E+00,-2.2031424E+03,-1.803343789568E+03,0E+00,0E+00,0E+00,0E+00,0E+00,1.091071380588018E-03,0E+00,0E+00,5.613731135369321E-05,21_virtual@eisoky3tmanagedsub.com,precursor012,-5.3216E+03,2025-12-09 16:02:21,0E+00,prod-strategy-ap71,2026-01-10 10:47:07,0E+00,1.7804154302669684E-03|kucoin_spot,0E+00,1.4385649005261258E+00,0E+00,0E+00,0E+00,1.3367700000000001E-03 | 0E+00
fr-NXPC-USDT-loong_kc_bnfutures_mode_2,NXPC-USDT-FTR,2.3239724633260748E+00,-2.0873205866739255E+00,4.41129305E+00,7.529270453960635E-02,-3.0792194586247206E+00,5E-05 | 0E+00,9.9388403808E-02,1.0860391708388925E+03,-2.5962416000000003E+03,-1.98776807616E+03,4.183120595706087E-01,3.732496412180305E-01,0E+00,2.1398606290885087E-03,-1.9219570000054513E-03,1.699107298026501E-03,-2.8352747684470994E-03,6.93277982611325E-05,6.615370075425476E-05,21_virtual@eisoky3tmanagedsub.com,precursor012,-5.316E+03,2026-01-26 12:28:46,3.1E+01,prod-strategy-ap71,2026-01-28 09:39:15,3.3351721799565E-02,2.0042757883484974E-03|kucoin_spot,4.166666666666667E-01,1.1634134948503907E+00,0E+00,0E+00,5E+00,2.1999999999999993E-03 | 0E+00
fr-TUT-USDT-loong_kc_bnfutures_mode_20,TUT-USDT-FTR,2.323672520028259E+00,-2.373236499717414E-01,2.56099617E+00,2.255801877054182E-01,-2.8738500475883684E+00,5E-05 | 0E+00,3.8059251370800007E-01,2.861503662854433E+03,-9.86993559288E+03,-7.6118502741600005E+03,2.899212093054257E-01,-3.1579099694252015E+00,0E+00,8.120459708621613E-04,-8.293669270896692E-05,2.594744561299324E-04,-1.0043146492853408E-03,7.88327446977284E-05,2.5149152747384965E-04,21_virtual@eisoky3tmanagedsub.com,precursor012,-6.537519999999999E+05,2026-01-31 20:44:49,5.1E+01,prod-strategy-ap71,2026-02-02 03:52:28,-9.887326663762057E-01,6.008583690987113E-03|kucoin_spot,6E-01,1.153119606410139E+00,0E+00,1E+00,1.2E+01,2.1999999999999993E-03 | 0E+00
fr-NEO-USDT-loong_kc_bnfutures_mode_1,NEO-USDT-FTR,2.06266323E+00,0E+00,2.06266323E+00,0E+00,0E+00,-4.1495E-04 | 0E+00,-3.2699059033619995E+00,0E+00,-1.01997990054688E+04,-7.88024076E+03,0E+00,0E+00,0E+00,0E+00,0E+00,2.0222587022490025E-04,0E+00,0E+00,2.5989663333386546E-04,21_virtual@eisoky3tmanagedsub.com,precursor012,-2.44804E+03,2025-11-16 18:11:32,0E+00,prod-strategy-ap71,2026-01-26 03:28:41,0E+00,2.069817732468282E-03|kucoin_spot,0E+00,1.2374613263176932E+00,0E+00,0E+00,0E+00,-4.911299999999999E-04 | 0E+00
fr-NEO-USDT-loong_kc_bnfutures_mode_0,NEO-USDT-FTR,2.0626632299999996E+00,0E+00,2.0626632299999996E+00,0E+00,0E+00,-4.1495E-04 | 0E+00,-3.2699059033619995E+00,0E+00,-1.01997990054688E+04,-7.88024076E+03,0E+00,0E+00,0E+00,0E+00,0E+00,2.022258702249002E-04,0E+00,0E+00,2.5989663333386546E-04,21_virtual@eisoky3tmanagedsub.com,precursor012,-2.44804E+03,1970-01-01 00:00:00,0E+00,prod-strategy-ap71,2026-01-10 10:47:07,0E+00,2.069817732468282E-03|kucoin_spot,0E+00,1.2374613263176932E+00,0E+00,0E+00,0E+00,-4.911299999999999E-04 | 0E+00
fr-ONDO-USDT-loong_kc_bnfutures_mode_0,ONDO-USDT-FTR,1.8601662400000003E+00,0E+00,1.8601662400000003E+00,0E+00,0E+00,2.489E-05 | 0E+00,1.579119881394229E-01,0E+00,-7.729138327512E+03,-6.344394862974001E+03,0E+00,0E+00,0E+00,0E+00,0E+00,2.406692908287987E-04,0E+00,0E+00,1.9694280532538645E-04,21_virtual@eisoky3tmanagedsub.com,precursor012,-2.27647E+04,2026-01-03 03:07:26,0E+00,prod-strategy-ap71,2026-01-10 14:46:23,0E+00,6.463195691202017E-04|kucoin_spot,0E+00,1.2400617521446042E+00,0E+00,0E+00,0E+00,3.343900000000001E-04 | 0E+00
fr-ONDO-USDT-loong_kc_bnfutures_mode_1,ONDO-USDT-FTR,1.8601662400000003E+00,0E+00,1.8601662400000003E+00,0E+00,0E+00,2.489E-05 | 0E+00,1.579119881394229E-01,0E+00,-7.729138327512E+03,-6.344394862974001E+03,0E+00,0E+00,0E+00,0E+00,0E+00,2.406692908287987E-04,0E+00,0E+00,1.9694280532538645E-04,21_virtual@eisoky3tmanagedsub.com,precursor012,-2.27647E+04,2025-12-09 16:06:04,0E+00,prod-strategy-ap71,2026-01-17 06:11:50,0E+00,6.463195691202017E-04|kucoin_spot,0E+00,1.2400617521446042E+00,0E+00,0E+00,0E+00,3.343900000000001E-04 | 0E+00
fr-MUBARAK-USDT-loong_kc_bnfutures_mode_8,MUBARAK-USDT-FTR,1.6623686199999999E+00,0E+00,1.6623686199999999E+00,0E+00,0E+00,1.64E-05 | 0E+00,2.8922392237719995E-02,0E+00,-3.44876877724E+03,-1.7635605022999998E+03,0E+00,0E+00,0E+00,0E+00,0E+00,4.820179975447265E-04,0E+00,0E+00,8.787657422181048E-05,21_virtual@eisoky3tmanagedsub.com,precursor012,-1.10237E+05,2025-12-28 17:29:13,0E+00,prod-strategy-ap71,2025-12-31 07:11:36,0E+00,1.2484394506866447E-03|kucoin_spot,0E+00,1.3811106545096234E+00,0E+00,0E+00,0E+00,7.845100000000005E-04 | 0E+00
fr-MUBARAK-USDT-loong_kc_bnfutures_mode_10,MUBARAK-USDT-FTR,1.6623686199999996E+00,0E+00,1.6623686199999996E+00,0E+00,0E+00,1.64E-05 | 0E+00,2.8922392237719995E-02,0E+00,-3.44876877724E+03,-1.7635605022999998E+03,0E+00,0E+00,0E+00,0E+00,0E+00,4.8201799754472646E-04,0E+00,0E+00,8.787657422181048E-05,21_virtual@eisoky3tmanagedsub.com,precursor012,-1.10237E+05,2026-01-22 04:03:13,0E+00,prod-strategy-ap71,2026-01-24 15:29:24,0E+00,1.2484394506866447E-03|kucoin_spot,0E+00,1.39959173253409E+00,0E+00,0E+00,0E+00,7.845100000000005E-04 | 0E+00
fr-MUBARAK-USDT-loong_kc_bnfutures_mode_9,MUBARAK-USDT-FTR,1.6623686199999996E+00,0E+00,1.6623686199999996E+00,0E+00,0E+00,1.64E-05 | 0E+00,2.8922392237719995E-02,0E+00,-3.44876877724E+03,-1.7635605022999998E+03,0E+00,0E+00,0E+00,0E+00,0E+00,4.8201799754472646E-04,0E+00,0E+00,8.787657422181048E-05,21_virtual@eisoky3tmanagedsub.com,precursor012,-1.10237E+05,2025-12-30 23:32:11,0E+00,prod-strategy-ap71,2026-01-22 11:30:19,0E+00,1.2484394506866447E-03|kucoin_spot,0E+00,1.39959173253409E+00,0E+00,0E+00,0E+00,7.845100000000005E-04 | 0E+00
fr-MUBARAK-USDT-loong_kc_bnfutures_mode_6,MUBARAK-USDT-FTR,1.6623686199999996E+00,0E+00,1.6623686199999996E+00,0E+00,0E+00,1.64E-05 | 0E+00,2.8922392237719995E-02,0E+00,-3.44876877724E+03,-1.7635605022999998E+03,0E+00,0E+00,0E+00,0E+00,0E+00,4.8201799754472646E-04,0E+00,0E+00,8.787657422181048E-05,21_virtual@eisoky3tmanagedsub.com,precursor012,-1.10237E+05,2025-12-22 16:05:12,0E+00,prod-strategy-ap71,2025-12-26 20:42:45,0E+00,1.2484394506866447E-03|kucoin_spot,0E+00,1.3811106545096234E+00,0E+00,0E+00,0E+00,7.845100000000005E-04 | 0E+00
fr-MUBARAK-USDT-loong_kc_bnfutures_mode_7,MUBARAK-USDT-FTR,1.6623686199999996E+00,0E+00,1.6623686199999996E+00,0E+00,0E+00,1.64E-05 | 0E+00,2.8922392237719995E-02,0E+00,-3.44876877724E+03,-1.7635605022999998E+03,0E+00,0E+00,0E+00,0E+00,0E+00,4.8201799754472646E-04,0E+00,0E+00,8.787657422181048E-05,21_virtual@eisoky3tmanagedsub.com,precursor012,-1.10237E+05,2025-12-26 13:46:10,0E+00,prod-strategy-ap71,2025-12-29 00:42:49,0E+00,1.2484394506866447E-03|kucoin_spot,0E+00,1.3214731408470646E+00,0E+00,0E+00,0E+00,7.845100000000005E-04 | 0E+00
fr-MUBARAK-USDT-loong_kc_bnfutures_mode_11,MUBARAK-USDT-FTR,1.6623686199999996E+00,0E+00,1.6623686199999996E+00,0E+00,0E+00,1.64E-05 | 0E+00,2.8922392237719995E-02,0E+00,-3.44876877724E+03,-1.7635605022999998E+03,0E+00,0E+00,0E+00,0E+00,0E+00,4.8201799754472646E-04,0E+00,0E+00,8.787657422181048E-05,21_virtual@eisoky3tmanagedsub.com,precursor012,-1.10237E+05,2026-01-25 04:35:55,0E+00,prod-strategy-ap71,2026-01-26 12:52:06,0E+00,1.2484394506866447E-03|kucoin_spot,0E+00,1.39959173253409E+00,0E+00,0E+00,0E+00,7.845100000000005E-04 | 0E+00
fr-MUBARAK-USDT-loong_kc_bnfutures_mode_12,MUBARAK-USDT-FTR,1.5922230991283706E+00,-7.014552087162906E-02,1.6623686199999996E+00,2.1104200795525685E-01,-4.5195200415328145E+00,1.64E-05 | 0E+00,2.8922392237719995E-02,3.044846067428589E+03,-3.44876877724E+03,-1.7635605022999998E+03,8.82879156040532E-01,5.347325485229492E+00,0E+00,5.229240046519078E-04,-2.3037460455551976E-05,4.8201799754472646E-04,-1.48431807107727E-03,6.931122404275908E-05,8.787657422181048E-05,21_virtual@eisoky3tmanagedsub.com,precursor012,-1.10237E+05,2026-01-26 09:08:34,2.97E+02,prod-strategy-ap71,2026-01-28 07:53:00,9.446376632609671E-02,1.2484394506866447E-03|kucoin_spot,5.714285714285714E-01,1.39959173253409E+00,0E+00,0E+00,1.2E+01,7.845100000000005E-04 | 0E+00
fr-THETA-USDT-loong_kc_bnfutures_mode_0,THETA-USDT-FTR,9.562701137016099E-01,2.217003291370161E+01,-2.12137628E+01,2.8337138350543682E+00,-4.83355892719701E+01,1E-04 | 0E+00,1.88621438712E-01,4.033183996348828E+04,-6.003005973999999E+04,-1.8862143871199999E+03,6.718607334087635E-01,4.055694017525017E+01,0E+00,2.371005425409068E-05,5.49690590207929E-04,-3.533856686446803E-04,-1.1984474131536641E-03,7.025996923571254E-05,1.5295997908284017E-03,21_virtual@eisoky3tmanagedsub.com,precursor012,-8.652E+03,2025-11-18 16:39:32,9.86E+02,prod-strategy-ap71,2026-02-02 09:21:37,9.187401972223073E+00,1.3761467889907841E-03|kucoin_spot,3.544973544973545E-01,1.2056684978185108E+00,1.8E+01,2E+01,6.7E+01,-1.6179999999999998E-04 | 0E+00
fr-NTRN-USDT-loong_kc_bnfutures_mode_0,NTRN-USDT-FTR,5.6762674E-01,0E+00,5.6762674E-01,0E+00,0E+00,1.0132E-04 | 0E+00,2.29043100384E-02,0E+00,-2.7091212E+02,-2.2605912E+02,0E+00,0E+00,0E+00,0E+00,0E+00,2.09524306258428E-03,0E+00,0E+00,6.902993664834873E-06,21_virtual@eisoky3tmanagedsub.com,precursor012,-1.4951E+04,2025-12-28 00:04:41,0E+00,prod-strategy-ap71,2025-12-28 08:42:47,0E+00,1.3271400132712774E-03|binance_futures,0E+00,1.380684590447293E+00,0E+00,0E+00,0E+00,2.4807499999999994E-03 | 0E+00
fr-PEOPLE-USDT-loong_kc_bnfutures_mode_3,PEOPLE-USDT-FTR,4.8484183999999997E-01,0E+00,4.8484183999999997E-01,0E+00,0E+00,-9.361E-05 | 0E+00,-5.37062668999472E-02,0E+00,-6.9906079816E+02,-5.7372360752E+02,0E+00,0E+00,0E+00,0E+00,0E+00,6.935617635492558E-04,0E+00,0E+00,1.7812463543649833E-05,21_virtual@eisoky3tmanagedsub.com,precursor012,-7.583599999999999E+04,2026-01-13 19:40:22,0E+00,prod-strategy-ap71,2026-01-17 14:15:04,0E+00,1.3192612137202797E-03|kucoin_spot,0E+00,1.2776766534607304E+00,0E+00,0E+00,0E+00,7.601400000000001E-04 | 0E+00
fr-PEOPLE-USDT-loong_kc_bnfutures_mode_0,PEOPLE-USDT-FTR,4.8484183999999997E-01,0E+00,4.8484183999999997E-01,0E+00,0E+00,-9.361E-05 | 0E+00,-5.37062668999472E-02,0E+00,-6.9906079816E+02,-5.7372360752E+02,0E+00,0E+00,0E+00,0E+00,0E+00,6.935617635492558E-04,0E+00,0E+00,1.7812463543649833E-05,21_virtual@eisoky3tmanagedsub.com,precursor012,-7.583599999999999E+04,2026-01-03 10:53:16,0E+00,prod-strategy-ap71,2026-01-07 19:12:28,0E+00,1.3192612137202797E-03|kucoin_spot,0E+00,1.2568829191556694E+00,0E+00,0E+00,0E+00,7.601400000000001E-04 | 0E+00
fr-PEOPLE-USDT-loong_kc_bnfutures_mode_1,PEOPLE-USDT-FTR,4.8484183999999997E-01,0E+00,4.8484183999999997E-01,0E+00,0E+00,-9.361E-05 | 0E+00,-5.37062668999472E-02,0E+00,-6.9906079816E+02,-5.7372360752E+02,0E+00,0E+00,0E+00,0E+00,0E+00,6.935617635492558E-04,0E+00,0E+00,1.7812463543649833E-05,21_virtual@eisoky3tmanagedsub.com,precursor012,-7.583599999999999E+04,2026-01-07 12:14:23,0E+00,prod-strategy-ap71,2026-01-12 10:45:51,0E+00,1.3192612137202797E-03|kucoin_spot,0E+00,1.2776766534607304E+00,0E+00,0E+00,0E+00,7.601400000000001E-04 | 0E+00
fr-PEOPLE-USDT-loong_kc_bnfutures_mode_2,PEOPLE-USDT-FTR,4.848418399999999E-01,0E+00,4.848418399999999E-01,0E+00,0E+00,-9.361E-05 | 0E+00,-5.37062668999472E-02,0E+00,-6.9906079816E+02,-5.7372360752E+02,0E+00,0E+00,0E+00,0E+00,0E+00,6.935617635492557E-04,0E+00,0E+00,1.7812463543649833E-05,21_virtual@eisoky3tmanagedsub.com,precursor012,-7.583599999999999E+04,2026-01-12 04:05:02,0E+00,prod-strategy-ap71,2026-01-14 02:45:23,0E+00,1.3192612137202797E-03|kucoin_spot,0E+00,1.2776766534607304E+00,0E+00,0E+00,0E+00,7.601400000000001E-04 | 0E+00
fr-CFX-USDT-loong_kc_bnfutures_mode_2,CFX-USDT-FTR,1.1247863000000158E-01,0E+00,1.1247863000000158E-01,0E+00,0E+00,-1.0057E-04 | 0E+00,-1.1562859627089208E+00,0E+00,-1.985267317761E+04,-1.1497324875299999E+04,0E+00,0E+00,0E+00,0E+00,0E+00,5.665666733830881E-06,0E+00,0E+00,5.058573133423452E-04,21_virtual@eisoky3tmanagedsub.com,precursor012,-2.05986E+05,2025-12-12 16:00:03,0E+00,prod-strategy-ap71,2026-01-10 10:47:08,0E+00,1.7927572606668551E-03|kucoin_spot,0E+00,1.1961437318263644E+00,0E+00,0E+00,0E+00,-1.9442000000000005E-04 | 0E+00
fr-GRT-USDT-loong_kc_bnfutures_mode_0,GRT-USDT-FTR,3.075713999999996E-02,0E+00,3.075713999999996E-02,0E+00,0E+00,-2.185E-05 | 0E+00,0E+00,0E+00,-1.950763017E+03,0E+00,0E+00,0E+00,0E+00,0E+00,0E+00,1.576672293454698E-05,0E+00,0E+00,4.9706542283693923E-05,21_virtual@eisoky3tmanagedsub.com,precursor012,0E+00,2026-01-07 23:11:07,0E+00,prod-strategy-ap71,2026-01-22 03:56:49,0E+00,1.6677785190126748E-03|kucoin_spot,0E+00,1.3216675123867614E+00,0E+00,0E+00,0E+00,-9.5071E-04 | 0E+00
fr-AVAAI-USDT-loong_kc_bnfutures_mode_3,AVAAI-USDT-FTR,0E+00,0E+00,0E+00,0E+00,0E+00,8.0632E-04 | 0E+00,1.261663404942818E+02,0E+00,0E+00,-1.5647179841041E+05,0E+00,0E+00,0E+00,0E+00,0E+00,0E+00,0E+00,0E+00,0E+00,21_virtual@eisoky3tmanagedsub.com,precursor012,-1.5295999E+07,2026-02-01 20:22:00,0E+00,prod-strategy-ap71,2026-02-02 07:52:40,0E+00,9.813542688912325E-04|binance_futures,0E+00,4.459262129871928E+00,9.77E+02,0E+00,0E+00,8.996130000000001E-03 | 0E+00
fr-ADA-USDT-loong_kc_bnfutures_mode_3,ADA-USDT-FTR,0E+00,0E+00,0E+00,0E+00,0E+00,-5.448E-05 | 0E+00,-2.1347879039999998E-01,0E+00,0E+00,-3.9184799999999996E+03,0E+00,0E+00,0E+00,0E+00,0E+00,0E+00,0E+00,0E+00,0E+00,21_virtual@eisoky3tmanagedsub.com,precursor012,-1.3512E+04,2026-02-02 01:41:01,0E+00,prod-strategy-ap71,2026-02-02 07:52:28,0E+00,1.0323468685478066E-03|kucoin_spot,0E+00,1.2016743719250622E+00,5.3E+01,0E+00,0E+00,4.6967000000000005E-04 | 0E+00
fr-BARD-USDT-loong_kc_bnfutures_mode_15,BARD-USDT-FTR,0E+00,0E+00,0E+00,0E+00,0E+00,5E-05 | 0E+00,1.71920497389E-01,0E+00,0E+00,-3.43840994778E+03,0E+00,0E+00,0E+00,0E+00,0E+00,0E+00,0E+00,0E+00,0E+00,21_virtual@eisoky3tmanagedsub.com,precursor012,-5.185999999999999E+03,2026-02-01 17:51:30,0E+00,prod-strategy-ap71,2026-02-02 07:52:35,0E+00,2.558314522197236E-03|kucoin_spot,0E+00,1.496357851480554E+00,1E+00,0E+00,0E+00,2.149999999999999E-03 | 0E+00
fr-DASH-USDT-loong_kc_bnfutures_mode_0,DASH-USDT-FTR,-2.9298875999999996E-01,0E+00,-2.9298875999999996E-01,0E+00,0E+00,4.236E-05 | 0E+00,9.979583639367942E-02,0E+00,-3.26635900614854E+03,-2.3558979318621205E+03,0E+00,0E+00,0E+00,0E+00,0E+00,-8.969888473633265E-05,0E+00,0E+00,8.322867033973859E-05,21_virtual@eisoky3tmanagedsub.com,precursor012,-5.3063E+01,2026-01-03 10:23:43,0E+00,prod-strategy-ap71,2026-01-10 08:03:01,0E+00,1.1286681715576563E-03|kucoin_spot,0E+00,1.5649871905281287E+00,0E+00,0E+00,0E+00,8.748E-05 | 0E+00
fr-AIN-USDT-loong_kc_bnfutures_mode_5,AIN-USDT-FTR,-3.4130330999999997E-01,0E+00,-3.4130330999999997E-01,0E+00,0E+00,5E-05 | 0E+00,-6.9988518275E-03,0E+00,1.557848E+02,1.3997703655E+02,0E+00,0E+00,0E+00,0E+00,0E+00,-2.1908639995686357E-03,0E+00,0E+00,3.969484596988749E-06,21_virtual@eisoky3tmanagedsub.com,precursor012,3.5150000000000005E+03,2026-01-11 23:23:34,0E+00,prod-strategy-ap71,2026-01-16 17:01:02,0E+00,4.52944136889788E-03|binance_futures,0E+00,1.0215494430209247E+00,0E+00,0E+00,0E+00,2.48983E-03 | 0E+00
fr-AIN-USDT-loong_kc_bnfutures_mode_4,AIN-USDT-FTR,-3.4130331E-01,0E+00,-3.4130331E-01,0E+00,0E+00,5E-05 | 0E+00,-6.9988518275E-03,0E+00,1.557848E+02,1.3997703655E+02,0E+00,0E+00,0E+00,0E+00,0E+00,-2.190863999568636E-03,0E+00,0E+00,3.969484596988749E-06,21_virtual@eisoky3tmanagedsub.com,precursor012,3.5150000000000005E+03,2025-12-27 13:38:10,0E+00,prod-strategy-ap71,2026-01-10 10:47:08,0E+00,4.52944136889788E-03|binance_futures,0E+00,1.0676207609127617E+00,0E+00,0E+00,0E+00,2.48983E-03 | 0E+00
fr-AIN-USDT-loong_kc_bnfutures_mode_3,AIN-USDT-FTR,-3.4130331E-01,0E+00,-3.4130331E-01,0E+00,0E+00,5E-05 | 0E+00,-6.9988518275E-03,0E+00,1.557848E+02,1.3997703655E+02,0E+00,0E+00,0E+00,0E+00,0E+00,-2.190863999568636E-03,0E+00,0E+00,3.969484596988749E-06,21_virtual@eisoky3tmanagedsub.com,precursor012,3.5150000000000005E+03,2025-12-16 08:40:37,0E+00,prod-strategy-ap71,2025-12-27 20:42:49,0E+00,4.52944136889788E-03|binance_futures,0E+00,1.0676207609127617E+00,0E+00,0E+00,0E+00,2.48983E-03 | 0E+00
fr-HBAR-USDT-loong_kc_bnfutures_mode_0,HBAR-USDT-FTR,-4.0573215000000007E-01,0E+00,-4.0573215000000007E-01,0E+00,0E+00,6.684E-05 | 0E+00,1.0674592022680318E-01,0E+00,-1.9701626399999998E+03,-1.5970365084799996E+03,0E+00,0E+00,0E+00,0E+00,0E+00,-2.0593840415124312E-04,0E+00,0E+00,5.020085562290216E-05,21_virtual@eisoky3tmanagedsub.com,precursor012,-1.7837E+04,2026-01-03 06:47:39,0E+00,prod-strategy-ap71,2026-01-22 04:20:05,0E+00,8.932559178205235E-04|kucoin_spot,0E+00,1.0637992052694651E+00,0E+00,0E+00,0E+00,-1.7245999999999996E-04 | 0E+00
fr-BOME-USDT-loong_kc_bnfutures_mode_0,BOME-USDT-FTR,-6.582605399999999E-01,0E+00,-6.582605399999999E-01,0E+00,0E+00,-9.644E-05 | 0E+00,-1.369505933745408E-01,0E+00,-1.6691713999199999E+03,-1.42006007232E+03,0E+00,0E+00,0E+00,0E+00,0E+00,-3.9436365853833167E-04,0E+00,0E+00,4.253142900794292E-05,21_virtual@eisoky3tmanagedsub.com,precursor012,-2.975568E+06,2026-01-04 12:37:09,0E+00,prod-strategy-ap71,2026-01-14 07:44:39,0E+00,1.0438413361169019E-03|kucoin_spot,0E+00,1.4883638136650454E+00,0E+00,0E+00,0E+00,-5.252499999999997E-04 | 0E+00
fr-IOTA-USDT-loong_kc_bnfutures_mode_1,IOTA-USDT-FTR,-6.82389971468162E-01,3.2706426585318384E+00,-3.9530326300000005E+00,2.5708741042762995E-01,-9.350700080394745E-01,8.402E-05 | 0E+00,1.4712091045E-01,3.663745538711548E+03,-7.043685090182E+03,-1.7510225E+03,5.201461297323389E-01,2.3236450195312498E-02,0E+00,-1.8625473965316444E-04,8.927046444612105E-04,-5.612165477854802E-04,-2.552224214698918E-04,7.017065123961679E-05,1.7947707010900136E-04,21_virtual@eisoky3tmanagedsub.com,precursor012,-2.4387499999999996E+04,2025-11-17 21:16:55,1.81E+02,prod-strategy-ap71,2026-01-28 12:50:05,2.4846520937217523E-01,4.17827298050133E-03|kucoin_spot,1E+00,1.2017658193027652E+00,0E+00,0E+00,7E+00,-2.9233099999999997E-03 | 0E+00
fr-PAXG-USDT-loong_kc_bnfutures_mode_0,PAXG-USDT-FTR,-7.789663600000002E-01,0E+00,-7.789663600000002E-01,0E+00,0E+00,2.601E-05 | 0E+00,4.779814708689856E-02,0E+00,-2.1416076900000003E+03,-1.83768347123793E+03,0E+00,0E+00,0E+00,0E+00,0E+00,-3.637297174628655E-04,0E+00,0E+00,5.4569372225324015E-05,21_virtual@eisoky3tmanagedsub.com,precursor012,-3.87E-01,2026-01-03 04:48:55,0E+00,prod-strategy-ap71,2026-01-24 15:29:23,0E+00,9.40162652354859E-04|kucoin_spot,0E+00,7.866231456005124E-01,0E+00,0E+00,0E+00,-2.1098999999999993E-04 | 0E+00
fr-BIGTIME-USDT-loong_kc_bnfutures_mode_0,BIGTIME-USDT-FTR,-1.10216035E+00,0E+00,-1.10216035E+00,0E+00,0E+00,-1.0916E-04 | 0E+00,-1.85110380355026E-01,0E+00,-2.09856688475E+03,-1.6957711648499999E+03,0E+00,0E+00,0E+00,0E+00,0E+00,-5.251966749352852E-04,0E+00,0E+00,5.3472668224151447E-05,21_virtual@eisoky3tmanagedsub.com,precursor012,-9.7055E+04,2026-01-19 07:59:34,0E+00,prod-strategy-ap71,2026-01-21 22:10:33,0E+00,2.8571428571426694E-03|kucoin_spot,0E+00,1.4282141029146427E+00,0E+00,0E+00,0E+00,-9.562800000000004E-04 | 0E+00
fr-ICP-USDT-loong_kc_bnfutures_mode_0,ICP-USDT-FTR,-1.3081585E+00,0E+00,-1.3081585E+00,0E+00,0E+00,-2.8738E-04 | 0E+00,-3.119035756134914E-01,0E+00,-1.3703690000000001E+03,-1.08533501153E+03,0E+00,0E+00,0E+00,0E+00,0E+00,-9.546031032517518E-04,0E+00,0E+00,3.491777527519293E-05,21_virtual@eisoky3tmanagedsub.com,precursor012,-4.07E+02,2026-01-03 12:46:17,0E+00,prod-strategy-ap71,2026-01-13 13:45:11,0E+00,1.8712574850299202E-03|kucoin_spot,0E+00,1.206424182760774E+00,0E+00,0E+00,0E+00,-1.1353199999999996E-03 | 0E+00
fr-XLM-USDT-loong_kc_bnfutures_mode_0,XLM-USDT-FTR,-1.38831865E+00,0E+00,-1.38831865E+00,0E+00,0E+00,-8.971E-05 | 0E+00,-1.466597035797398E-01,0E+00,-1.98871448412E+03,-1.6348200153799999E+03,0E+00,0E+00,0E+00,0E+00,0E+00,-6.980985260004916E-04,0E+00,0E+00,5.067356707793549E-05,21_virtual@eisoky3tmanagedsub.com,precursor012,-9.263E+03,2025-12-08 21:56:31,0E+00,prod-strategy-ap71,2026-01-05 03:11:40,0E+00,1.1878499915152219E-03|kucoin_spot,0E+00,1.0725112729773625E+00,0E+00,0E+00,0E+00,-7.8585E-04 | 0E+00
fr-XLM-USDT-loong_kc_bnfutures_mode_1,XLM-USDT-FTR,-1.38831865E+00,0E+00,-1.38831865E+00,0E+00,0E+00,-8.971E-05 | 0E+00,-1.466597035797398E-01,0E+00,-1.98871448412E+03,-1.6348200153799999E+03,0E+00,0E+00,0E+00,0E+00,0E+00,-6.980985260004916E-04,0E+00,0E+00,5.067356707793549E-05,21_virtual@eisoky3tmanagedsub.com,precursor012,-9.263E+03,2026-01-04 22:53:10,0E+00,prod-strategy-ap71,2026-01-21 22:50:31,0E+00,1.1878499915152219E-03|kucoin_spot,0E+00,1.0725112729773625E+00,0E+00,0E+00,0E+00,-7.8585E-04 | 0E+00
fr-ENS-USDT-loong_kc_bnfutures_mode_4,ENS-USDT-FTR,-1.6051980000000001E+00,0E+00,-1.6051980000000001E+00,0E+00,0E+00,-1.6642E-04 | 0E+00,-2.7935354395199996E-01,0E+00,-2.0315069999999998E+03,-1.6786055999999999E+03,0E+00,0E+00,0E+00,0E+00,0E+00,-7.901513506967981E-04,0E+00,0E+00,5.176394452587686E-05,21_virtual@eisoky3tmanagedsub.com,precursor012,-2.437E+02,1970-01-01 00:00:00,0E+00,prod-strategy-ap71,2026-01-21 06:33:29,0E+00,1.4528548597994018E-03|kucoin_spot,0E+00,1.2286384241051158E+00,0E+00,0E+00,0E+00,-8.972300000000001E-04 | 0E+00
fr-ENS-USDT-loong_kc_bnfutures_mode_2,ENS-USDT-FTR,-1.6051980000000003E+00,0E+00,-1.6051980000000003E+00,0E+00,0E+00,-1.6642E-04 | 0E+00,-2.7935354395199996E-01,0E+00,-2.0315069999999998E+03,-1.6786055999999999E+03,0E+00,0E+00,0E+00,0E+00,0E+00,-7.901513506967982E-04,0E+00,0E+00,5.176394452587686E-05,21_virtual@eisoky3tmanagedsub.com,precursor012,-2.437E+02,2025-12-22 16:38:43,0E+00,prod-strategy-ap71,2025-12-29 11:12:34,0E+00,1.4528548597994018E-03|kucoin_spot,0E+00,1.3008644881349143E+00,0E+00,0E+00,0E+00,-8.972300000000001E-04 | 0E+00
fr-ENS-USDT-loong_kc_bnfutures_mode_3,ENS-USDT-FTR,-1.6051980000000003E+00,0E+00,-1.6051980000000003E+00,0E+00,0E+00,-1.6642E-04 | 0E+00,-2.7935354395199996E-01,0E+00,-2.0315069999999998E+03,-1.6786055999999999E+03,0E+00,0E+00,0E+00,0E+00,0E+00,-7.901513506967982E-04,0E+00,0E+00,5.176394452587686E-05,21_virtual@eisoky3tmanagedsub.com,precursor012,-2.437E+02,2026-01-02 22:06:02,0E+00,prod-strategy-ap71,2026-01-10 10:47:07,0E+00,1.4528548597994018E-03|kucoin_spot,0E+00,1.3008644881349143E+00,0E+00,0E+00,0E+00,-8.972300000000001E-04 | 0E+00
fr-TAO-USDT-loong_kc_bnfutures_mode_0,TAO-USDT-FTR,-1.6059848100000003E+00,0E+00,-1.6059848100000003E+00,0E+00,0E+00,2.418E-05 | 0E+00,7.22833336389801E-02,0E+00,-3.728268E+03,-2.989385179445E+03,0E+00,0E+00,0E+00,0E+00,0E+00,-4.307589502685966E-04,0E+00,0E+00,9.499837210976969E-05,21_virtual@eisoky3tmanagedsub.com,precursor012,-1.555E+01,2026-01-03 13:21:25,0E+00,prod-strategy-ap71,2026-01-15 17:07:22,0E+00,5.715473345109245E-04|kucoin_spot,0E+00,1.2272398403729439E+00,0E+00,0E+00,0E+00,-3.3332000000000007E-04 | 0E+00
fr-S-USDT-loong_kc_bnfutures_mode_0,S-USDT-FTR,-1.6352973300000002E+00,0E+00,-1.6352973300000002E+00,0E+00,0E+00,-2.82E-05 | 0E+00,-4.3495069838010006E-02,0E+00,-1.2164792569520001E+04,-1.5423783630500002E+03,0E+00,0E+00,0E+00,0E+00,0E+00,-1.3442870650317434E-04,0E+00,0E+00,3.09965777985226E-04,21_virtual@eisoky3tmanagedsub.com,precursor012,-3.0331E+04,2026-01-06 12:13:55,0E+00,prod-strategy-ap71,2026-01-22 19:29:44,0E+00,2.949852507374562E-03|kucoin_spot,0E+00,1.2252658331158481E+00,0E+00,0E+00,0E+00,-2.8679E-04 | 0E+00
fr-MERL-USDT-loong_kc_bnfutures_mode_0,MERL-USDT-FTR,-1.6776292099999996E+00,0E+00,-1.6776292099999996E+00,0E+00,0E+00,-6.8741E-04 | 0E+00,-1.193024956839696E+00,0E+00,-3.14243072E+03,-1.7355362256E+03,0E+00,0E+00,0E+00,0E+00,0E+00,-5.338635468787677E-04,0E+00,0E+00,8.00709076889675E-05,21_virtual@eisoky3tmanagedsub.com,precursor012,-3.4168E+04,2026-01-15 21:39:27,0E+00,prod-strategy-ap71,2026-01-28 15:53:33,0E+00,4.3205027494108705E-03|kucoin_spot,0E+00,3.132797578642769E+00,0E+00,0E+00,0E+00,-2.7616699999999995E-03 | 0E+00
fr-LINEA-USDT-loong_kc_bnfutures_mode_0,LINEA-USDT-FTR,-1.7241629599999997E+00,0E+00,-1.7241629599999997E+00,0E+00,0E+00,3.978E-05 | 0E+00,6.460583684256001E-02,0E+00,-2.32054721182E+03,-1.624078352E+03,0E+00,0E+00,0E+00,0E+00,0E+00,-7.429984407202569E-04,0E+00,0E+00,5.9128852198062186E-05,21_virtual@eisoky3tmanagedsub.com,precursor012,-3.63166E+05,2026-01-03 07:21:22,0E+00,prod-strategy-ap71,2026-01-20 12:52:11,0E+00,1.5590200445434466E-03|kucoin_spot,0E+00,1.6413538499978617E+00,0E+00,0E+00,0E+00,-6.091200000000006E-04 | 0E+00
fr-KAS-USDT-loong_kc_bnfutures_mode_3,KAS-USDT-FTR,-1.8323197149964843E+00,-7.867572234996484E+00,6.035252519999999E+00,4.914726079790853E+00,-6.943161978386343E+01,5E-05 | 0E+00,1.625925455E+00,4.8024111391067505E+04,-3.04991444434E+04,-3.25185091E+04,1.5746051985225409E+00,-2.1803576660156254E-02,0E+00,-3.815416177252363E-05,-1.638254619836621E-04,1.9788268261754552E-04,-1.4457658407975816E-03,1.0233871981033663E-04,7.771354078794034E-04,21_virtual@eisoky3tmanagedsub.com,precursor012,-1.04797E+06,2026-01-26 09:00:38,1.044E+03,prod-strategy-ap71,2026-02-02 07:52:30,-1.0620141637776971E+01,9.652509652509078E-04|kucoin_spot,5.360824742268041E-01,1.1803833091533351E+00,6.4E+01,0E+00,5.2E+01,1.08111E-03 | 0E+00
fr-DOGS-USDT-loong_kc_bnfutures_mode_2,DOGS-USDT-FTR,-1.8887901500000002E+00,0E+00,-1.8887901500000002E+00,0E+00,0E+00,5E-05 | 0E+00,4.182280607270001E-01,0E+00,-1.04142588032E+04,-8.364561214540001E+03,0E+00,0E+00,0E+00,0E+00,0E+00,-1.8136577798696818E-04,0E+00,0E+00,2.653611899771793E-04,21_virtual@eisoky3tmanagedsub.com,precursor012,-2.74878778E+08,2025-12-16 13:34:23,0E+00,prod-strategy-ap71,2025-12-27 12:42:41,0E+00,3.9215686274509665E-03|kucoin_spot,0E+00,2.1741641320733907E+00,0E+00,0E+00,0E+00,-1.4491999999999977E-04 | 0E+00
fr-DOGS-USDT-loong_kc_bnfutures_mode_4,DOGS-USDT-FTR,-1.8887901500000002E+00,0E+00,-1.8887901500000002E+00,0E+00,0E+00,5E-05 | 0E+00,4.182280607270001E-01,0E+00,-1.04142588032E+04,-8.364561214540001E+03,0E+00,0E+00,0E+00,0E+00,0E+00,-1.8136577798696818E-04,0E+00,0E+00,2.653611899771793E-04,21_virtual@eisoky3tmanagedsub.com,precursor012,-2.74878778E+08,2026-01-10 15:25:37,0E+00,prod-strategy-ap71,2026-01-14 16:38:05,0E+00,3.9215686274509665E-03|kucoin_spot,0E+00,1.7131424928471686E+00,0E+00,0E+00,0E+00,-1.4491999999999977E-04 | 0E+00
fr-DOGS-USDT-loong_kc_bnfutures_mode_5,DOGS-USDT-FTR,-1.8887901500000002E+00,0E+00,-1.8887901500000002E+00,0E+00,0E+00,5E-05 | 0E+00,4.182280607270001E-01,0E+00,-1.04142588032E+04,-8.364561214540001E+03,0E+00,0E+00,0E+00,0E+00,0E+00,-1.8136577798696818E-04,0E+00,0E+00,2.653611899771793E-04,21_virtual@eisoky3tmanagedsub.com,precursor012,-2.74878778E+08,2026-01-14 08:59:17,0E+00,prod-strategy-ap71,2026-01-23 03:29:36,0E+00,3.9215686274509665E-03|kucoin_spot,0E+00,2.1741641320733907E+00,0E+00,0E+00,0E+00,-1.4491999999999977E-04 | 0E+00
fr-DOGS-USDT-loong_kc_bnfutures_mode_3,DOGS-USDT-FTR,-1.8887901500000006E+00,0E+00,-1.8887901500000006E+00,0E+00,0E+00,5E-05 | 0E+00,4.182280607270001E-01,0E+00,-1.04142588032E+04,-8.364561214540001E+03,0E+00,0E+00,0E+00,0E+00,0E+00,-1.813657779869682E-04,0E+00,0E+00,2.653611899771793E-04,21_virtual@eisoky3tmanagedsub.com,precursor012,-2.74878778E+08,2026-01-02 23:51:06,0E+00,prod-strategy-ap71,2026-01-10 14:46:23,0E+00,3.9215686274509665E-03|kucoin_spot,0E+00,1.7131424928471686E+00,0E+00,0E+00,0E+00,-1.4491999999999977E-04 | 0E+00
fr-STX-USDT-loong_kc_bnfutures_mode_0,STX-USDT-FTR,-2.04543741E+00,0E+00,-2.04543741E+00,0E+00,0E+00,-1.0533E-04 | 0E+00,-1.5346910869966077E-01,0E+00,-1.6883612224199999E+03,-1.4570313177599999E+03,0E+00,0E+00,0E+00,0E+00,0E+00,-1.2114927675655732E-03,0E+00,0E+00,4.3020396512042795E-05,21_virtual@eisoky3tmanagedsub.com,precursor012,-5.598000000000001E+03,2026-01-09 01:37:49,0E+00,prod-strategy-ap71,2026-01-19 08:00:58,0E+00,2.302379125095788E-03|kucoin_spot,0E+00,1.2620122911167082E+00,0E+00,0E+00,0E+00,-1.4265999999999997E-03 | 0E+00
fr-DOT-USDT-loong_kc_bnfutures_mode_0,DOT-USDT-FTR,-2.16547391E+00,0E+00,-2.16547391E+00,0E+00,0E+00,-3.792E-05 | 0E+00,-5.661193321895616E-02,0E+00,-1.8578214707500001E+03,-1.492930728348E+03,0E+00,0E+00,0E+00,0E+00,0E+00,-1.1655984948466553E-03,0E+00,0E+00,4.733833924809808E-05,21_virtual@eisoky3tmanagedsub.com,precursor012,-9.806E+02,2026-01-06 14:02:27,0E+00,prod-strategy-ap71,2026-01-25 08:03:02,0E+00,1.051248357424539E-03|kucoin_spot,0E+00,1.1838000073767856E+00,0E+00,0E+00,0E+00,-1.3123100000000001E-03 | 0E+00
fr-DOGS-USDT-loong_kc_bnfutures_mode_6,DOGS-USDT-FTR,-2.2645267580644686E+00,-3.7573660806446857E-01,-1.8887901500000002E+00,7.637084356247215E-03,1.0908401862252504E-02,5E-05 | 0E+00,4.182280607270001E-01,1.0797060187999159E+02,-1.04142588032E+04,-8.364561214540001E+03,1.036757429600418E-02,0E+00,0E+00,-2.097354945359544E-02,-3.4799899372803035E-03,-1.8136577798696818E-04,1.0103122213190124E-04,7.073299790192675E-05,2.653611899771793E-04,21_virtual@eisoky3tmanagedsub.com,precursor012,-2.74878778E+08,2026-01-23 08:31:37,5E+00,prod-strategy-ap71,2026-01-30 03:52:27,-2.063999529520799E-01,3.9215686274509665E-03|kucoin_spot,8.333333333333333E-02,1.7131424928471686E+00,0E+00,0E+00,1E+00,-1.4491999999999977E-04 | 0E+00
fr-JUP-USDT-loong_kc_bnfutures_mode_0,JUP-USDT-FTR,-2.58328446E+00,0E+00,-2.58328446E+00,0E+00,0E+00,-7.675E-05 | 0E+00,-1.342090286931375E-01,0E+00,-2.16178289361E+03,-1.74865183965E+03,0E+00,0E+00,0E+00,0E+00,0E+00,-1.1949786759974433E-03,0E+00,0E+00,5.508344779605367E-05,21_virtual@eisoky3tmanagedsub.com,precursor012,-9.585E+03,2026-01-14 14:41:53,0E+00,prod-strategy-ap71,2026-01-20 07:23:42,0E+00,2.2014309301046087E-03|kucoin_spot,0E+00,1.4384907032367678E+00,0E+00,0E+00,0E+00,-1.3577299999999995E-03 | 0E+00
fr-VET-USDT-loong_kc_bnfutures_mode_5,VET-USDT-FTR,-2.8574717540613483E+00,1.4761975593865181E-01,-3.00509151E+00,5.9904735535383224E-03,1.0240999981760979E-02,4.958E-05 | 0E+00,9.685624822415222E-02,8.605000305175781E+01,-1.9683318270000002E+03,-1.9535346555900003E+03,4.371722382953563E-02,0E+00,0E+00,-3.320710810832419E-02,1.7155113387951968E-03,-1.5267199710834122E-03,1.190121977753001E-04,6.961619222645629E-05,5.015420547472683E-05,21_virtual@eisoky3tmanagedsub.com,precursor012,-2.35137E+05,2026-02-01 14:15:27,4E+00,prod-strategy-ap71,2026-02-01 22:15:28,1.4761975593865181E-01,1.8039687312088049E-03|kucoin_spot,1E+00,1.1908077814934188E+00,0E+00,1E+00,1E+00,-9.996000000000001E-05 | 0E+00
fr-AVAX-USDT-loong_kc_bnfutures_mode_1,AVAX-USDT-FTR,-3.15330681E+00,0E+00,-3.15330681E+00,0E+00,0E+00,-2.0197E-04 | 0E+00,-2.732466964999455E-01,0E+00,-1.6343100000000002E+03,-1.35290734515E+03,0E+00,0E+00,0E+00,0E+00,0E+00,-1.929442278392716E-03,0E+00,0E+00,4.1643140869357494E-05,21_virtual@eisoky3tmanagedsub.com,precursor012,-1.35E+02,1970-01-01 00:00:00,0E+00,prod-strategy-ap71,2026-01-19 18:11:14,0E+00,9.975062344138586E-04|kucoin_spot,0E+00,1.040898111257204E+00,0E+00,0E+00,0E+00,-2.04535E-03 | 0E+00
fr-AVAX-USDT-loong_kc_bnfutures_mode_0,AVAX-USDT-FTR,-3.1533068100000006E+00,0E+00,-3.1533068100000006E+00,0E+00,0E+00,-2.0197E-04 | 0E+00,-2.732466964999455E-01,0E+00,-1.6343100000000002E+03,-1.35290734515E+03,0E+00,0E+00,0E+00,0E+00,0E+00,-1.9294422783927164E-03,0E+00,0E+00,4.1643140869357494E-05,21_virtual@eisoky3tmanagedsub.com,precursor012,-1.35E+02,2026-01-11 21:15:39,0E+00,prod-strategy-ap71,2026-01-19 14:11:12,0E+00,9.975062344138586E-04|kucoin_spot,0E+00,1.0291209064050733E+00,0E+00,0E+00,0E+00,-2.04535E-03 | 0E+00
fr-ETH-USDT-loong_kc_bnfutures_mode_0,ETH-USDT-FTR,-3.5763400279734068E+00,-1.4514823327973406E+01,1.09384833E+01,7.77525058365427E-01,-2.2482789985835552E+01,-2.036E-04 | 0E+00,-3.9772781354131526E-01,1.1219338424682617E+04,-4.209262282471824E+04,-1.9534764908709E+03,2.665393047946215E-01,4.337068445771001E+00,0E+00,-3.1876567874139847E-04,-1.2937325516485625E-03,2.5986699250246165E-04,-2.0039318839311657E-03,6.9302219875538E-05,1.0725437780167006E-03,21_virtual@eisoky3tmanagedsub.com,precursor012,-8.55E-01,2025-11-16 15:58:02,1.795E+03,prod-strategy-ap71,2026-02-02 05:45:22,-1.4627159771863099E+01,8.951730522344103E-04|kucoin_spot,3.235294117647059E-01,1.285791185688579E+00,3.17E+02,3E+00,1.1E+01,1.9857000000000002E-04 | 0E+00
fr-MON-USDT-loong_kc_bnfutures_mode_1,MON-USDT-FTR,-3.63754378E+00,0E+00,-3.63754378E+00,0E+00,0E+00,4.867E-05 | 0E+00,4.7565400172952604E-02,0E+00,-9.65149505763E+03,-9.773042977800001E+02,0E+00,0E+00,0E+00,0E+00,0E+00,-3.768891511915904E-04,0E+00,0E+00,2.45925539392645E-04,21_virtual@eisoky3tmanagedsub.com,precursor012,-5.4198E+04,2026-01-03 13:21:46,0E+00,prod-strategy-ap71,2026-01-08 19:12:20,0E+00,0E+00|binance_futures,0E+00,1.6060688234937548E+00,0E+00,0E+00,0E+00,-1.9457400000000016E-03 | 0E+00
fr-MON-USDT-loong_kc_bnfutures_mode_2,MON-USDT-FTR,-3.6375437800000006E+00,0E+00,-3.6375437800000006E+00,0E+00,0E+00,4.867E-05 | 0E+00,4.7565400172952604E-02,0E+00,-9.65149505763E+03,-9.773042977800001E+02,0E+00,0E+00,0E+00,0E+00,0E+00,-3.7688915119159043E-04,0E+00,0E+00,2.45925539392645E-04,21_virtual@eisoky3tmanagedsub.com,precursor012,-5.4198E+04,2026-01-08 12:22:42,0E+00,prod-strategy-ap71,2026-01-28 15:53:32,0E+00,0E+00|binance_futures,0E+00,1.6264951245651265E+00,0E+00,0E+00,0E+00,-1.9457400000000016E-03 | 0E+00
fr-IOTA-USDT-loong_kc_bnfutures_mode_0,IOTA-USDT-FTR,-3.9530326300000005E+00,0E+00,-3.9530326300000005E+00,0E+00,0E+00,8.402E-05 | 0E+00,1.4712091045E-01,0E+00,-7.043685090182E+03,-1.7510225E+03,0E+00,0E+00,0E+00,0E+00,0E+00,-5.612165477854802E-04,0E+00,0E+00,1.7947707010900136E-04,21_virtual@eisoky3tmanagedsub.com,precursor012,-2.4387499999999996E+04,2026-01-07 04:56:43,0E+00,prod-strategy-ap71,2026-01-26 12:52:05,0E+00,4.17827298050133E-03|kucoin_spot,0E+00,1.2017658193027652E+00,0E+00,0E+00,0E+00,-2.9233099999999997E-03 | 0E+00
fr-WIF-USDT-loong_kc_bnfutures_mode_1,WIF-USDT-FTR,-4.46113889E+00,0E+00,-4.46113889E+00,0E+00,0E+00,-7.59E-06 | 0E+00,-4.589835462090449E-02,0E+00,-8.0502441711480005E+03,-6.047214047549998E+03,0E+00,0E+00,0E+00,0E+00,0E+00,-5.541619353595112E-04,0E+00,0E+00,2.051247633875092E-04,21_virtual@eisoky3tmanagedsub.com,precursor012,-2.40246E+04,2026-01-02 17:29:00,0E+00,prod-strategy-ap71,2026-01-10 14:46:24,0E+00,7.939658594680044E-04|kucoin_spot,0E+00,1.362410204784875E+00,0E+00,0E+00,0E+00,-7.467099999999999E-04 | 0E+00
fr-SEI-USDT-loong_kc_bnfutures_mode_0,SEI-USDT-FTR,-4.6004933916002795E+00,3.06059136839972E+00,-7.66108476E+00,3.7076515005901456E-01,-1.8391999788582325E+00,1E-04 | 0E+00,1.6960828666799999E-01,5.290096188545227E+03,-4.8494083E+03,-1.6960828666799998E+03,1.0908745688716759E+00,-1.4155078125E-01,0E+00,-8.696426733339629E-04,5.785511755016652E-04,-1.579797840491179E-03,-3.4766853253834906E-04,7.008665567591026E-05,1.2356565949540258E-04,21_virtual@eisoky3tmanagedsub.com,precursor012,-1.9667E+04,2025-12-15 16:07:01,4.5E+01,prod-strategy-ap71,2026-01-31 13:05:26,-7.779115206798509E-02,0E+00|binance_futures,7.272727272727273E-01,1.0675567523295628E+00,0E+00,0E+00,8E+00,-1.7264399999999999E-03 | 0E+00
fr-VET-USDT-loong_kc_bnfutures_mode_3,VET-USDT-FTR,-4.77024267E+00,0E+00,-4.77024267E+00,0E+00,0E+00,4.958E-05 | 0E+00,9.685624822415222E-02,0E+00,-1.903386392055E+04,-1.9535346555900003E+03,0E+00,0E+00,0E+00,0E+00,0E+00,-2.506187230250073E-04,0E+00,0E+00,4.849935915044543E-04,21_virtual@eisoky3tmanagedsub.com,precursor012,-2.35137E+05,2026-01-03 12:37:33,0E+00,prod-strategy-ap71,2026-01-24 19:29:15,0E+00,1.8039687312088049E-03|kucoin_spot,0E+00,1.1908077814934188E+00,0E+00,0E+00,0E+00,-9.996000000000001E-05 | 0E+00
fr-SPX-USDT-loong_kc_bnfutures_mode_4,SPX-USDT-FTR,-5.013600189999999E+00,0E+00,-5.013600189999999E+00,0E+00,0E+00,-1.2654E-04 | 0E+00,-2.1105868842128697E-01,0E+00,-2.3580318069E+04,-1.66792072405E+03,0E+00,0E+00,0E+00,0E+00,0E+00,-2.1261800520796015E-04,0E+00,0E+00,6.008398082931774E-04,21_virtual@eisoky3tmanagedsub.com,precursor012,-5.635E+03,2026-01-20 07:45:04,0E+00,prod-strategy-ap71,2026-01-25 11:28:48,0E+00,1.687478906513773E-03|kucoin_spot,0E+00,1.5976464493709168E+00,0E+00,0E+00,0E+00,-7.4788E-04 | 0E+00
fr-SPX-USDT-loong_kc_bnfutures_mode_3,SPX-USDT-FTR,-5.01360019E+00,0E+00,-5.01360019E+00,0E+00,0E+00,-1.2654E-04 | 0E+00,-2.1105868842128697E-01,0E+00,-2.3580318069E+04,-1.66792072405E+03,0E+00,0E+00,0E+00,0E+00,0E+00,-2.126180052079602E-04,0E+00,0E+00,6.008398082931774E-04,21_virtual@eisoky3tmanagedsub.com,precursor012,-5.635E+03,2026-01-02 16:48:44,0E+00,prod-strategy-ap71,2026-01-20 14:10:44,0E+00,1.687478906513773E-03|kucoin_spot,0E+00,1.5976464493709168E+00,0E+00,0E+00,0E+00,-7.4788E-04 | 0E+00
fr-BRETT-USDT-loong_kc_bnfutures_mode_0,BRETT-USDT-FTR,-5.02072744E+00,0E+00,-5.02072744E+00,0E+00,0E+00,5E-05 | 0E+00,6.31632225E-02,0E+00,-2.10203847381E+03,-1.2632644500000001E+03,0E+00,0E+00,0E+00,0E+00,0E+00,-2.3885040652466267E-03,0E+00,0E+00,5.356112627205307E-05,21_virtual@eisoky3tmanagedsub.com,precursor012,-1.32279E+05,2026-01-04 23:28:57,0E+00,prod-strategy-ap71,2026-01-19 08:10:37,0E+00,0E+00|binance_futures,0E+00,1.6723796726957871E+00,0E+00,0E+00,0E+00,-2.3825800000000005E-03 | 0E+00
fr-SOLV-USDT-loong_kc_bnfutures_mode_8,SOLV-USDT-FTR,-5.1866122400875465E+00,-1.3931823090087546E+01,8.74521085E+00,3.579819003061857E-01,-2.3252960346639156E+01,5E-05 | 0E+00,1.5266913121395E+00,5.147946844577789E+03,-2.9874227558439998E+04,-3.053382624279E+04,1.723206678568465E-01,1.10776978515625E+00,0E+00,-1.0075108381413227E-03,-2.7062872851458452E-03,2.9273429188730014E-04,-4.516938703656381E-03,6.95387716917162E-05,7.612121730757068E-04,21_virtual@eisoky3tmanagedsub.com,precursor012,-3.269927E+06,2026-01-31 16:48:06,5.46E+02,prod-strategy-ap71,2026-02-02 03:52:28,-6.42126511865714E+00,1.0706638115633993E-03|binance_futures,0E+00,1.164251885451674E+00,5.6E+01,0E+00,0E+00,2.149999999999999E-03 | 0E+00
fr-YGG-USDT-loong_kc_bnfutures_mode_0,YGG-USDT-FTR,-5.29757909E+00,0E+00,-5.29757909E+00,0E+00,0E+00,-3.1368E-04 | 0E+00,-5.363560693518143E-01,0E+00,-5.566797093E+03,-1.70988290408E+03,0E+00,0E+00,0E+00,0E+00,0E+00,-9.51638617592416E-04,0E+00,0E+00,1.4184513068813675E-04,21_virtual@eisoky3tmanagedsub.com,precursor012,-3.6478E+04,2026-01-22 04:37:34,0E+00,prod-strategy-ap71,2026-01-26 12:52:05,0E+00,1.710498182595721E-03|kucoin_spot,0E+00,1.5993847939251147E+00,0E+00,0E+00,0E+00,-3.8531300000000006E-03 | 0E+00
fr-HMSTR-USDT-loong_kc_bnfutures_mode_0,HMSTR-USDT-FTR,-5.307352537546783E+00,-4.608693547546783E+00,-6.9865899E-01,1.0338348895311356E-01,-6.841203689575195E+00,-9.78E-06 | 0E+00,-1.1884665832811999E-02,1.4907445831298828E+03,-1.4496239496E+03,-1.2152010054E+03,1.0283664142974662E+00,0E+00,0E+00,-3.560202463659983E-03,-3.0915380137559387E-03,-4.819587798565162E-04,-4.589118596836885E-03,6.935023619945373E-05,3.693723610623883E-05,21_virtual@eisoky3tmanagedsub.com,precursor012,-6.319298E+06,2026-01-27 04:00:13,8E+00,prod-strategy-ap71,2026-01-27 12:50:30,-4.286351874470667E+00,2.0942408376962707E-03|kucoin_spot,0E+00,1.3235366849950836E+00,0E+00,0E+00,0E+00,-2.6911799999999987E-03 | 0E+00
fr-WLD-USDT-loong_kc_bnfutures_mode_0,WLD-USDT-FTR,-5.506391209999999E+00,0E+00,-5.506391209999999E+00,0E+00,0E+00,-1.1411E-04 | 0E+00,-1.9434449864230002E-01,0E+00,-2.0799500000000003E+03,-1.7031329300000002E+03,0E+00,0E+00,0E+00,0E+00,0E+00,-2.6473671049784845E-03,0E+00,0E+00,5.299829949717013E-05,21_virtual@eisoky3tmanagedsub.com,precursor012,-4.25E+03,2026-01-03 17:58:42,0E+00,prod-strategy-ap71,2026-01-25 00:14:03,0E+00,1.2431626056688128E-03|kucoin_spot,0E+00,1.2847643895001823E+00,0E+00,0E+00,0E+00,-3.0589600000000003E-03 | 0E+00
fr-PYTH-USDT-loong_kc_bnfutures_mode_0,PYTH-USDT-FTR,-5.54606515E+00,0E+00,-5.54606515E+00,0E+00,0E+00,-1.1434E-04 | 0E+00,-2.2005287091640002E-01,0E+00,-2.2713558000000003E+03,-1.92454846E+03,0E+00,0E+00,0E+00,0E+00,0E+00,-2.441742130405109E-03,0E+00,0E+00,5.787542727134521E-05,21_virtual@eisoky3tmanagedsub.com,precursor012,-3.7283E+04,2026-01-05 14:20:49,0E+00,prod-strategy-ap71,2026-01-20 18:35:08,0E+00,1.159420289855051E-03|kucoin_spot,0E+00,1.2359466138096336E+00,0E+00,0E+00,0E+00,-2.76343E-03 | 0E+00
fr-MERL-USDT-loong_kc_bnfutures_mode_1,MERL-USDT-FTR,-5.813262491369311E+00,-3.691378771369311E+00,-2.12188372E+00,1.6660000057645448E+00,-5.429476851708023E+01,-6.8741E-04 | 0E+00,-1.193024956839696E+00,2.0949797212021425E+04,-3.14243072E+03,-1.7355362256E+03,6.666749111980876E+00,-3.126919636413812E+01,0E+00,-2.7748538243766585E-04,-1.762011695870317E-04,-6.752364360796473E-04,-2.5916608150232962E-03,7.952344306266409E-05,8.00709076889675E-05,21_virtual@eisoky3tmanagedsub.com,precursor012,-3.4168E+04,2025-11-25 17:59:04,1.29E+03,prod-strategy-ap71,2026-01-30 23:18:38,3.5188198808634126E+00,4.3205027494108705E-03|kucoin_spot,5.67741935483871E-01,3.2203061478858057E+00,0E+00,0E+00,8.8E+01,-2.7616699999999995E-03 | 0E+00
fr-CFX-USDT-loong_kc_bnfutures_mode_3,CFX-USDT-FTR,-5.9176779773085535E+00,-6.030156607308554E+00,1.1247863000000069E-01,2.0217964823241346E+00,-3.772096279589459E+01,-1.0057E-04 | 0E+00,-1.1562859627089208E+00,1.5973292592734098E+04,-1.985267317761E+04,-1.1497324875299999E+04,8.045915252737301E-01,1.2541526115417485E+00,0E+00,-3.704732723671747E-04,-3.775149407863186E-04,5.665666733830836E-06,-2.3615020245139084E-03,1.2657355836853608E-04,5.058573133423452E-04,21_virtual@eisoky3tmanagedsub.com,precursor012,-2.05986E+05,2026-01-11 13:22:22,1.344E+03,prod-strategy-ap71,2026-02-02 03:52:28,-1.1531205633241978E+01,1.7927572606668551E-03|kucoin_spot,4.188034188034188E-01,1.1961437318263644E+00,7.8E+01,1.6E+01,4.9E+01,-1.9442000000000005E-04 | 0E+00
fr-UNI-USDT-loong_kc_bnfutures_mode_3,UNI-USDT-FTR,-6.094090192577504E+00,-3.9584012972577504E+01,3.348992278E+01,2.6095324633060955E+00,-6.249491987470533E+01,3.731E-05 | 0E+00,8.917221159224779E+00,3.3673802724123E+04,-2.6690566E+05,-2.3900351539064E+05,1.2616368916314102E-01,1.5603046879816052E+01,0E+00,-1.8097422030128669E-04,-1.1755135972279303E-03,1.25474756811077E-04,-1.855891370116499E-03,7.749443936240373E-05,6.800906803610595E-03,21_virtual@eisoky3tmanagedsub.com,precursor012,-6.1061E+04,2026-01-03 06:49:48,9.76E+02,prod-strategy-ap71,2026-02-02 07:52:38,-2.7991118716262065E+01,7.91422006637843E-04|kucoin_spot,1.6822429906542055E-01,1.220235446965642E+00,4.3E+01,0E+00,1.8E+01,1.072E-04 | 0E+00
fr-EIGEN-USDT-loong_kc_bnfutures_mode_1,EIGEN-USDT-FTR,-6.181101099999999E+00,0E+00,-6.181101099999999E+00,0E+00,0E+00,-1.1705E-04 | 0E+00,-1.7317681405200003E-01,0E+00,-2.0485615936179997E+03,-1.4795114400000002E+03,0E+00,0E+00,0E+00,0E+00,0E+00,-3.0172883838378768E-03,0E+00,0E+00,5.219850519337814E-05,21_virtual@eisoky3tmanagedsub.com,precursor012,-5.7816E+03,2026-01-18 01:14:00,0E+00,prod-strategy-ap71,2026-01-19 08:02:47,0E+00,1.170046801872049E-03|kucoin_spot,0E+00,1.7004430530399863E+00,0E+00,0E+00,0E+00,-3.6506399999999997E-03 | 0E+00
fr-EIGEN-USDT-loong_kc_bnfutures_mode_0,EIGEN-USDT-FTR,-6.181101099999999E+00,0E+00,-6.181101099999999E+00,0E+00,0E+00,-1.1705E-04 | 0E+00,-1.7317681405200003E-01,0E+00,-2.0485615936179997E+03,-1.4795114400000002E+03,0E+00,0E+00,0E+00,0E+00,0E+00,-3.0172883838378768E-03,0E+00,0E+00,5.219850519337814E-05,21_virtual@eisoky3tmanagedsub.com,precursor012,-5.7816E+03,2025-11-27 15:52:01,0E+00,prod-strategy-ap71,2026-01-17 10:11:40,0E+00,1.170046801872049E-03|kucoin_spot,0E+00,1.3537832125299014E+00,0E+00,0E+00,0E+00,-3.6506399999999997E-03 | 0E+00
fr-INJ-USDT-loong_kc_bnfutures_mode_0,INJ-USDT-FTR,-6.57745521E+00,0E+00,-6.57745521E+00,0E+00,0E+00,-2.1307E-04 | 0E+00,-3.372549939224365E-01,0E+00,-7.0903546879432E+04,-1.5828365979369999E+03,0E+00,0E+00,0E+00,0E+00,0E+00,-9.276623666210436E-05,0E+00,0E+00,1.8066623779070552E-03,21_virtual@eisoky3tmanagedsub.com,precursor012,-4.393E+02,2025-12-30 19:06:03,0E+00,prod-strategy-ap71,2026-01-04 19:11:28,0E+00,1.3827433628317287E-03|kucoin_spot,0E+00,1.2243533625309502E+00,0E+00,0E+00,0E+00,-8.244499999999999E-04 | 0E+00
fr-S-USDT-loong_kc_bnfutures_mode_1,S-USDT-FTR,-6.8970111265467775E+00,-5.261713796546777E+00,-1.6352973299999998E+00,1.0064503003122809E+00,-2.2844445508671924E+01,-2.82E-05 | 0E+00,-4.3495069838010006E-02,1.4453440454922616E+04,-1.2164792569520001E+04,-1.5423783630500002E+03,1.1881370251340768E+00,-7.4310946376800535E+00,0E+00,-4.7718819253154103E-04,-3.6404576564016077E-04,-1.344287065031743E-04,-1.580554164935274E-03,6.963396040210617E-05,3.09965777985226E-04,21_virtual@eisoky3tmanagedsub.com,precursor012,-3.0331E+04,2026-01-22 21:20:20,1.63E+02,prod-strategy-ap71,2026-01-27 12:04:26,-2.108604999288796E+00,2.949852507374562E-03|kucoin_spot,6.455696202531646E-01,1.2252658331158481E+00,0E+00,0E+00,5.1E+01,-2.8679E-04 | 0E+00
fr-OP-USDT-loong_kc_bnfutures_mode_2,OP-USDT-FTR,-6.924531861561475E+00,-7.598138601561475E+00,6.7360674E-01,7.910039629787207E-01,-2.379548018798232E+01,1.804E-05 | 0E+00,3.166160370324204E-02,1.1344085815429688E+04,-2.016790797636E+03,-1.755077810601E+03,5.624820298033272E+00,-8.811299438476564E-02,0E+00,-6.104089808755726E-04,-6.697885334424081E-04,3.3399931256607E-04,-2.097611087851331E-03,6.972831269513447E-05,5.138896738683591E-05,21_virtual@eisoky3tmanagedsub.com,precursor012,-7.572900000000001E+03,2026-01-29 17:51:38,1.04E+03,prod-strategy-ap71,2026-01-30 21:30:14,5.116621011341962E-01,1.290877796901846E-03|kucoin_spot,3.888888888888889E-01,1.3057142396749923E+00,0E+00,0E+00,7E+00,-4.9045E-04 | 0E+00
fr-MELANIA-USDT-loong_kc_bnfutures_mode_3,MELANIA-USDT-FTR,-6.973833910462969E+00,4.296092095370316E-01,-7.40344312E+00,9.895437349769054E-03,-1.740759927779436E-01,5E-05 | 0E+00,7.904994984113001E-02,1.3908162614703178E+02,-1.6184326263073997E+03,-1.5809989968226E+03,8.59359999831189E-02,-2.5401094834899904E+00,0E+00,-5.014202165777454E-02,3.088899816880665E-03,-4.574452466947373E-03,-1.2516102780817152E-03,7.114841567431758E-05,4.123857642973686E-05,21_virtual@eisoky3tmanagedsub.com,precursor012,-1.273322E+04,2026-01-31 08:17:30,8.8E+02,prod-strategy-ap71,2026-01-31 19:52:01,0E+00,2.1686746987952255E-03|kucoin_spot,5E-01,1.6329351364902658E+00,0E+00,0E+00,3E+00,-1.1997799999999997E-03 | 0E+00
fr-PNUT-USDT-loong_kc_bnfutures_mode_2,PNUT-USDT-FTR,-7.27062227E+00,0E+00,-7.27062227E+00,0E+00,0E+00,-2.097E-05 | 0E+00,-6.2258086335424505E-02,0E+00,-6.2630705012039994E+04,-2.96891208085E+03,0E+00,0E+00,0E+00,0E+00,0E+00,-1.1608718548836885E-04,0E+00,0E+00,1.595865699630765E-03,21_virtual@eisoky3tmanagedsub.com,precursor012,-5.191099999999999E+04,2025-12-21 11:59:35,0E+00,prod-strategy-ap71,2026-01-04 03:11:32,0E+00,2.6200873362445254E-03|kucoin_spot,0E+00,1.3864893796924664E+00,0E+00,0E+00,0E+00,-9.728999999999984E-05 | 0E+00
fr-SUI-USDT-loong_kc_bnfutures_mode_4,SUI-USDT-FTR,-7.402473528362513E+00,-5.076111527836251E+01,4.335864175E+01,4.755901278462261E+00,-8.540760959684849E+01,4.514E-05 | 0E+00,3.8024818283026494E+00,6.737327803182602E+04,-7.8969979426616E+04,-8.423752388796299E+04,8.531505075853998E-01,1.4456103515625E-01,0E+00,-1.0987254508925197E-04,-7.534309857148972E-04,5.490522102806376E-04,-1.2676778107264329E-03,7.059032033762187E-05,2.0121996302493606E-03,21_virtual@eisoky3tmanagedsub.com,precursor012,-7.530590000000001E+04,2026-01-12 15:48:41,8.2E+02,prod-strategy-ap71,2026-02-02 07:52:43,-3.1202956811864116E+01,5.350454788657366E-04|kucoin_spot,1.232876712328767E-01,1.2779995441960368E+00,6E+01,0E+00,1.8E+01,9.8878E-04 | 0E+00
fr-WLFI-USDT-loong_kc_bnfutures_mode_0,WLFI-USDT-FTR,-7.80597568E+00,0E+00,-7.80597568E+00,0E+00,0E+00,-2.928E-05 | 0E+00,-4.933648132907041E-02,0E+00,-2.2472453832E+03,-1.6849891164300004E+03,0E+00,0E+00,0E+00,0E+00,0E+00,-3.473575132629513E-03,0E+00,0E+00,5.7261080248307144E-05,21_virtual@eisoky3tmanagedsub.com,precursor012,-1.2543E+04,2026-01-03 14:18:37,0E+00,prod-strategy-ap71,2026-01-30 14:33:15,0E+00,1.4880952380953438E-03|kucoin_spot,0E+00,1.7149910352873718E+00,0E+00,0E+00,0E+00,-3.95804E-03 | 0E+00
fr-POPCAT-USDT-loong_kc_bnfutures_mode_0,POPCAT-USDT-FTR,-8.117810230000002E+00,0E+00,-8.117810230000002E+00,0E+00,0E+00,-3.819E-05 | 0E+00,-5.0207886835086604E-02,0E+00,-2.0132410232E+03,-1.3146867461400002E+03,0E+00,0E+00,0E+00,0E+00,0E+00,-4.032209823092582E-03,0E+00,0E+00,5.129851713144202E-05,21_virtual@eisoky3tmanagedsub.com,precursor012,-2.3754E+04,2026-01-03 06:41:15,0E+00,prod-strategy-ap71,2026-01-19 08:01:46,0E+00,9.009009009008917E-04|kucoin_spot,0E+00,1.1246512081529987E+00,0E+00,0E+00,0E+00,-4.399129999999999E-03 | 0E+00
fr-DOGS-USDT-loong_kc_bnfutures_mode_7,DOGS-USDT-FTR,-8.640665268075661E+00,-1.401291880756625E-01,-8.50053608E+00,8.37717391550541E-03,-2.0258599519729614E-01,5E-05 | 0E+00,4.182280607270001E-01,1.2007858276367188E+02,-9.0541893576E+03,-8.364561214540001E+03,1.3262212443445205E-02,0E+00,0E+00,-7.195842147039211E-02,-1.166979030319274E-03,-9.38851148818169E-04,-1.6871118107382073E-03,6.976409716620846E-05,2.3070585315905438E-04,21_virtual@eisoky3tmanagedsub.com,precursor012,-2.74878778E+08,2026-01-30 15:34:49,6E+00,prod-strategy-ap71,2026-01-31 19:52:00,0E+00,3.9215686274509665E-03|kucoin_spot,5E-01,2.1752350336510493E+00,0E+00,0E+00,1E+00,-1.4491999999999977E-04 | 0E+00
fr-ETC-USDT-loong_kc_bnfutures_mode_6,ETC-USDT-FTR,-9.18886614456072E+00,-1.2883976204560721E+01,3.695110060000001E+00,2.8193864224350333E+00,-9.490056538954246E+00,6.605E-05 | 0E+00,1.5764746429100138E+00,4.071111400277655E+04,-4.6563269398417404E+04,-2.3867897697350698E+04,8.743182024963273E-01,-1.4944237600633315E+02,0E+00,-2.2570903227885208E-04,-3.164731921529344E-04,7.935675711219691E-05,-2.3310726742351023E-04,6.925348253164352E-05,1.1864583750305258E-03,21_virtual@eisoky3tmanagedsub.com,precursor012,-2.47443E+03,2026-01-03 07:21:21,3.97E+02,prod-strategy-ap71,2026-01-29 19:52:20,-6.1279152752104915E+00,8.707370166891604E-04|kucoin_spot,2.3444976076555024E-01,1.0210805764386235E+00,0E+00,0E+00,4.9E+01,1.5654E-04 | 0E+00
fr-POL-USDT-loong_kc_bnfutures_mode_0,POL-USDT-FTR,-9.64953824E+00,0E+00,-9.64953824E+00,0E+00,0E+00,-3.1293E-04 | 0E+00,-5.522252785655697E-01,0E+00,-2.0718160359E+03,-1.76469267429E+03,0E+00,0E+00,0E+00,0E+00,0E+00,-4.657526572241355E-03,0E+00,0E+00,5.2791041502761104E-05,21_virtual@eisoky3tmanagedsub.com,precursor012,-1.6783E+04,2026-01-20 02:10:01,0E+00,prod-strategy-ap71,2026-01-26 00:16:47,0E+00,2.0078401376804056E-03|kucoin_spot,0E+00,1.0811946296516188E+00,0E+00,0E+00,0E+00,-5.513940000000001E-03 | 0E+00
fr-TRX-USDT-loong_kc_bnfutures_mode_0,TRX-USDT-FTR,-9.981651809999999E+00,0E+00,-9.981651809999999E+00,0E+00,0E+00,-3.2403E-04 | 0E+00,-6.188467351185E-01,0E+00,-1.98984221265E+03,-1.90984395E+03,0E+00,0E+00,0E+00,0E+00,0E+00,-5.016303175469776E-03,0E+00,0E+00,5.070230223713857E-05,21_virtual@eisoky3tmanagedsub.com,precursor012,-6.735E+03,2026-01-03 14:10:34,0E+00,prod-strategy-ap71,2026-01-05 19:11:32,0E+00,1.444221353341213E-03|kucoin_spot,0E+00,2.54566323385939E-01,0E+00,0E+00,0E+00,-5.279020000000001E-03 | 0E+00
fr-TRX-USDT-loong_kc_bnfutures_mode_2,TRX-USDT-FTR,-9.981651809999999E+00,0E+00,-9.981651809999999E+00,0E+00,0E+00,-3.2403E-04 | 0E+00,-6.188467351185E-01,0E+00,-1.98984221265E+03,-1.90984395E+03,0E+00,0E+00,0E+00,0E+00,0E+00,-5.016303175469776E-03,0E+00,0E+00,5.070230223713857E-05,21_virtual@eisoky3tmanagedsub.com,precursor012,-6.735E+03,2026-01-17 19:36:04,0E+00,prod-strategy-ap71,2026-01-21 16:22:33,0E+00,1.444221353341213E-03|kucoin_spot,0E+00,2.54566323385939E-01,0E+00,0E+00,0E+00,-5.279020000000001E-03 | 0E+00
fr-TRX-USDT-loong_kc_bnfutures_mode_1,TRX-USDT-FTR,-9.98165181E+00,0E+00,-9.98165181E+00,0E+00,0E+00,-3.2403E-04 | 0E+00,-6.188467351185E-01,0E+00,-1.98984221265E+03,-1.90984395E+03,0E+00,0E+00,0E+00,0E+00,0E+00,-5.0163031754697765E-03,0E+00,0E+00,5.070230223713857E-05,21_virtual@eisoky3tmanagedsub.com,precursor012,-6.735E+03,2026-01-05 22:03:06,0E+00,prod-strategy-ap71,2026-01-17 18:11:32,0E+00,1.444221353341213E-03|kucoin_spot,0E+00,2.4763832995979795E-01,0E+00,0E+00,0E+00,-5.279020000000001E-03 | 0E+00
fr-XRP-USDT-loong_kc_bnfutures_mode_0,XRP-USDT-FTR,-1.091766736E+01,0E+00,-1.091766736E+01,0E+00,0E+00,2.159E-05 | 0E+00,2.023053168991869E-02,0E+00,-1.995917924E+04,-9.37032500691E+02,0E+00,0E+00,0E+00,0E+00,0E+00,-5.469998154092432E-04,0E+00,0E+00,5.08571147902219E-04,21_virtual@eisoky3tmanagedsub.com,precursor012,-5.859E+02,2026-01-06 02:27:08,0E+00,prod-strategy-ap71,2026-01-17 22:11:24,0E+00,5.747485475104952E-04|kucoin_spot,0E+00,1.0931031301731986E+00,0E+00,0E+00,0E+00,-7.269500000000001E-04 | 0E+00
fr-LDO-USDT-loong_kc_bnfutures_mode_1,LDO-USDT-FTR,-1.1021707228222532E+01,-1.4943803598222532E+01,3.92209637E+00,7.258979300968349E-01,-2.3205100151710212E+01,4.705E-05 | 0E+00,1.809497313140128E+00,1.042661335849762E+04,-4.00606115E+04,-3.845902897216E+04,2.60270948647342E-01,-2.548074264526367E-01,0E+00,-1.0570745120456505E-03,-1.4332365730281378E-03,9.790405645705134E-05,-2.2255644621940653E-03,6.961972264035599E-05,1.0207669830124655E-03,21_virtual@eisoky3tmanagedsub.com,precursor012,-9.2639E+04,2026-01-03 08:37:00,9.64E+02,prod-strategy-ap71,2026-02-02 07:52:43,-1.09185611932075E+01,9.620009620010528E-04|kucoin_spot,1.4E-01,1.2426543467363533E+00,5.6E+01,0E+00,7E+00,1.4841E-04 | 0E+00
fr-ARKM-USDT-loong_kc_bnfutures_mode_0,ARKM-USDT-FTR,-1.1816637709999998E+01,0E+00,-1.1816637709999998E+01,0E+00,0E+00,-2.7962E-04 | 0E+00,-3.7418851859400004E-01,0E+00,-1.81690368204E+03,-1.3382037E+03,0E+00,0E+00,0E+00,0E+00,0E+00,-6.503722694167478E-03,0E+00,0E+00,4.62957309061598E-05,21_virtual@eisoky3tmanagedsub.com,precursor012,-1.0161E+04,2026-01-08 07:01:28,0E+00,prod-strategy-ap71,2026-01-16 22:11:40,0E+00,1.5174506828528056E-03|kucoin_spot,0E+00,1.352680515988098E+00,0E+00,0E+00,0E+00,-7.21568E-03 | 0E+00
fr-ARKM-USDT-loong_kc_bnfutures_mode_1,ARKM-USDT-FTR,-1.181663771E+01,0E+00,-1.181663771E+01,0E+00,0E+00,-2.7962E-04 | 0E+00,-3.7418851859400004E-01,0E+00,-1.81690368204E+03,-1.3382037E+03,0E+00,0E+00,0E+00,0E+00,0E+00,-6.503722694167479E-03,0E+00,0E+00,4.62957309061598E-05,21_virtual@eisoky3tmanagedsub.com,precursor012,-1.0161E+04,2026-01-16 15:23:00,0E+00,prod-strategy-ap71,2026-01-21 02:13:40,0E+00,1.5174506828528056E-03|kucoin_spot,0E+00,1.360775234930442E+00,0E+00,0E+00,0E+00,-7.21568E-03 | 0E+00
fr-MELANIA-USDT-loong_kc_bnfutures_mode_0,MELANIA-USDT-FTR,-1.230809122E+01,0E+00,-1.230809122E+01,0E+00,0E+00,5E-05 | 0E+00,7.904994984113001E-02,0E+00,-3.8121841887999995E+04,-1.5809989968226E+03,0E+00,0E+00,0E+00,0E+00,0E+00,-3.2286192404240425E-04,0E+00,0E+00,9.713660394547894E-04,21_virtual@eisoky3tmanagedsub.com,precursor012,-1.273322E+04,2026-01-11 19:48:35,0E+00,prod-strategy-ap71,2026-01-23 19:29:52,0E+00,2.1686746987952255E-03|kucoin_spot,0E+00,1.61290499186337E+00,0E+00,0E+00,0E+00,-1.1997799999999997E-03 | 0E+00
fr-AR-USDT-loong_kc_bnfutures_mode_0,AR-USDT-FTR,-1.2408038909999998E+01,0E+00,-1.2408038909999998E+01,0E+00,0E+00,7.55E-06 | 0E+00,7.522755843898253E-01,0E+00,-1.03238499857199E+05,-9.9639150250308E+04,0E+00,0E+00,0E+00,0E+00,0E+00,-1.2018809772674902E-04,0E+00,0E+00,2.6305752229959316E-03,21_virtual@eisoky3tmanagedsub.com,precursor012,-3.9666700000000004E+04,2025-11-16 18:11:34,0E+00,prod-strategy-ap71,2026-01-19 18:11:12,0E+00,7.968127490041166E-04|kucoin_spot,0E+00,1.3307977705630893E+00,0E+00,0E+00,0E+00,1.3829999999999995E-05 | 0E+00
fr-XRP-USDT-loong_kc_bnfutures_mode_1,XRP-USDT-FTR,-1.2970149388420772E+01,-2.0524820284207737E+00,-1.091766736E+01,1.7010186254215895E+00,-3.3251447547227144E+01,2.159E-05 | 0E+00,2.023053168991869E-02,2.5870190330326695E+04,-1.995917924E+04,-9.37032500691E+02,1.2961550181622947E+00,-4.993536176876965E+02,0E+00,-5.013550044591799E-04,-7.93377243156469E-05,-5.469998154092432E-04,-1.285319014767652E-03,6.575207231573965E-05,5.08571147902219E-04,21_virtual@eisoky3tmanagedsub.com,precursor012,-5.859E+02,2026-01-17 21:31:40,9.83E+02,prod-strategy-ap71,2026-02-01 05:15:48,-6.796011929453522E+00,5.747485475104952E-04|kucoin_spot,4.673913043478261E-01,1.0893928835307762E+00,0E+00,0E+00,4.3E+01,-7.269500000000001E-04 | 0E+00
fr-SOL-USDT-loong_kc_bnfutures_mode_2,SOL-USDT-FTR,-1.324034062489619E+01,-7.8413732148961905E+00,-5.398967409999999E+00,1.1163559635169804E+00,-2.349400048563257E+01,-8.964E-05 | 0E+00,-1.5735454181617103E-01,1.6004283676147461E+04,-1.01186387710485E+04,-1.755405419636E+03,1.5816637038115244E+00,-1.4764250993728636E+00,0E+00,-8.272997962807539E-04,-4.899546504904092E-04,-5.335665727535953E-04,-1.4679820078825313E-03,6.975357261261123E-05,2.5782862477064634E-04,21_virtual@eisoky3tmanagedsub.com,precursor012,-1.72E+01,2026-01-30 01:45:19,6.19E+02,prod-strategy-ap71,2026-01-31 21:02:43,-8.382744103302757E+00,6.864764146319313E-04|kucoin_spot,6E-01,1.2445589066905458E+00,0E+00,0E+00,6E+00,-9.696799999999999E-04 | 0E+00
fr-PENGU-USDT-loong_kc_bnfutures_mode_1,PENGU-USDT-FTR,-1.3508684383378885E+01,-2.0974629513378886E+01,7.4659451300000015E+00,1.0632561607010075E+01,-9.871039510186529E+01,4.604E-05 | 0E+00,8.88373675112608E-02,1.546955886270157E+05,-1.5857212397391003E+05,-1.92956923352E+03,9.755534879035099E-01,-8.443121560000001E+02,0E+00,-8.732430254329668E-05,-1.3558647469870982E-04,4.708233038001293E-05,-6.380944406880567E-04,6.873215779052426E-05,4.040507184437931E-03,21_virtual@eisoky3tmanagedsub.com,precursor012,-2.51806E+05,2026-01-03 10:55:23,1.133E+03,prod-strategy-ap71,2026-02-01 00:11:17,-1.612657927716003E+01,1.0411244143675447E-03|kucoin_spot,7.203252032520325E-01,1.3667894143555714E+00,0E+00,0E+00,4.43E+02,1.7638000000000002E-04 | 0E+00
fr-AAVE-USDT-loong_kc_bnfutures_mode_0,AAVE-USDT-FTR,-1.3732551032042942E+01,-1.201781311204294E+01,-1.7147379200000001E+00,4.007742516315602E+00,-5.4161617360427E+01,5.04E-05 | 0E+00,1.086202785740184E-01,5.771023870859016E+04,-3.3452015E+04,-2.155164257421E+03,1.7251647982517693E+00,-7.06572214816242E+01,0E+00,-2.3795692652366128E-04,-2.0824403747014985E-04,-5.125963024947825E-05,-9.385096747549071E-04,6.944595284994117E-05,8.523762156560626E-04,21_virtual@eisoky3tmanagedsub.com,precursor012,-1.71E+01,2026-01-05 09:00:33,1.121E+03,prod-strategy-ap71,2026-02-01 03:52:25,-1.7863099236131738E+01,8.862863021286138E-04|kucoin_spot,7.181818181818181E-01,1.1540567750331865E+00,1E+00,1E+00,2.37E+02,-9.436999999999998E-05 | 0E+00
fr-2Z-USDT-loong_kc_bnfutures_mode_0,2Z-USDT-FTR,-1.3773312307394738E+01,5.7072012605260125E-02,-1.3830384319999999E+01,3.441770188510418E-01,-1.1845230139791965E+01,-1.4726E-04 | 0E+00,-2.39494703229E-01,4.9176746253967285E+03,-1.9714499999999996E+03,-1.62633915E+03,2.4944455225325166E+00,1.1860552001953126E-01,0E+00,-2.8007774723980625E-03,1.1605487746285348E-05,-7.015336082578813E-03,-2.4087055452222733E-03,6.998775743998631E-05,5.02336582820241E-05,21_virtual@eisoky3tmanagedsub.com,precursor012,-1.5E+04,2025-11-16 07:11:36,5E+00,prod-strategy-ap71,2026-01-26 18:03:44,-2.8884767838604936E-01,3.7680360261005408E-03|kucoin_spot,2.5E-01,1.4770207843714582E+00,0E+00,0E+00,3E+00,-7.644610000000001E-03 | 0E+00
fr-TRB-USDT-loong_kc_bnfutures_mode_5,TRB-USDT-FTR,-1.4352170159395289E+01,-1.971799763939529E+01,5.36582748E+00,1.2309465800353792E+00,-3.248310002149083E+01,5E-05 | 0E+00,8.907177748567998E-01,1.765479597079754E+04,-1.6370360661619998E+04,-1.7814355497135995E+04,1.078461026957633E+00,3.34917535379678E+00,0E+00,-8.129332212694465E-04,-1.1168635237705637E-03,3.2777698615889885E-04,-1.8399023174904146E-03,6.972307026778811E-05,4.1712602573197854E-04,21_virtual@eisoky3tmanagedsub.com,precursor012,-1.1066E+03,2026-01-28 09:46:33,1.22E+03,prod-strategy-ap71,2026-02-02 07:52:40,-9.045373275623906E+00,2.471118799036276E-03|kucoin_spot,2.3076923076923078E-01,1.2566229350121736E+00,4.3E+01,0E+00,1.5E+01,8.742400000000002E-04 | 0E+00
fr-ORDI-USDT-loong_kc_bnfutures_mode_0,ORDI-USDT-FTR,-1.5469989339999998E+01,0E+00,-1.5469989339999998E+01,0E+00,0E+00,-1.1647E-04 | 0E+00,-2.2675130185627265E-01,0E+00,-1.11634008E+04,-1.9468644445460002E+03,0E+00,0E+00,0E+00,0E+00,0E+00,-1.3857774720405988E-03,0E+00,0E+00,2.844497507177329E-04,21_virtual@eisoky3tmanagedsub.com,precursor012,-6.229E+02,2026-01-03 08:25:57,0E+00,prod-strategy-ap71,2026-01-11 10:46:20,0E+00,1.9150973507819913E-03|kucoin_spot,0E+00,1.4112824981864884E+00,0E+00,0E+00,0E+00,-3.7304000000000005E-04 | 0E+00
fr-ORDI-USDT-loong_kc_bnfutures_mode_1,ORDI-USDT-FTR,-1.5469989339999998E+01,0E+00,-1.5469989339999998E+01,0E+00,0E+00,-1.1647E-04 | 0E+00,-2.2675130185627265E-01,0E+00,-1.11634008E+04,-1.9468644445460002E+03,0E+00,0E+00,0E+00,0E+00,0E+00,-1.3857774720405988E-03,0E+00,0E+00,2.844497507177329E-04,21_virtual@eisoky3tmanagedsub.com,precursor012,-6.229E+02,2026-01-11 08:00:02,0E+00,prod-strategy-ap71,2026-01-13 22:45:32,0E+00,1.9150973507819913E-03|kucoin_spot,0E+00,1.4023035849788181E+00,0E+00,0E+00,0E+00,-3.7304000000000005E-04 | 0E+00
fr-SHELL-USDT-loong_kc_bnfutures_mode_0,SHELL-USDT-FTR,-1.5648012640000001E+01,0E+00,-1.5648012640000001E+01,0E+00,0E+00,5E-05 | 0E+00,1.0919809083300001E-01,0E+00,-2.7556012437500003E+03,-2.1839618166600003E+03,0E+00,0E+00,0E+00,0E+00,0E+00,-5.67862011076217E-03,0E+00,0E+00,7.021427438690209E-05,21_virtual@eisoky3tmanagedsub.com,precursor012,-5.8578E+04,2026-01-21 06:10:45,0E+00,prod-strategy-ap71,2026-02-01 02:44:02,0E+00,1.3365410318098014E-03|kucoin_spot,0E+00,1.276346251785414E+00,0E+00,0E+00,0E+00,-5.686979999999999E-03 | 0E+00
fr-OP-USDT-loong_kc_bnfutures_mode_1,OP-USDT-FTR,-1.6044537107759847E+01,8.529867022401527E-01,-1.689752381E+01,2.857888431637548E+00,-2.8277372234268114E+01,1.804E-05 | 0E+00,3.166160370324204E-02,4.023138546860218E+04,-2.3134075800000002E+04,-1.755077810601E+03,1.7390530668444588E+00,6.341309231185913E+00,0E+00,-3.9880647710433686E-04,2.1202021563633445E-05,-7.304170677092705E-04,-7.028684671159698E-04,7.103629165015787E-05,5.894693035114477E-04,21_virtual@eisoky3tmanagedsub.com,precursor012,-7.572900000000001E+03,2026-01-17 02:13:07,7.84E+02,prod-strategy-ap71,2026-01-29 23:52:19,2.9732749900287283E+00,1.290877796901846E-03|kucoin_spot,6.40625E-01,1.2803982748299452E+00,0E+00,0E+00,8.2E+01,-4.9045E-04 | 0E+00
fr-OP-USDT-loong_kc_bnfutures_mode_0,OP-USDT-FTR,-1.6897523810000003E+01,0E+00,-1.6897523810000003E+01,0E+00,0E+00,1.804E-05 | 0E+00,3.166160370324204E-02,0E+00,-2.3134075800000002E+04,-1.755077810601E+03,0E+00,0E+00,0E+00,0E+00,0E+00,-7.304170677092707E-04,0E+00,0E+00,5.894693035114477E-04,21_virtual@eisoky3tmanagedsub.com,precursor012,-7.572900000000001E+03,2025-12-05 18:42:28,0E+00,prod-strategy-ap71,2026-01-17 06:11:48,0E+00,1.290877796901846E-03|kucoin_spot,0E+00,1.2803982748299452E+00,0E+00,0E+00,0E+00,-4.9045E-04 | 0E+00
fr-ENA-USDT-loong_kc_bnfutures_mode_1,ENA-USDT-FTR,-1.7302436192740792E+01,-2.9391643252740792E+01,1.208920706E+01,2.067413723503705E+00,-5.499930016696453E+01,2.085E-05 | 0E+00,5.9269425138E-01,2.8967505885362625E+04,-2.81153222E+04,-2.84265828E+04,1.0303102941271869E+00,-2.2052828739252092E+02,0E+00,-5.973050031029344E-04,-1.014641832439999E-03,4.299864313843787E-04,-1.898655009672609E-03,7.137009764269612E-05,7.163942721772331E-04,21_virtual@eisoky3tmanagedsub.com,precursor012,-2.05098E+05,2026-01-27 19:16:45,1.335E+03,prod-strategy-ap71,2026-02-02 07:52:39,-3.003951661363821E+01,7.225433526012459E-04|kucoin_spot,1.4285714285714285E-01,1.3092943364440417E+00,5E+01,0E+00,1E+01,1.4431499999999994E-03 | 0E+00
fr-MELANIA-USDT-loong_kc_bnfutures_mode_2,MELANIA-USDT-FTR,-1.7483325720857934E+01,-2.7116196808579325E+00,-1.4771706040000002E+01,6.2421423635896645E+00,-1.6362133108457783E+02,5E-05 | 0E+00,7.904994984113001E-02,8.709388230520487E+04,-3.8121841887999995E+04,-1.5809989968226E+03,2.284618947874612E+00,2.4423725612106324E+01,0E+00,-2.0074114573961416E-04,-3.1134444912623694E-05,-3.874866823958431E-04,-1.8786776608625193E-03,7.167142167018342E-05,9.713660394547894E-04,21_virtual@eisoky3tmanagedsub.com,precursor012,-1.273322E+04,2026-01-27 17:45:40,6.86E+02,prod-strategy-ap71,2026-01-31 15:51:59,-1.913328428502131E+01,2.1686746987952255E-03|kucoin_spot,6.263157894736842E-01,1.576411265739369E+00,0E+00,0E+00,2.38E+02,-1.1997799999999997E-03 | 0E+00
fr-YGG-USDT-loong_kc_bnfutures_mode_1,YGG-USDT-FTR,-1.779601574280397E+01,-1.2498436652803969E+01,-5.29757909E+00,1.3363188294752035E+00,-4.474408002570272E+01,-3.1368E-04 | 0E+00,-5.363560693518143E-01,1.2529251027792692E+04,-5.566797093E+03,-1.70988290408E+03,2.2507109237999114E+00,-4.931012548458862E+02,0E+00,-1.4203575060734604E-03,-9.975406051869844E-04,-9.51638617592416E-04,-3.5711695716248567E-03,1.0665592272921568E-04,1.4184513068813675E-04,21_virtual@eisoky3tmanagedsub.com,precursor012,-3.6478E+04,2026-01-27 16:07:48,1.052E+03,prod-strategy-ap71,2026-01-31 03:45:29,-1.0021745804977536E+01,1.710498182595721E-03|kucoin_spot,4.576271186440678E-01,1.5434691594298573E+00,0E+00,0E+00,2.7E+01,-3.8531300000000006E-03 | 0E+00
fr-INJ-USDT-loong_kc_bnfutures_mode_1,INJ-USDT-FTR,-1.803033327084882E+01,-1.1452878060848823E+01,-6.57745521E+00,4.882758431805996E+00,-2.420889195916243E+01,-2.1307E-04 | 0E+00,-3.372549939224365E-01,6.973699773657322E+04,-7.0903546879432E+04,-1.5828365979369999E+03,9.83547379585362E-01,-1.8582780205607414E+00,0E+00,-2.585475982054344E-04,-1.6422958304157707E-04,-9.276623666210436E-05,-3.4714560054061803E-04,7.00167571057516E-05,1.8066623779070552E-03,21_virtual@eisoky3tmanagedsub.com,precursor012,-4.393E+02,2026-01-04 18:31:23,7.8E+02,prod-strategy-ap71,2026-01-27 09:40:14,-6.948432372784493E+00,1.3827433628317287E-03|kucoin_spot,4.063926940639269E-01,1.2224937697949632E+00,0E+00,0E+00,8.9E+01,-8.244499999999999E-04 | 0E+00
fr-HYPE-USDT-loong_kc_bnfutures_mode_4,HYPE-USDT-FTR,-1.975612593196545E+01,-2.079927262196545E+01,1.04314669E+00,3.345914304289181E+00,-3.78974597932538E+01,5E-05 | 0E+00,2.05184294939898E+00,2.4031302551195025E+04,-2.7896476475463198E+04,-4.10368589879796E+04,8.61445802029233E-01,8.929240336932242E+00,0E+00,-8.220996714546802E-04,-8.655075012124611E-04,3.739349272003999E-05,-1.577003981058415E-03,1.3923150013034962E-04,7.10817959644395E-04,21_virtual@eisoky3tmanagedsub.com,precursor012,-1.31429E+03,2026-02-01 08:29:51,1.39E+02,prod-strategy-ap71,2026-02-02 07:52:31,-1.9764840691349426E+00,5.766273705791747E-04|kucoin_spot,5.522388059701493E-01,1.7747994286945803E+00,1E+00,0E+00,3.7E+01,1.8331000000000025E-04 | 0E+00
fr-CLANKER-USDT-loong_kc_bnfutures_mode_4,CLANKER-USDT-FTR,-2.015434992E+01,0E+00,-2.015434992E+01,0E+00,0E+00,2.5E-05 | 0E+00,4.351959166423751E-02,0E+00,-1.1459599309999999E+05,-1.7407836665695002E+03,0E+00,0E+00,0E+00,0E+00,0E+00,-1.7587307701424337E-04,0E+00,0E+00,2.919970558662199E-03,21_virtual@eisoky3tmanagedsub.com,precursor012,-4.865E+01,2026-01-13 09:05:34,0E+00,prod-strategy-ap71,2026-01-28 15:53:32,0E+00,1.4345991561182103E-03|kucoin_spot,0E+00,5.356026597985621E+00,0E+00,0E+00,0E+00,-3.540790000000002E-03 | 0E+00
fr-CLANKER-USDT-loong_kc_bnfutures_mode_1,CLANKER-USDT-FTR,-2.015434992E+01,0E+00,-2.015434992E+01,0E+00,0E+00,2.5E-05 | 0E+00,4.351959166423751E-02,0E+00,-1.1459599309999999E+05,-1.7407836665695002E+03,0E+00,0E+00,0E+00,0E+00,0E+00,-1.7587307701424337E-04,0E+00,0E+00,2.919970558662199E-03,21_virtual@eisoky3tmanagedsub.com,precursor012,-4.865E+01,2026-01-10 19:29:37,0E+00,prod-strategy-ap71,2026-01-11 22:46:28,0E+00,1.4345991561182103E-03|kucoin_spot,0E+00,5.2612009320137245E+00,0E+00,0E+00,0E+00,-3.540790000000002E-03 | 0E+00
fr-CLANKER-USDT-loong_kc_bnfutures_mode_0,CLANKER-USDT-FTR,-2.015434992E+01,0E+00,-2.015434992E+01,0E+00,0E+00,2.5E-05 | 0E+00,4.351959166423751E-02,0E+00,-1.1459599309999999E+05,-1.7407836665695002E+03,0E+00,0E+00,0E+00,0E+00,0E+00,-1.7587307701424337E-04,0E+00,0E+00,2.919970558662199E-03,21_virtual@eisoky3tmanagedsub.com,precursor012,-4.865E+01,2026-01-06 12:01:01,0E+00,prod-strategy-ap71,2026-01-09 03:12:28,0E+00,1.4345991561182103E-03|kucoin_spot,0E+00,5.1843054341927095E+00,0E+00,0E+00,0E+00,-3.540790000000002E-03 | 0E+00
fr-CLANKER-USDT-loong_kc_bnfutures_mode_3,CLANKER-USDT-FTR,-2.015434992E+01,0E+00,-2.015434992E+01,0E+00,0E+00,2.5E-05 | 0E+00,4.351959166423751E-02,0E+00,-1.1459599309999999E+05,-1.7407836665695002E+03,0E+00,0E+00,0E+00,0E+00,0E+00,-1.7587307701424337E-04,0E+00,0E+00,2.919970558662199E-03,21_virtual@eisoky3tmanagedsub.com,precursor012,-4.865E+01,2026-01-12 20:48:58,0E+00,prod-strategy-ap71,2026-01-13 14:45:19,0E+00,1.4345991561182103E-03|kucoin_spot,0E+00,5.356026597985621E+00,0E+00,0E+00,0E+00,-3.540790000000002E-03 | 0E+00
fr-CLANKER-USDT-loong_kc_bnfutures_mode_2,CLANKER-USDT-FTR,-2.015434992E+01,0E+00,-2.015434992E+01,0E+00,0E+00,2.5E-05 | 0E+00,4.351959166423751E-02,0E+00,-1.1459599309999999E+05,-1.7407836665695002E+03,0E+00,0E+00,0E+00,0E+00,0E+00,-1.7587307701424337E-04,0E+00,0E+00,2.919970558662199E-03,21_virtual@eisoky3tmanagedsub.com,precursor012,-4.865E+01,1970-01-01 00:00:00,0E+00,prod-strategy-ap71,2026-01-12 14:45:52,0E+00,1.4345991561182103E-03|kucoin_spot,0E+00,5.356026597985621E+00,0E+00,0E+00,0E+00,-3.540790000000002E-03 | 0E+00
fr-SPX-USDT-loong_kc_bnfutures_mode_5,SPX-USDT-FTR,-2.0538865991173207E+01,-1.5525265801173207E+01,-5.013600189999999E+00,3.2896188257400354E+00,-6.46798750674352E+01,-1.2654E-04 | 0E+00,-2.1105868842128697E-01,4.713302312088013E+04,-2.3580318069E+04,-1.66792072405E+03,1.9988289802945374E+00,2.586182049970627E+01,0E+00,-4.357638154993373E-04,-3.293925314605048E-04,-2.1261800520796015E-04,-1.372283608915842E-03,6.97943524077224E-05,6.008398082931774E-04,21_virtual@eisoky3tmanagedsub.com,precursor012,-5.635E+03,2026-01-25 14:25:25,1.365E+03,prod-strategy-ap71,2026-01-31 22:18:41,-1.4430530783887088E+01,1.687478906513773E-03|kucoin_spot,5.208333333333334E-01,1.5976464493709168E+00,0E+00,0E+00,1E+02,-7.4788E-04 | 0E+00
fr-PNUT-USDT-loong_kc_bnfutures_mode_3,PNUT-USDT-FTR,-2.0543022268162495E+01,-1.3272399998162497E+01,-7.27062227E+00,3.856451131410722E+00,-7.208050177362745E+01,-2.097E-05 | 0E+00,-6.2258086335424505E-02,5.5698929153487086E+04,-6.2630705012039994E+04,-2.96891208085E+03,8.893230427915452E-01,-9.990702093027592E+02,0E+00,-3.688225712841443E-04,-2.3828824359600035E-04,-1.1608718548836885E-04,-1.2941092920296256E-03,6.923743759567926E-05,1.595865699630765E-03,21_virtual@eisoky3tmanagedsub.com,precursor012,-5.191099999999999E+04,2026-01-03 22:33:19,8.5E+02,prod-strategy-ap71,2026-01-31 15:52:00,-6.4613304828346E+00,2.6200873362445254E-03|kucoin_spot,6.521739130434783E-01,1.3839228988137706E+00,0E+00,1E+00,1.8E+02,-9.728999999999984E-05 | 0E+00
fr-1INCH-USDT-loong_kc_bnfutures_mode_0,1INCH-USDT-FTR,-2.0780804274520754E+01,-1.5245710374520753E+01,-5.535093900000001E+00,3.3875132258981466E-01,-2.3808600528165698E+01,-5.1116E-04 | 0E+00,-1.03258255932E+00,4.921652616977692E+03,-2.0585879999999997E+03,-2.020077E+03,2.3907904918214293E+00,-7.254504432678222E+00,0E+00,-4.222322437555927E-03,-3.0976811166902106E-03,-2.6887817766352478E-03,-4.837521536167699E-03,6.882877540386758E-05,5.2453983684838785E-05,21_virtual@eisoky3tmanagedsub.com,precursor012,-1.7505E+04,2025-12-02 18:40:57,8E+00,prod-strategy-ap71,2026-01-28 20:01:29,-4.065531048998984E+00,1.9861830742660125E-03|kucoin_spot,6.111111111111112E-01,1.6837316901586314E+00,0E+00,0E+00,1.1E+01,-3.5170099999999997E-03 | 0E+00
fr-SPK-USDT-loong_kc_bnfutures_mode_2,SPK-USDT-FTR,-2.0863369980437877E+01,-2.3627055160437877E+01,2.76368518E+00,9.195174491105718E-01,-4.7705090602859855E+01,-3.708E-05 | 0E+00,-7.639130086559999E-02,9.631976686164737E+03,-2.6375778600000003E+03,-2.06017532E+03,3.65182648529084E+00,-1.5934653956352232E+01,0E+00,-2.1660527906390997E-03,-2.4529809332258365E-03,1.047811790473552E-03,-4.95278302234503E-03,9.546508251326608E-05,6.720697198076159E-05,21_virtual@eisoky3tmanagedsub.com,precursor012,-9.8762E+04,2025-12-17 17:06:48,1.077E+03,prod-strategy-ap71,2026-02-02 07:52:33,-2.1399185028060977E+01,3.3476805356287276E-03|kucoin_spot,3.7037037037037035E-01,1.379205863894147E+00,5.2E+01,0E+00,3E+01,1.282439999999999E-03 | 0E+00
fr-W-USDT-loong_kc_bnfutures_mode_0,W-USDT-FTR,-2.1647851972663467E+01,-7.125046672663464E+00,-1.4522805300000002E+01,9.539342476055026E-01,-3.836261382699013E+01,5E-05 | 0E+00,1.4532987374675E-01,1.365698941040039E+04,-5.1599784319725004E+04,-2.906597474935E+03,2.6467144369787116E-01,3.8137343750000004E-02,0E+00,-1.5851115734319666E-03,-5.217143001690717E-04,-2.814508915388699E-04,-2.809009560904787E-03,6.984952678362921E-05,1.3147916168014463E-03,21_virtual@eisoky3tmanagedsub.com,precursor012,-1.243669E+05,2026-01-03 06:45:04,1.311E+03,prod-strategy-ap71,2026-02-01 07:52:28,-5.544385038155891E+00,5.1325919589391145E-03|kucoin_spot,2.857142857142857E-01,1.3545066555639684E+00,5E+00,1E+00,1E+01,-5.2290000000000016E-05 | 0E+00
fr-ORDI-USDT-loong_kc_bnfutures_mode_3,ORDI-USDT-FTR,-2.3529753290712534E+01,-1.9666981680712535E+01,-3.86277161E+00,1.1656397146143718E+00,-3.748426120728254E+01,-1.1647E-04 | 0E+00,-2.2675130185627265E-01,1.6673510793209076E+04,-1.11634008E+04,-1.9468644445460002E+03,1.4935870432251324E+00,9.429121498018501E+00,0E+00,-1.4112056892238872E-03,-1.179534527828576E-03,-3.46021044948955E-04,-2.248132482245397E-03,6.990967463727694E-05,2.844497507177329E-04,21_virtual@eisoky3tmanagedsub.com,precursor012,-6.229E+02,2026-01-28 10:28:51,6.84E+02,prod-strategy-ap71,2026-02-02 02:20:13,-1.4571690327105685E+01,1.9150973507819913E-03|kucoin_spot,2.8169014084507044E-01,1.5883504292539197E+00,9.65E+02,1E+00,2E+01,-3.7304000000000005E-04 | 0E+00
fr-CYS-USDT-loong_kc_bnfutures_mode_0,CYS-USDT-FTR,-2.3944487162607174E+01,-1.0810427636326071E+03,1.05709827647E+03,3.853768043152377E+01,-2.2014628691064354E+03,3.8156E-04 | 0E+00,1.1404597518044001E+02,4.9464548912373185E+05,-2.82469201E+05,-2.98893949E+05,1.7511483990912406E+00,9.96411142594576E+00,0E+00,-4.8407369902483114E-05,-2.18548998707677E-03,3.7423488037904703E-03,-4.450587173060737E-03,7.79096975083985E-05,7.197474609160964E-03,21_virtual@eisoky3tmanagedsub.com,precursor012,-8.53495E+05,2026-01-02 17:55:27,1.91E+02,prod-strategy-ap71,2026-02-02 07:52:30,-5.0268133430876287E+02,1.7796030116357109E-03|binance_futures,4.8519579751671443E-01,3.9074343807670022E+00,4.47E+02,2E+00,1.016E+03,3.990590000000002E-03 | 0E+00
fr-TIA-USDT-loong_kc_bnfutures_mode_2,TIA-USDT-FTR,-2.6288535714543812E+01,-2.833757882454381E+01,2.04904311E+00,1.6894595461490098E+00,-4.446899988129735E+01,-2.591E-05 | 0E+00,-6.299504560666983E-01,2.423215153312683E+04,-2.4565962199999998E+04,-2.4313024163129998E+04,9.864116591829174E-01,8.376632694387435E+00,0E+00,-1.0848618076115023E-03,-1.169420667653246E-03,8.340984543239263E-05,-1.8351238774858894E-03,6.971974997100094E-05,6.259545768464435E-04,21_virtual@eisoky3tmanagedsub.com,precursor012,-6.6279E+04,2026-01-27 20:31:12,1.092E+03,prod-strategy-ap71,2026-02-02 07:52:44,-2.3009836533563128E+01,1.0869565217390686E-03|kucoin_spot,1.111111111111111E-01,1.3716140112987207E+00,5.2E+01,0E+00,6E+00,5.266800000000002E-04 | 0E+00
fr-BARD-USDT-loong_kc_bnfutures_mode_14,BARD-USDT-FTR,-2.7376548906370836E+01,-3.700760632637083E+01,9.63105742E+00,1.5963073338498361E+00,-1.9004676332930103E+01,5E-05 | 0E+00,1.71920497389E-01,2.016001781105995E+04,-1.3680818000000001E+04,-3.43840994778E+03,1.4735973982739885E+00,1.4224915978479384E+01,0E+00,-1.357962535695372E-03,-1.8356931364449567E-03,7.039825703404576E-04,-9.426914455652901E-04,7.918184144530312E-05,3.4859496128766365E-04,21_virtual@eisoky3tmanagedsub.com,precursor012,-5.185999999999999E+03,2026-01-28 08:08:42,4.4E+02,prod-strategy-ap71,2026-02-01 23:52:31,-1.859668430661845E+00,2.558314522197236E-03|kucoin_spot,2.6126126126126126E-01,1.5013302531017576E+00,0E+00,0E+00,2.9E+01,2.149999999999999E-03 | 0E+00
fr-SSV-USDT-loong_kc_bnfutures_mode_2,SSV-USDT-FTR,-2.9083022751197863E+01,-3.367910030119786E+01,4.59607755E+00,2.616697230146201E+00,-1.1492070130631328E+02,-9.403E-05 | 0E+00,-3.5592163302683755E-01,3.4784651347326115E+04,-1.301082502E+04,-3.7851923112500003E+03,2.673516190853062E+00,1.1606521004501724E+00,0E+00,-8.360878038075683E-04,-9.682172739036743E-04,3.5325027759077496E-04,-3.303776144220206E-03,7.522562764876888E-05,3.315231621506452E-04,21_virtual@eisoky3tmanagedsub.com,precursor012,-9.7244E+02,2026-01-28 12:27:45,8.93E+02,prod-strategy-ap71,2026-02-02 03:52:29,-1.8154611679302437E+01,2.8328611898016387E-03|kucoin_spot,4E-01,1.2402394946860948E+00,7.9E+01,1E+00,5.2E+01,6.834900000000002E-04 | 0E+00
fr-ADA-USDT-loong_kc_bnfutures_mode_2,ADA-USDT-FTR,-3.318708379877798E+01,-3.655443697877797E+01,3.3673531799999967E+00,2.362737062969245E+00,-5.915119992941607E+01,-5.448E-05 | 0E+00,-2.1347879039999998E-01,3.3881768434882164E+04,-6.577040837724E+04,-3.9184799999999996E+03,5.151521675302084E-01,8.87185099871826E+00,0E+00,-9.794968011354157E-04,-1.0788822032425033E-03,5.1198605316327587E-05,-1.7458120594590445E-03,6.973476214826927E-05,1.675867112780669E-03,21_virtual@eisoky3tmanagedsub.com,precursor012,-1.3512E+04,2026-01-05 04:29:07,1E+03,prod-strategy-ap71,2026-02-02 07:52:28,-1.8392861355226714E+01,1.0323468685478066E-03|kucoin_spot,1.4864864864864866E-01,1.2016743719250622E+00,1.87E+02,4E+00,1.1E+01,4.6967000000000005E-04 | 0E+00
fr-ETC-USDT-loong_kc_bnfutures_mode_7,ETC-USDT-FTR,-3.392532169363217E+01,-3.421844975363217E+01,2.9312806000000013E-01,1.4554649788319836E+00,-4.718635014584288E+01,6.605E-05 | 0E+00,1.5764746429100138E+00,2.0552337726780053E+04,-2.356000416E+04,-2.3867897697350698E+04,8.723401569543718E-01,2.7500105527278755E+01,0E+00,-1.6506794577157461E-03,-1.6649419744132045E-03,1.2441766054425015E-05,-2.2959115781927934E-03,7.081749035952672E-05,6.003221984308537E-04,21_virtual@eisoky3tmanagedsub.com,precursor012,-2.47443E+03,2026-01-29 18:18:35,9.98E+02,prod-strategy-ap71,2026-02-02 07:52:44,-2.979595419688261E+01,8.707370166891604E-04|kucoin_spot,2.037037037037037E-01,1.0527425348028543E+00,3.7E+01,0E+00,1.1E+01,1.5654E-04 | 0E+00
fr-EUL-USDT-loong_kc_bnfutures_mode_1,EUL-USDT-FTR,-3.404708966478061E+01,-4.7305365624780606E+01,1.325827596E+01,1.2445251923054457E+00,-5.951540591754019E+01,5E-05 | 0E+00,7.301801850000001E-01,1.791398821376264E+04,-1.4952683986029999E+04,-1.4603603700000001E+04,1.1980449951660406E+00,5.7043177892863755E+00,0E+00,-1.9005868072763112E-03,-2.6406942474394217E-03,8.866820145725644E-04,-3.3222867631350094E-03,6.947225695667947E-05,3.810028241920034E-04,21_virtual@eisoky3tmanagedsub.com,precursor012,-1.04237E+04,2026-01-28 11:45:33,7.78E+02,prod-strategy-ap71,2026-02-02 07:52:37,-2.568748485023167E+01,1.4194464158978626E-03|kucoin_spot,2.222222222222222E-01,1.251611017268495E+00,2.6E+01,0E+00,1.4E+01,2.149999999999999E-03 | 0E+00
fr-AR-USDT-loong_kc_bnfutures_mode_1,AR-USDT-FTR,-3.449103522363984E+01,-2.208299631363984E+01,-1.2408038909999998E+01,5.831865882887293E+00,-7.767417424981252E+01,7.55E-06 | 0E+00,7.522755843898253E-01,8.256372573667207E+04,-1.03238499857199E+05,-9.9639150250308E+04,7.997377514287347E-01,1.2341434220969876E+02,0E+00,-4.177504699054547E-04,-2.674660829148036E-04,-1.2018809772674902E-04,-9.407784539368508E-04,7.063472282594644E-05,2.6305752229959316E-03,21_virtual@eisoky3tmanagedsub.com,precursor012,-3.9666700000000004E+04,2026-01-19 13:54:18,1.004E+03,prod-strategy-ap71,2026-02-01 19:52:32,-1.8416531460597902E+01,7.968127490041166E-04|kucoin_spot,5.197628458498024E-01,1.3628473829200185E+00,0E+00,2E+00,2.63E+02,1.3829999999999995E-05 | 0E+00
fr-ETHFI-USDT-loong_kc_bnfutures_mode_2,ETHFI-USDT-FTR,-4.341076518946032E+01,1.4007836340539683E+01,-5.7418601530000004E+01,3.0639601580260205E+01,-1.238141801851452E+02,-1.754E-05 | 0E+00,-3.463129023830851E-02,1.508168882665038E+05,-9.0201158800179E+04,-1.9744179155250001E+03,1.672006105826265E+00,7.783809343106866E+02,0E+00,-2.8783756042460255E-04,9.287975969764655E-05,-6.365616838382132E-04,-8.209570002953319E-04,2.0315762997389207E-04,2.2983764172618036E-03,21_virtual@eisoky3tmanagedsub.com,precursor012,-3.9985E+03,2026-01-23 05:52:38,1.283E+03,prod-strategy-ap71,2026-02-02 00:31:08,4.594246172390256E+00,1.215312943082747E-03|kucoin_spot,5.806451612903226E-01,1.3794708158124607E+00,0E+00,9E+00,3.06E+02,-1.507000000000005E-05 | 0E+00
fr-DYDX-USDT-loong_kc_bnfutures_mode_2,DYDX-USDT-FTR,-4.373017026050999E+01,-5.5007705700509995E+01,1.127753544E+01,6.464267909759656E-01,-6.0673199459910414E+01,1E-04 | 0E+00,1.2966636045595001E+00,9.401984407424927E+03,-1.312062128718E+04,-1.2966636045595002E+04,7.165807320886163E-01,1.1354729614257811E-01,0E+00,-4.651163878337795E-03,-5.850648471302437E-03,8.595275477556191E-04,-6.453233363373335E-03,6.875429302621157E-05,3.3432083298488494E-04,21_virtual@eisoky3tmanagedsub.com,precursor012,-9.78865E+04,2026-01-21 17:14:08,9.9E+02,prod-strategy-ap71,2026-02-02 07:52:44,-2.911341919503859E+01,1.506024096385561E-03|binance_futures,1.6666666666666666E-01,3.6610477102937162E+00,2.3E+01,0E+00,4E+00,1.0533900000000004E-03 | 0E+00
fr-SOLV-USDT-loong_kc_bnfutures_mode_6,SOLV-USDT-FTR,-4.378871883133503E+01,-9.190312574133503E+01,4.811440691E+01,2.298102622735314E+00,-1.252906694468111E+02,5E-05 | 0E+00,1.5266913121395E+00,3.3075417309165E+04,-3.3412529954440004E+04,-3.053382624279E+04,9.899105920523026E-01,1.569339379608154E+01,0E+00,-1.3239052563427957E-03,-2.778593082659889E-03,1.440010887400831E-03,-3.7880298916770977E-03,6.948068413632754E-05,8.513701144179329E-04,21_virtual@eisoky3tmanagedsub.com,precursor012,-3.269927E+06,2026-01-27 08:50:58,2.78E+02,prod-strategy-ap71,2026-01-30 03:52:28,-2.8519613115675977E+01,1.0706638115633993E-03|binance_futures,8.333333333333333E-02,1.182167401750333E+00,0E+00,0E+00,1.3E+01,2.149999999999999E-03 | 0E+00
fr-VINE-USDT-loong_kc_bnfutures_mode_11,VINE-USDT-FTR,-4.791349656158687E+01,-5.256194342158687E+01,4.64844686E+00,1.392118296495937E+00,-4.060089099570236E+00,5E-05 | 0E+00,7.2636174E-02,1.972693791321339E+04,-1.84724829E+03,-1.4527234799999999E+03,1.0679093882508555E+01,1.0724637458389998E+00,0E+00,-2.4288359791254633E-03,-2.664475533548474E-03,2.5164169241158156E-03,-2.0581446129308944E-04,7.056940629206706E-05,4.706892863725348E-05,21_virtual@eisoky3tmanagedsub.com,precursor012,-6.8139E+04,2026-01-22 05:24:24,7.34E+02,prod-strategy-ap71,2026-01-26 01:26:39,-3.354906525257251E+01,3.2771535580524702E-03|kucoin_spot,3.4482758620689655E-02,1.422086448922708E+00,0E+00,0E+00,3E+00,2.149999999999999E-03 | 0E+00
fr-GUN-USDT-loong_kc_bnfutures_mode_1,GUN-USDT-FTR,-5.677407259159169E+01,-6.255867048159169E+01,5.784597890000001E+00,3.2483142507844605E+00,-1.6617991949198768E+02,4.445E-05 | 0E+00,6.169367551399605E-01,4.670510915410519E+04,-1.06906716416E+04,-1.387934207289E+04,4.368772208133702E+00,1.0030672233314515E+01,0E+00,-1.215585909547146E-03,-1.3394395520022683E-03,5.410883510340665E-04,-3.558067254348364E-03,6.954944136981954E-05,2.724043450503234E-04,21_virtual@eisoky3tmanagedsub.com,precursor012,-4.99079E+05,2026-01-27 10:14:29,1.012E+03,prod-strategy-ap71,2026-02-02 07:52:41,-2.8046059687307693E+01,2.5116612845352826E-03|kucoin_spot,4.0298507462686567E-01,1.4551037149305133E+00,7.3E+01,0E+00,5.4E+01,1.7728799999999995E-03 | 0E+00
fr-ETHFI-USDT-loong_kc_bnfutures_mode_0,ETHFI-USDT-FTR,-5.7418601530000004E+01,0E+00,-5.7418601530000004E+01,0E+00,0E+00,-1.754E-05 | 0E+00,-3.463129023830851E-02,0E+00,-9.0201158800179E+04,-1.9744179155250001E+03,0E+00,0E+00,0E+00,0E+00,0E+00,-6.365616838382132E-04,0E+00,0E+00,2.2983764172618036E-03,21_virtual@eisoky3tmanagedsub.com,precursor012,-3.9985E+03,2026-01-03 09:18:01,0E+00,prod-strategy-ap71,2026-01-12 10:45:52,0E+00,1.215312943082747E-03|kucoin_spot,0E+00,1.4936802694905218E+00,0E+00,0E+00,0E+00,-1.507000000000005E-05 | 0E+00
fr-ETHFI-USDT-loong_kc_bnfutures_mode_1,ETHFI-USDT-FTR,-5.7418601530000004E+01,0E+00,-5.7418601530000004E+01,0E+00,0E+00,-1.754E-05 | 0E+00,-3.463129023830851E-02,0E+00,-9.0201158800179E+04,-1.9744179155250001E+03,0E+00,0E+00,0E+00,0E+00,0E+00,-6.365616838382132E-04,0E+00,0E+00,2.2983764172618036E-03,21_virtual@eisoky3tmanagedsub.com,precursor012,-3.9985E+03,2025-12-17 04:19:26,0E+00,prod-strategy-ap71,2026-01-23 11:29:35,0E+00,1.215312943082747E-03|kucoin_spot,0E+00,1.4936802694905218E+00,0E+00,0E+00,0E+00,-1.507000000000005E-05 | 0E+00
fr-ORDI-USDT-loong_kc_bnfutures_mode_2,ORDI-USDT-FTR,-6.005756432308691E+01,-4.458757498308691E+01,-1.546998934E+01,7.358244882949748E+00,-2.6498967386199954E+01,-1.1647E-04 | 0E+00,-2.2675130185627265E-01,1.0502025861854665E+05,-1.11634008E+04,-1.9468644445460002E+03,9.407550664896547E+00,-5.5750537539599465E+00,0E+00,-5.718664676043818E-04,-4.245616566708084E-04,-1.385777472040599E-03,-2.5232243506892503E-04,7.006500440716185E-05,2.844497507177329E-04,21_virtual@eisoky3tmanagedsub.com,precursor012,-6.229E+02,2026-01-13 16:26:17,3.03E+02,prod-strategy-ap71,2026-01-28 15:53:32,-2.4252310405864502E+01,1.9150973507819913E-03|kucoin_spot,2.1212121212121213E-01,1.4112824981864884E+00,0E+00,0E+00,7.7E+01,-3.7304000000000005E-04 | 0E+00
fr-DOGE-USDT-loong_kc_bnfutures_mode_0,DOGE-USDT-FTR,-6.082831956228833E+01,-2.207382581228833E+01,-3.875449375E+01,5.246327684600075E+00,-5.882683682040078E+01,3.294E-05 | 0E+00,6.50941622309664E-02,7.51028817435667E+04,-5.5047252461489996E+04,-1.97614335856E+03,1.3643347921153237E+00,4.126869666879474E+00,0E+00,-8.099332295927363E-04,-2.9391449834984755E-04,-7.040223084178798E-04,-7.832833501816976E-04,6.985521144865356E-05,1.4026350500975417E-03,21_virtual@eisoky3tmanagedsub.com,precursor012,-1.8872E+04,2026-01-03 21:26:26,1.003E+03,prod-strategy-ap71,2026-02-01 23:53:05,-1.2295912704475786E+01,5.732301519061345E-04|kucoin_spot,5.919282511210763E-01,1.2778126076337692E+00,0E+00,2.7E+01,1.32E+02,-7.2083E-04 | 0E+00
fr-CAKE-USDT-loong_kc_bnfutures_mode_17,CAKE-USDT-FTR,-6.098206314767483E+01,3.6263324823251635E+00,-6.460839562999999E+01,5.534364163644568E+00,-3.443103245575912E+01,-1.103E-05 | 0E+00,-6.333268777784379E-02,7.893048200399056E+04,-8.021503799999999E+04,-5.7418574594599995E+03,9.839860950261043E-01,5.3689391321369264E+01,0E+00,-7.726047225277517E-04,4.594337181599656E-05,-8.054399429443641E-04,-4.36219716155013E-04,7.011694370958944E-05,2.0439244251548748E-03,21_virtual@eisoky3tmanagedsub.com,precursor012,-3.754E+03,2026-01-10 21:09:00,5.03E+02,prod-strategy-ap71,2026-01-30 19:51:57,-4.724406795095392E+00,2.942137953579671E-03|kucoin_spot,4.263565891472868E-01,1.073602035578646E+00,0E+00,0E+00,1.65E+02,-1.06131E-03 | 0E+00
fr-CAKE-USDT-loong_kc_bnfutures_mode_16,CAKE-USDT-FTR,-6.460839562999999E+01,0E+00,-6.460839562999999E+01,0E+00,0E+00,-1.103E-05 | 0E+00,-6.333268777784379E-02,0E+00,-8.021503799999999E+04,-5.7418574594599995E+03,0E+00,0E+00,0E+00,0E+00,0E+00,-8.054399429443641E-04,0E+00,0E+00,2.0439244251548748E-03,21_virtual@eisoky3tmanagedsub.com,precursor012,-3.754E+03,2026-01-03 03:49:55,0E+00,prod-strategy-ap71,2026-01-10 14:46:23,0E+00,2.942137953579671E-03|kucoin_spot,0E+00,1.0626859174431287E+00,0E+00,0E+00,0E+00,-1.06131E-03 | 0E+00
fr-ZEN-USDT-loong_kc_bnfutures_mode_1,ZEN-USDT-FTR,-7.026803454675371E+01,-7.392377998675371E+01,3.6557454400000005E+00,5.324441084871069E+00,-1.34953158919001E+02,3.42E-06 | 0E+00,1.705996635189617E-01,7.091140005549788E+04,-4.6191487486925005E+04,-4.9882942549404004E+04,1.5351616480324457E+00,1.644712195299007E+01,0E+00,-9.909271921265037E-04,-1.0424808976962551E-03,7.914327160463924E-05,-1.9031235994971423E-03,7.50858265483965E-05,1.1769851621682432E-03,21_virtual@eisoky3tmanagedsub.com,precursor012,-7.0194E+03,2026-01-26 21:51:19,1.08E+03,prod-strategy-ap71,2026-02-02 07:52:45,-4.97705192422896E+01,2.107333520651844E-03|kucoin_spot,2.4347826086956523E-01,1.266596964186912E+00,5.6E+01,1E+00,5.6E+01,5.7012E-04 | 0E+00
fr-CHZ-USDT-loong_kc_bnfutures_mode_0,CHZ-USDT-FTR,-7.055652012860918E+01,-1.3004247427860918E+02,5.948595415E+01,4.761126740799227E+00,-1.7899983957898806E+02,2.45E-05 | 0E+00,2.63918155347E+00,6.394325986506045E+04,-1.0475559632E+05,-1.0772169606E+05,6.104042372087797E-01,1.9765464150363922E+01,0E+00,-1.103423883572791E-03,-2.03371668183696E-03,5.678546659052611E-04,-2.799354301872186E-03,7.445861770023361E-05,2.669231696806179E-03,21_virtual@eisoky3tmanagedsub.com,precursor012,-2.315102E+06,2026-01-10 19:17:08,9.89E+02,prod-strategy-ap71,2026-02-02 07:52:42,-7.335579876258336E+01,1.5079707022833677E-03|kucoin_spot,2.1658986175115208E-01,1.356245884786384E+00,4.2E+01,0E+00,4.7E+01,8.450000000000002E-04 | 0E+00
fr-PENDLE-USDT-loong_kc_bnfutures_mode_1,PENDLE-USDT-FTR,-1.1636371857742036E+02,-1.4354093156742036E+02,2.717721299E+01,5.815768622273936E+00,-1.9412780021876097E+02,9.75E-06 | 0E+00,1.54551133358271E+00,8.354658256595209E+04,-1.5843609180000002E+05,-1.5851398293156E+05,5.273203953516864E-01,2.4470582585319875E+01,0E+00,-1.3928004593792003E-03,-1.7180945905729708E-03,1.7153422986668243E-04,-2.3235875634472E-03,6.961108933070888E-05,4.037041007898046E-03,21_virtual@eisoky3tmanagedsub.com,precursor012,-9.9426E+04,2025-11-16 20:05:46,1.024E+03,prod-strategy-ap71,2026-02-02 03:52:29,-9.325603020444694E+01,1.4436354506652815E-03|kucoin_spot,1.3286713286713286E-01,1.4169631533164908E+00,7.8E+01,1E+00,3.8E+01,2.2365999999999998E-04 | 0E+00
fr-MELANIA-USDT-loong_kc_bnfutures_mode_1,MELANIA-USDT-FTR,-1.2290766468685962E+02,-1.1059957346685962E+02,-1.230809122E+01,2.0329043599776924E+00,-1.4327169982716441E+01,5E-05 | 0E+00,7.904994984113001E-02,2.868303574705124E+04,-3.8121841887999995E+04,-1.5809989968226E+03,7.524042471851312E-01,8.537566968002318E+00,0E+00,-4.28502986123061E-03,-3.8559228682141784E-03,-3.2286192404240425E-04,-4.994997778151619E-04,7.087479783888235E-05,9.713660394547894E-04,21_virtual@eisoky3tmanagedsub.com,precursor012,-1.273322E+04,2026-01-23 14:41:54,5.7E+01,prod-strategy-ap71,2026-01-28 00:50:09,-1.0475878534805217E+02,2.1686746987952255E-03|kucoin_spot,1E-01,1.576411265739369E+00,0E+00,0E+00,8E+00,-1.1997799999999997E-03 | 0E+00
fr-CLO-USDT-loong_kc_bnfutures_mode_1,CLO-USDT-FTR,-1.2615354131999999E+02,0E+00,-1.2615354131999999E+02,0E+00,0E+00,-5.64585E-03 | 0E+00,-3.36485997897E+00,0E+00,-1.17321087588E+03,-5.959882E+02,0E+00,0E+00,0E+00,0E+00,0E+00,-1.0752844515302926E-01,0E+00,0E+00,2.9894075037008354E-05,21_virtual@eisoky3tmanagedsub.com,precursor012,-3.3369999999999995E+03,2026-01-06 12:38:01,0E+00,prod-strategy-ap71,2026-01-10 22:57:40,0E+00,1.1030640668523661E-02|kucoin_spot,0E+00,2.4730766053650193E+00,0E+00,0E+00,0E+00,-1.4805428E-01 | 0E+00
fr-CLO-USDT-loong_kc_bnfutures_mode_0,CLO-USDT-FTR,-1.2615354132E+02,0E+00,-1.2615354132E+02,0E+00,0E+00,-5.64585E-03 | 0E+00,-3.36485997897E+00,0E+00,-1.17321087588E+03,-5.959882E+02,0E+00,0E+00,0E+00,0E+00,0E+00,-1.0752844515302926E-01,0E+00,0E+00,2.9894075037008354E-05,21_virtual@eisoky3tmanagedsub.com,precursor012,-3.3369999999999995E+03,2026-01-03 15:39:15,0E+00,prod-strategy-ap71,2026-01-06 19:12:16,0E+00,1.1030640668523661E-02|kucoin_spot,0E+00,2.4730766053650193E+00,0E+00,0E+00,0E+00,-1.4805428E-01 | 0E+00
fr-SENT-USDT-loong_kc_bnfutures_mode_1,SENT-USDT-FTR,-1.46937086877183E+02,4.43696625902817E+02,-5.9063371278E+02,2.1334851773998253E+01,-6.019039208214963E+02,-2.40941E-03 | 0E+00,-5.158848468132E+00,2.671570643677921E+05,-2.1526993916357998E+05,-2.1411252E+03,1.2410328418627181E+00,2.697335586982727E+00,0E+00,-5.500026257022212E-04,1.6608081352922222E-03,-2.7436887615376127E-03,-2.2529964620095614E-03,7.985883444439561E-05,5.485199504088562E-03,21_virtual@eisoky3tmanagedsub.com,precursor012,-6.2606E+04,2026-01-25 07:29:09,6.7E+01,prod-strategy-ap71,2026-01-29 20:30:22,2.5134034388543202E+02,2.2481751824817486E-02|kucoin_spot,8.802902055622733E-01,3.024170732591186E+00,0E+00,0E+00,7.28E+02,-3.7085405999999993E-01 | 0E+00
fr-DUSK-USDT-loong_kc_bnfutures_mode_0,DUSK-USDT-FTR,-1.5094006798E+02,0E+00,-1.5094006798E+02,0E+00,0E+00,-2.4091E-04 | 0E+00,-4.449150356456E-01,0E+00,-2.9216401259400004E+03,-1.84681016E+03,0E+00,0E+00,0E+00,0E+00,0E+00,-5.166278578934733E-02,0E+00,0E+00,7.444503878339286E-05,21_virtual@eisoky3tmanagedsub.com,precursor012,-1.8307E+04,2026-01-17 02:11:52,0E+00,prod-strategy-ap71,2026-01-17 19:13:13,0E+00,2.7816411682892728E-03|kucoin_spot,0E+00,1.800972546514412E+00,0E+00,0E+00,0E+00,-5.556492999999999E-02 | 0E+00
fr-SOMI-USDT-loong_kc_bnfutures_mode_0,SOMI-USDT-FTR,-1.5809007561E+02,0E+00,-1.5809007561E+02,0E+00,0E+00,-8.08E-05 | 0E+00,-1.6322915168591198E-01,0E+00,-3.10489470252E+03,-2.0201627683899999E+03,0E+00,0E+00,0E+00,0E+00,0E+00,-5.09164048241928E-02,0E+00,0E+00,7.911446878594768E-05,21_virtual@eisoky3tmanagedsub.com,precursor012,-9.893E+03,2025-12-09 06:18:59,0E+00,prod-strategy-ap71,2026-01-24 07:29:49,0E+00,3.396409509946574E-03|kucoin_spot,0E+00,1.5076769347582062E+00,0E+00,0E+00,0E+00,-5.8179390000000004E-02 | 0E+00
fr-IR-USDT-loong_kc_bnfutures_mode_4,IR-USDT-FTR,-1.588841619500138E+02,-1.985584244100138E+02,3.967426246E+01,3.7052688653202495E+00,-2.316912004715413E+01,5E-05 | 0E+00,9.87430294125E-02,4.368465404757857E+04,-2.2356996890000002E+04,-1.97486058825E+03,1.9539589445985994E+00,4.11415E-01,0E+00,-3.637070394948468E-03,-4.5452671822410785E-03,1.7745792359861081E-03,-5.303720620499772E-04,8.481854660642852E-05,5.696688944606943E-04,21_virtual@eisoky3tmanagedsub.com,precursor012,-3.2702999999999996E+04,2026-01-28 08:27:00,6.88E+02,prod-strategy-ap71,2026-01-30 17:45:52,-1.4351729106005783E+02,4.63652922669322E-03|kucoin_spot,4.214046822742475E-01,1.8842600964599094E+00,0E+00,0E+00,2.52E+02,2.5328600000000014E-03 | 0E+00
fr-UAI-USDT-loong_kc_bnfutures_mode_0,UAI-USDT-FTR,-2.4056378586541155E+02,-2.5954127804541156E+02,1.8977492180000002E+01,4.29173525616352E+00,-3.8435188519593865E+01,5.034E-05 | 0E+00,1.1324161760461081E-01,6.0534581667512655E+04,-2.1351843E+03,-2.24953551062E+03,2.835098668883649E+01,-2.711454681415558E+00,0E+00,-3.9739893997568655E-03,-4.287487761474044E-03,8.887987880015793E-03,-6.349294479426631E-04,7.08972481173812E-05,5.440570062408017E-05,21_virtual@eisoky3tmanagedsub.com,precursor012,-1.1461E+04,2025-12-06 16:07:32,2.76E+02,prod-strategy-ap71,2026-01-26 17:27:22,-1.0160985590568018E+02,1.3648081686294944E-03|binance_futures,1.0810810810810811E-01,5.2352058607744825E+00,0E+00,0E+00,4E+01,3.01787E-03 | 0E+00
fr-SWARMS-USDT-loong_kc_bnfutures_mode_5,SWARMS-USDT-FTR,-2.6862796731216395E+02,-4.47682086192164E+02,1.7905411888E+02,2.139367120155839E+01,-8.607743982064712E+02,5E-05 | 0E+00,5.9814591474E+00,2.494754933338724E+05,-1.212417441099E+05,-1.1962918294799999E+05,2.0576699482954854E+00,4.033914879522324E+01,0E+00,-1.0767709634415265E-03,-1.7944932394342726E-03,1.4768355585325116E-03,-3.4503364907850853E-03,8.575460024415022E-05,3.0893080438932387E-03,21_virtual@eisoky3tmanagedsub.com,precursor012,-1.3480104E+07,2026-01-28 08:28:38,8.03E+02,prod-strategy-ap71,2026-02-02 07:52:28,-2.577305534595968E+02,2.2371364653241965E-03|kucoin_spot,4.40567066521265E-01,2.3150672131996393E+00,1.08E+02,1E+00,4.04E+02,3.849150000000002E-03 | 0E+00
fr-STBL-USDT-loong_kc_bnfutures_mode_1,STBL-USDT-FTR,-2.7745362036323627E+02,-4.027740418132363E+02,1.2532042145E+02,4.425138581325882E+00,-2.6937561793740315E+01,5E-05 | 0E+00,3.5606657812800004E+00,6.201852423006296E+04,-7.304890206222E+04,-7.121331562560001E+04,8.490000873283239E-01,-8.356180085525514E+00,0E+00,-4.473721743748668E-03,-6.494415125376281E-03,1.7155688574656098E-03,-4.343470298295579E-04,7.135188455807908E-05,1.8613272383629339E-03,21_virtual@eisoky3tmanagedsub.com,precursor012,-2.10072E+06,2025-12-25 11:21:12,2.88E+02,prod-strategy-ap71,2026-01-28 15:53:33,-9.638500030933147E+01,5.92066311426942E-04|kucoin_spot,0E+00,1.4430252789880749E+00,0E+00,0E+00,0E+00,2.1999999999999993E-03 | 0E+00
fr-BTR-USDT-loong_kc_bnfutures_mode_3,BTR-USDT-FTR,-4.1868406074127955E+02,1.3709562758720452E+01,-4.323936235E+02,6.763666310189365E-02,-6.545125235687013E+00,5E-05 | 0E+00,0E+00,9.82177081448026E+02,-2.0626827537269994E+04,0E+00,4.7616487783851386E-02,8.566314006399736E+00,0E+00,-4.262816437581832E-01,1.3958341135906379E-02,-2.0962681862672337E-02,-6.663895298837068E-03,6.886402093823728E-05,5.255832032004189E-04,21_virtual@eisoky3tmanagedsub.com,precursor012,0E+00,2026-01-15 17:30:07,1.2E+01,prod-strategy-ap71,2026-01-27 07:06:23,3.817482740683426E+00,2.190100744634327E-03|binance_futures,5.172413793103449E-01,4.420062337131904E+00,0E+00,0E+00,3E+01,-8.205131000000007E-02 | 0E+00
fr-BTR-USDT-loong_kc_bnfutures_mode_2,BTR-USDT-FTR,-4.323936235E+02,0E+00,-4.323936235E+02,0E+00,0E+00,5E-05 | 0E+00,0E+00,0E+00,-2.0626827537269994E+04,0E+00,0E+00,0E+00,0E+00,0E+00,0E+00,-2.0962681862672337E-02,0E+00,0E+00,5.255832032004189E-04,21_virtual@eisoky3tmanagedsub.com,precursor012,0E+00,2026-01-03 12:46:18,0E+00,prod-strategy-ap71,2026-01-16 00:49:38,0E+00,2.190100744634327E-03|binance_futures,0E+00,4.5167215778580685E+00,0E+00,0E+00,0E+00,-8.205131000000007E-02 | 0E+00
fr-BTR-USDT-loong_kc_bnfutures_mode_1,BTR-USDT-FTR,-4.323936235E+02,0E+00,-4.323936235E+02,0E+00,0E+00,5E-05 | 0E+00,0E+00,0E+00,-2.0626827537269994E+04,0E+00,0E+00,0E+00,0E+00,0E+00,0E+00,-2.0962681862672337E-02,0E+00,0E+00,5.255832032004189E-04,21_virtual@eisoky3tmanagedsub.com,precursor012,0E+00,1970-01-01 00:00:00,0E+00,prod-strategy-ap71,2026-01-02 19:11:00,0E+00,2.190100744634327E-03|binance_futures,0E+00,4.420062337131904E+00,0E+00,0E+00,0E+00,-8.205131000000007E-02 | 0E+00
fr-BTR-USDT-loong_kc_bnfutures_mode_0,BTR-USDT-FTR,-4.323936235E+02,0E+00,-4.323936235E+02,0E+00,0E+00,5E-05 | 0E+00,0E+00,0E+00,-2.0626827537269994E+04,0E+00,0E+00,0E+00,0E+00,0E+00,0E+00,-2.0962681862672337E-02,0E+00,0E+00,5.255832032004189E-04,21_virtual@eisoky3tmanagedsub.com,precursor012,0E+00,2025-12-30 11:29:01,0E+00,prod-strategy-ap71,2026-01-02 03:10:52,0E+00,2.190100744634327E-03|binance_futures,0E+00,4.401232870827384E+00,0E+00,0E+00,0E+00,-8.205131000000007E-02 | 0E+00
fr-US-USDT-loong_kc_bnfutures_mode_3,US-USDT-FTR,-5.331215573576255E+02,-5.558492830476256E+02,2.272772569E+01,3.5593523164207E+00,-2.4880990120698748E+01,5E-05 | 0E+00,1.0627466399999999E-01,4.91711894576624E+04,-4.8574773760000004E+04,-2.1254932799999997E+03,1.0122783010912042E+00,-3.4846399999999993E+00,0E+00,-1.0842152960661166E-02,-1.13043692694525E-02,4.6789153979993745E-04,-5.06007489245748E-04,7.238694763496396E-05,1.237712641044141E-03,21_virtual@eisoky3tmanagedsub.com,precursor012,-3.1771200000000006E+05,2026-01-09 01:32:31,6.75E+02,prod-strategy-ap71,2026-01-27 05:23:01,-2.92723577098205E+02,1.0474337872212747E-03|binance_futures,4.5045045045045045E-03,1.5653757148844483E+00,0E+00,0E+00,2E+00,2.4310999999999994E-03 | 0E+00
fr-SWARMS-USDT-loong_kc_bnfutures_mode_4,SWARMS-USDT-FTR,-5.678203320610937E+02,-8.295155577510938E+02,2.6169522569000003E+02,6.697695841265727E+00,-8.703088625957025E+01,5E-05 | 0E+00,5.9814591474E+00,9.009474500224227E+04,-1.212417441099E+05,-1.1962918294799999E+05,7.431000408619624E-01,4.368420233232379E+00,0E+00,-6.3024800397288635E-03,-9.207146962128022E-03,2.1584581087252053E-03,-9.659929250857443E-04,7.43405826954617E-05,3.0893080438932387E-03,21_virtual@eisoky3tmanagedsub.com,precursor012,-1.3480104E+07,2026-01-24 11:30:08,9.21E+02,prod-strategy-ap71,2026-01-28 15:53:31,-5.425714504442678E+02,2.2371364653241965E-03|kucoin_spot,2.97723292469352E-02,2.340580474456105E+00,0E+00,0E+00,1.7E+01,3.849150000000002E-03 | 0E+00
fr-AVAAI-USDT-loong_kc_bnfutures_mode_2,AVAAI-USDT-FTR,-5.7533459962892E+02,-6.2985055468892E+02,5.451595506E+01,5.161570489872247E+00,-5.078569934004922E+01,8.0632E-04 | 0E+00,1.261663404942818E+02,6.841267330535955E+04,-6.558024414000001E+04,-1.5647179841041E+05,1.0431902808918019E+00,-2.2944335278259214E+00,0E+00,-8.409766375608764E-03,-9.206635616731214E-03,8.312862474805663E-04,-7.423434414464051E-04,7.544757777310658E-05,1.6710216207261022E-03,21_virtual@eisoky3tmanagedsub.com,precursor012,-1.5295999E+07,2026-01-14 05:27:20,4.86E+02,prod-strategy-ap71,2026-02-02 03:52:27,-4.9618725645728887E+02,9.813542688912325E-04|binance_futures,1.4814814814814815E-02,4.408199627824264E+00,0E+00,0E+00,6E+00,8.996130000000001E-03 | 0E+00
fr-SENT-USDT-loong_kc_bnfutures_mode_0,SENT-USDT-FTR,-5.9063371278E+02,0E+00,-5.9063371278E+02,0E+00,0E+00,-2.40941E-03 | 0E+00,-5.158848468132E+00,0E+00,-2.1526993916357998E+05,-2.1411252E+03,0E+00,0E+00,0E+00,0E+00,0E+00,-2.7436887615376127E-03,0E+00,0E+00,5.485199504088562E-03,21_virtual@eisoky3tmanagedsub.com,precursor012,-6.2606E+04,2026-01-22 15:39:56,0E+00,prod-strategy-ap71,2026-01-25 15:28:43,0E+00,2.2481751824817486E-02|kucoin_spot,0E+00,3.2086201662258365E+00,0E+00,0E+00,0E+00,-3.7085405999999993E-01 | 0E+00
fr-XNY-USDT-loong_kc_bnfutures_mode_2,XNY-USDT-FTR,-7.102023414023813E+02,-9.089259957623813E+02,1.9872365435999998E+02,7.953011746431002E+00,-6.092297194348066E+01,1.1553E-04 | 0E+00,1.89805831314E-01,1.1084717925944924E+05,-1.31015849036E+05,-1.6429138E+03,8.460593132437825E-01,0E+00,0E+00,-6.407040270642156E-03,-8.199811685193598E-03,1.5167909517984767E-03,-5.496122891939737E-04,7.174753385303706E-05,3.338357751910361E-03,21_virtual@eisoky3tmanagedsub.com,precursor012,-4.682E+05,2026-01-20 10:30:09,5.98E+02,prod-strategy-ap71,2026-01-30 23:23:40,-5.907100377901006E+02,5.422374429223664E-03|binance_futures,1.984126984126984E-03,1.194592837191798E+00,0E+00,0E+00,2E+00,3.1577899999999997E-03 | 0E+00
fr-IR-USDT-loong_kc_bnfutures_mode_3,IR-USDT-FTR,-7.688860117578151E+02,-8.217678334878151E+02,5.288182173E+01,3.8740714377272525E+00,-8.523127947433386E+01,5E-05 | 0E+00,9.87430294125E-02,5.241871864792146E+04,-3.75929276E+04,-1.97486058825E+03,1.394377134062883E+00,1.0848412000000003E+01,0E+00,-1.4668157322237474E-02,-1.567699201133373E-02,1.406696022525258E-03,-1.6259702959700924E-03,7.390625977998548E-05,9.578890049858088E-04,21_virtual@eisoky3tmanagedsub.com,precursor012,-3.2702999999999996E+04,2026-01-25 07:39:35,1.41E+02,prod-strategy-ap71,2026-01-28 15:53:32,-7.946754026663165E+02,4.63652922669322E-03|kucoin_spot,1.662269129287599E-01,1.8842600964599094E+00,0E+00,0E+00,6.3E+01,2.5328600000000014E-03 | 0E+00
fr-BULLA-USDT-loong_kc_bnfutures_mode_4,BULLA-USDT-FTR,-8.069013592832655E+02,3.018732049673435E+01,-8.370886797799999E+02,3.9994922469195444E+00,-4.808033323762356E+01,8.6641E-04 | 0E+00,-1.71678794936E-02,3.3371617644611746E+04,-1.9184626592000002E+03,1.9814960000000003E+01,1.7394978987252077E+01,-4.07711268094182E-02,0E+00,-2.4179270177319363E-02,9.045806774550668E-04,-4.3633305853816634E-01,-1.4407552474576166E-03,1.1984711947475255E-04,4.888351094325298E-05,21_virtual@eisoky3tmanagedsub.com,precursor012,9.79E+02,2026-02-01 04:19:24,1.6E+01,prod-strategy-ap71,2026-02-01 15:52:24,1.1003458385127916E+01,6.9375619425173785E-03|kucoin_spot,8.446969696969697E-01,1.873126828901652E+01,0E+00,1E+00,2.23E+02,-1.0115076999999999E-01 | 0E+00
fr-BULLA-USDT-loong_kc_bnfutures_mode_0,BULLA-USDT-FTR,-8.397547644399998E+02,0E+00,-8.397547644399998E+02,0E+00,0E+00,8.6641E-04 | 0E+00,-1.71678794936E-02,0E+00,-1.1110549076E+05,1.9814960000000003E+01,0E+00,0E+00,0E+00,0E+00,0E+00,-7.558175196345263E-03,0E+00,0E+00,2.8310305897154006E-03,21_virtual@eisoky3tmanagedsub.com,precursor012,9.79E+02,2026-01-07 07:30:07,0E+00,prod-strategy-ap71,2026-01-12 22:45:20,0E+00,6.9375619425173785E-03|kucoin_spot,0E+00,1.8701606959281442E+01,0E+00,0E+00,0E+00,-1.0115076999999999E-01 | 0E+00
fr-BULLA-USDT-loong_kc_bnfutures_mode_1,BULLA-USDT-FTR,-8.397547644399998E+02,0E+00,-8.397547644399998E+02,0E+00,0E+00,8.6641E-04 | 0E+00,-1.71678794936E-02,0E+00,-1.1110549076E+05,1.9814960000000003E+01,0E+00,0E+00,0E+00,0E+00,0E+00,-7.558175196345263E-03,0E+00,0E+00,2.8310305897154006E-03,21_virtual@eisoky3tmanagedsub.com,precursor012,9.79E+02,2026-01-13 05:12:43,0E+00,prod-strategy-ap71,2026-01-18 06:11:12,0E+00,6.9375619425173785E-03|kucoin_spot,0E+00,1.8701606959281442E+01,0E+00,0E+00,0E+00,-1.0115076999999999E-01 | 0E+00
fr-BULLA-USDT-loong_kc_bnfutures_mode_2,BULLA-USDT-FTR,-8.397547644399998E+02,0E+00,-8.397547644399998E+02,0E+00,0E+00,8.6641E-04 | 0E+00,-1.71678794936E-02,0E+00,-1.1110549076E+05,1.9814960000000003E+01,0E+00,0E+00,0E+00,0E+00,0E+00,-7.558175196345263E-03,0E+00,0E+00,2.8310305897154006E-03,21_virtual@eisoky3tmanagedsub.com,precursor012,9.79E+02,2026-01-17 22:25:33,0E+00,prod-strategy-ap71,2026-01-26 12:52:06,0E+00,6.9375619425173785E-03|kucoin_spot,0E+00,1.8701606959281442E+01,0E+00,0E+00,0E+00,-1.0115076999999999E-01 | 0E+00
fr-UB-USDT-loong_kc_bnfutures_mode_5,UB-USDT-FTR,-1.1028442040072928E+03,-1.2841257143072928E+03,1.812815103E+02,1.2569394137881318E+01,-6.626342992876374E+01,5E-05 | 0E+00,1.0646485080000001E-01,1.7568771733366698E+05,-1.4865011131155002E+05,-2.129297016E+03,1.1818875598784442E+00,-9.914572E+00,0E+00,-6.27729826959255E-03,-7.3091376778973965E-03,1.2195181604678323E-03,-3.7716597912713446E-04,7.15439549710209E-05,3.7876887038521137E-03,21_virtual@eisoky3tmanagedsub.com,precursor012,-5.852E+04,2026-01-22 03:49:46,8.32E+02,prod-strategy-ap71,2026-01-29 22:04:45,-6.065954540146323E+02,3.6990007177166717E-03|binance_futures,4.528301886792453E-03,1.1408642071394581E+00,0E+00,0E+00,6E+00,5.053530000000002E-03 | 0E+00
fr-BAN-USDT-loong_kc_bnfutures_mode_10,BAN-USDT-FTR,-2.114963536133311E+03,-2.7683207836133115E+03,6.533572474800001E+02,1.7375999318004602E+01,-1.926298765070894E+01,5E-05 | 0E+00,6.4122147E-02,2.3980866363937815E+05,-2.4465981931742997E+05,-1.28244294E+03,9.80171833317028E-01,-9.452179047188759E+00,0E+00,-8.819379183538473E-03,-1.154387310950652E-02,2.6704722062772072E-03,-8.032648761879773E-05,7.245776301115816E-05,6.234070232028982E-03,21_virtual@eisoky3tmanagedsub.com,precursor012,-1.7834E+04,2026-01-31 05:49:23,7.45E+02,prod-strategy-ap71,2026-01-31 16:46:17,-1.1098087238491305E+03,2.9407645987957753E-03|binance_futures,0E+00,1.1323354162814467E+00,0E+00,0E+00,0E+00,9.4533E-03 | 0E+00
fr-BNB-USDT-loong_kc_bnfutures_mode_0,BNB-USDT-FTR,-2.5085773219384605E+03,-2.5763079405684607E+03,6.773061863000001E+01,1.8775038375537224E+02,-2.590141688356906E+02,0E+00 | 0E+00,0E+00,2.6856172945762128E+06,-9.114743856405726E+05,-6.8671912999999995E+03,2.9464539397767004E+00,-3.5371011030429045E+03,0E+00,-9.340784805804995E-04,-9.592982387220585E-04,7.430885573641193E-05,-9.644492882838794E-05,6.990958247645595E-05,2.3224881595316334E-02,21_virtual@eisoky3tmanagedsub.com,precursor012,-8.99E+00,2026-01-10 07:29:05,7.31E+02,prod-strategy-ap71,2026-01-22 11:30:20,-1.2800774628001056E+03,4.3379740481697127E-04|binance_futures,0E+00,9.008310864231767E-01,0E+00,0E+00,0E+00,3.7156E-04 | 0E+00
fr-HYPE-USDT-loong_kc_bnfutures_mode_3,HYPE-USDT-FTR,-3.993150026968509E+03,-3.8432350715785087E+03,-1.4991495539000016E+02,2.3682877147181352E+02,-4.137489507609415E+02,5E-05 | 0E+00,2.05184294939898E+00,3.3724673143412024E+06,-3.6631131774440003E+06,-4.10368589879796E+04,9.206560515540497E-01,8.252524126008153E+00,0E+00,-1.1840441002905775E-03,-1.1395914958865268E-03,-4.092555925192731E-05,-1.2268434715482653E-04,7.022418585488264E-05,9.33381904710246E-02,21_virtual@eisoky3tmanagedsub.com,precursor012,-1.31429E+03,2026-01-02 22:23:18,5.51E+02,prod-strategy-ap71,2026-02-01 15:52:24,-1.9519731342866148E+03,5.766273705791747E-04|kucoin_spot,3.523738872403561E-02,1.7747994286945803E+00,0E+00,0E+00,6.65E+02,1.8331000000000025E-04 | 0E+00
