调度名,币对(标准),总收益,成交收益,资金费收益,手续费,滑点,当期资金费率,当期资金费,成交量,最大持仓,当前持仓,换手率,敞口,市场成交占比,总收益率,成交收益率,资金费收益率,滑点率,手续费率,持仓占比,账户1,账户2,仓位数量,调度最后成交时间,调度最大对冲延迟,主机,调度最后更新时间,配对盈利,价差值,配对胜率,波动率,买卖单卖单数量,买卖单买单数量,配对笔数,累计资金费率
fr-XMR-USDT-loong_kc_bnfutures_mode_2,XMR-USDT-FTR,7.6110322681294665E+03,4.3026716309946767E+02,7.180765105029999E+03,9.478435165490373E+01,-6.541492038065917E+01,3.6663E-04 | 0E+00,6.69203210236275E+02,2.840005870537162E+05,-1.8435461221710353E+06,-1.8252821925000001E+06,1.54051251356416E-01,6.661850256763865E+00,0E+00,2.679935399813067E-02,1.515022090493378E-03,3.8950829700824825E-03,-2.3033375057174272E-04,3.337470272094054E-04,7.494351991772627E-02,21_virtual@eisoky3tmanagedsub.com,precursor012,-3.8877149999999997E+03,2026-01-03 15:15:09,1.67E+02,prod-strategy-ap71,2026-01-27 12:50:44,1.9466785476729066E+02,8.736974449676804E-04|,0E+00,9.680751431040798E-01,2.7E+01,0E+00,0E+00,3.6259699999999996E-03 | 0E+00
fr-H-USDT-loong_kc_bnfutures_mode_1,H-USDT-FTR,2.932063010807195E+03,-5.159909258280517E+01,2.98366210339E+03,1.754624081302609E+01,-1.764044203448866E+02,5E-05 | 0E+00,3.65563358483135E+01,1.2306585473884642E+05,-7.4003585928E+05,-7.3112671696627E+05,1.662971505983242E-01,2.9706399999999995E+01,0E+00,2.382515456484026E-02,-4.1928033321916733E-04,4.0317804414138556E-03,-1.4334148226510758E-03,1.425760285032784E-04,3.0083810485017508E-02,21_virtual@eisoky3tmanagedsub.com,precursor012,-4.650749E+06,2025-12-22 19:50:06,9.91E+02,prod-strategy-ap71,2026-01-27 12:50:46,-1.8322433679428645E+01,8.064362502617772E-04|,0E+00,1.093384925667731E+00,1.3E+01,0E+00,0E+00,3.871580000000002E-03 | 0E+00
fr-HYPE-USDT-loong_kc_bnfutures_mode_3,HYPE-USDT-FTR,2.4546915884588366E+03,8.843755599883674E+01,2.36625403246E+03,1.6743835317436606E+01,-2.0561325103393756E+02,5E-05 | 0E+00,1.4628707375918205E+02,2.3607064059066772E+05,-2.0439831876612555E+06,-2.9257414751836406E+06,1.1549539253342976E-01,1.6952000252604485E+01,0E+00,1.0398123130928102E-02,3.7462327283714256E-04,1.1576680506689928E-03,-8.709818828782634E-04,7.092722447629312E-05,8.309165303420456E-02,21_virtual@eisoky3tmanagedsub.com,precursor012,-1.0738276E+05,2026-01-02 22:23:18,4.67E+02,prod-strategy-ap71,2026-01-27 12:50:43,1.0097325098584744E+02,8.08615429852555E-04|,3.5714285714285715E-01,1.249244971112228E+00,3.7E+01,0E+00,5E+00,9.9876E-04 | 0E+00
fr-BAN-USDT-loong_kc_bnfutures_mode_7,BAN-USDT-FTR,2.10083176018973E+03,3.209829942973032E+01,2.06873346076E+03,3.9417432858172106E+00,-3.2357304646633565E+01,1.9641E-04 | 0E+00,3.8683798736581835E+01,2.5316072465971112E+04,-1.6273196716E+05,-1.9695432379502998E+05,1.5556914174754644E-01,-1.2496275167541505E+01,0E+00,8.298411070728239E-02,1.2679020204605439E-03,1.2712520452272275E-02,-1.2781328813988428E-03,1.5570121673160597E-04,6.615351943429587E-03,21_virtual@eisoky3tmanagedsub.com,precursor012,-2.539573E+06,2026-01-11 19:01:45,3.62E+02,prod-strategy-ap71,2026-01-24 23:29:12,1.4046442697943267E+00,3.101977510663101E-03|,0E+00,6.51715439800976E-01,0E+00,0E+00,0E+00,1.1689219999999997E-02 | 0E+00
fr-BAN-USDT-loong_kc_bnfutures_mode_4,BAN-USDT-FTR,2.06873346076E+03,0E+00,2.06873346076E+03,0E+00,0E+00,1.9641E-04 | 0E+00,3.8683798736581835E+01,0E+00,-1.6273196716E+05,-1.9695432379502998E+05,0E+00,0E+00,0E+00,0E+00,0E+00,1.2712520452272275E-02,0E+00,0E+00,6.615351943429587E-03,21_virtual@eisoky3tmanagedsub.com,precursor012,-2.539573E+06,2026-01-03 11:20:05,0E+00,prod-strategy-ap71,2026-01-07 15:12:28,0E+00,3.101977510663101E-03|,0E+00,6.51715439800976E-01,0E+00,0E+00,0E+00,1.1689219999999997E-02 | 0E+00
fr-BAN-USDT-loong_kc_bnfutures_mode_6,BAN-USDT-FTR,2.06873346076E+03,0E+00,2.06873346076E+03,0E+00,0E+00,1.9641E-04 | 0E+00,3.8683798736581835E+01,0E+00,-1.6273196716E+05,-1.9695432379502998E+05,0E+00,0E+00,0E+00,0E+00,0E+00,1.2712520452272275E-02,0E+00,0E+00,6.615351943429587E-03,21_virtual@eisoky3tmanagedsub.com,precursor012,-2.539573E+06,2026-01-10 22:24:15,0E+00,prod-strategy-ap71,2026-01-12 02:45:55,0E+00,3.101977510663101E-03|,0E+00,6.51715439800976E-01,0E+00,0E+00,0E+00,1.1689219999999997E-02 | 0E+00
fr-BAN-USDT-loong_kc_bnfutures_mode_5,BAN-USDT-FTR,2.06873346076E+03,0E+00,2.06873346076E+03,0E+00,0E+00,1.9641E-04 | 0E+00,3.8683798736581835E+01,0E+00,-1.6273196716E+05,-1.9695432379502998E+05,0E+00,0E+00,0E+00,0E+00,0E+00,1.2712520452272275E-02,0E+00,0E+00,6.615351943429587E-03,21_virtual@eisoky3tmanagedsub.com,precursor012,-2.539573E+06,2026-01-07 14:30:01,0E+00,prod-strategy-ap71,2026-01-10 18:46:36,0E+00,3.101977510663101E-03|,0E+00,6.51715439800976E-01,0E+00,0E+00,0E+00,1.1689219999999997E-02 | 0E+00
fr-KITE-USDT-loong_kc_bnfutures_mode_1,KITE-USDT-FTR,1.9181446755306813E+03,2.3369750006812633E+00,1.9158077005300001E+03,4.219789570197463E-02,-4.0195998549461365E-01,5E-05 | 0E+00,2.5666107404500003E+01,6.101803188323975E+02,-4.0461730853368004E+05,-5.1332214809000003E+05,1.5080430470057523E-03,-1.3987773437499997E-02,0E+00,3.1435702141313273E+00,3.8299744002775298E-03,4.734863437930584E-03,-6.587560645413456E-04,6.915643523659016E-05,1.6448433243124137E-02,21_virtual@eisoky3tmanagedsub.com,precursor012,-4.376521E+06,2026-01-15 08:50:15,1.45E+02,prod-strategy-ap71,2026-01-27 12:50:31,1.0463647264987373E-01,1.8782549304192653E-03|,0E+00,9.781411155936416E-01,4.2E+01,0E+00,0E+00,3.927960000000001E-03 | 0E+00
fr-KITE-USDT-loong_kc_bnfutures_mode_0,KITE-USDT-FTR,1.9158077005300001E+03,0E+00,1.9158077005300001E+03,0E+00,0E+00,5E-05 | 0E+00,2.5666107404500003E+01,0E+00,-4.0461730853368004E+05,-5.1332214809000003E+05,0E+00,0E+00,0E+00,0E+00,0E+00,4.734863437930584E-03,0E+00,0E+00,1.6448433243124137E-02,21_virtual@eisoky3tmanagedsub.com,precursor012,-4.376521E+06,2025-12-09 06:34:11,0E+00,prod-strategy-ap71,2026-01-14 12:38:29,0E+00,1.8782549304192653E-03|,0E+00,9.781411155936416E-01,0E+00,0E+00,0E+00,3.927960000000001E-03 | 0E+00
fr-LIT-USDT-loong_kc_bnfutures_mode_0,LIT-USDT-FTR,1.6747200726577337E+03,2.650492231773372E+01,1.64821515034E+03,1.5887193003982247E+01,-6.1948500135913584E+01,2.9262E-04 | 0E+00,1.4155771448793598E+02,9.002056244790554E+04,-4.0079164531277295E+05,-4.837595328E+05,2.2460688365311254E-01,1.0471495273888111E+01,0E+00,1.860375037788601E-02,2.944318675310653E-04,4.112398972423072E-03,-6.881594432578987E-04,1.7648404511109436E-04,1.6292913039779876E-02,21_virtual@eisoky3tmanagedsub.com,precursor012,-2.6064630000000002E+05,2026-01-15 17:26:27,5.97E+02,prod-strategy-ap71,2026-01-27 12:50:33,-1.9614870082553892E+00,1.6198704103671524E-03|,0E+00,1.8919699286370733E+00,5.6E+01,0E+00,0E+00,3.6921600000000016E-03 | 0E+00
fr-FARTCOIN-USDT-loong_kc_bnfutures_mode_2,FARTCOIN-USDT-FTR,1.3804090789427196E+03,-1.4491998606728032E+02,1.52532906501E+03,9.96758589030776E+00,-2.227841216977685E+02,5E-05 | 0E+00,3.8658671184E+01,1.3262615403828782E+05,-7.2699225417E+05,-7.7317342368E+05,1.824313165340473E-01,4.870304492864944E+01,0E+00,1.0408271950223405E-02,-1.092695382129858E-03,2.0981366118562757E-03,-1.6797902594193677E-03,7.515550731743468E-05,2.9553564093238026E-02,21_virtual@eisoky3tmanagedsub.com,precursor012,-2.6734904E+06,2026-01-02 16:25:01,7.5E+02,prod-strategy-ap71,2026-01-27 12:50:44,-9.727985699347414E+01,3.456619426200902E-04|,0E+00,5.815993821405905E-01,2.5E+01,0E+00,0E+00,1.9098499999999987E-03 | 0E+00
fr-ASTER-USDT-loong_kc_bnfutures_mode_1,ASTER-USDT-FTR,1.2533038148802448E+03,1.0502844663502447E+03,2.0301934853000006E+02,7.333778470878315E+01,-2.5168682760064257E+02,2.78E-06 | 0E+00,4.931592452986788E+00,3.043967884795964E+05,-1.39812664423305E+06,-1.77395411977942E+06,2.177176078684738E-01,1.9319728187251094E+01,0E+00,4.11733586658472E-03,3.4503795903899456E-03,1.4520812500599145E-04,-8.268379862276801E-04,2.40928247223275E-04,5.683640390086338E-02,21_virtual@eisoky3tmanagedsub.com,precursor012,-2.786926E+06,2026-01-03 15:07:37,6.79E+02,prod-strategy-ap71,2026-01-27 12:50:40,-6.413894547995369E+00,9.428032683846954E-04|,0E+00,7.801269666901782E-01,9E+00,0E+00,0E+00,9.541E-05 | 0E+00
fr-CYS-USDT-loong_kc_bnfutures_mode_0,CYS-USDT-FTR,1.252164837167349E+03,1.2234236673491936E+00,1.2509414135E+03,6.2431647907942533E-02,-2.7439999021589756E+00,6.938E-05 | 0E+00,1.6603246153616E+01,8.958180685043335E+02,-2.4336933000524002E+05,-2.3930882319999998E+05,3.680899596038028E-03,3.1975574493408043E-03,0E+00,1.3977892176901228E+00,1.3657055046811387E-03,5.140094741901397E-03,-3.063121853235651E-03,6.969232939471629E-05,9.893408150338253E-03,21_virtual@eisoky3tmanagedsub.com,precursor012,-7.14568E+05,2026-01-02 17:55:27,4E+00,prod-strategy-ap71,2026-01-27 12:50:51,1.2233720564983894E+00,2.9534451785768745E-03|,0E+00,2.5936698732995307E+00,5.57E+02,2E+00,0E+00,3.8733100000000026E-03 | 0E+00
fr-LIGHT-USDT-loong_kc_bnfutures_mode_0,LIGHT-USDT-FTR,1.2202008356954782E+03,2.1521151235478364E+01,1.1986796844599999E+03,1.0756211999578227E+01,-1.496359140033602E+02,5E-05 | 0E+00,9.741693470000001E+00,1.0827891486221552E+05,-1.9891953470000002E+05,-1.9483386940000003E+05,5.443352510627781E-01,-1.737321304901838E+01,0E+00,1.1269053049231042E-02,1.987566209253569E-04,6.025952585641151E-03,-1.3819487773198624E-03,9.933801066685479E-05,8.086442715769075E-03,21_virtual@eisoky3tmanagedsub.com,precursor012,-4.7590099999999994E+05,2025-12-12 16:08:36,8.84E+02,prod-strategy-ap71,2026-01-27 12:50:35,-3.4088499871610622E+00,9.787129924150317E-04|,0E+00,1.1163782643649465E+00,1.2E+01,0E+00,0E+00,5.624019999999997E-03 | 0E+00
fr-NEAR-USDT-loong_kc_bnfutures_mode_4,NEAR-USDT-FTR,1.0847828127094926E+03,8.019216876294927E+02,2.8286112507999997E+02,7.05946192619158E+01,-4.4330999962995676E+01,6.801E-05 | 0E+00,4.6914104261616565E+01,1.828269689769745E+05,-6.983488734898E+05,-6.8981185504509E+05,2.617989029800373E-01,-4.132363113212585E+00,0E+00,5.933385095095636E-03,4.3862330164784824E-03,4.0504271692525526E-04,-2.4247516770120928E-04,3.861280403921513E-04,2.8389158307724174E-02,21_virtual@eisoky3tmanagedsub.com,precursor012,-4.69423E+05,2026-01-03 06:10:45,7.01E+02,prod-strategy-ap71,2026-01-27 12:50:48,8.067697930544563E+02,8.849557522123686E-04|,0E+00,7.658942983882492E-01,5E+00,0E+00,0E+00,3.5207E-04 | 0E+00
fr-HANA-USDT-loong_kc_bnfutures_mode_0,HANA-USDT-FTR,9.747004421799999E+02,0E+00,9.747004421799999E+02,0E+00,0E+00,5E-05 | 0E+00,1.0241213905E+01,0E+00,-5.79180020272E+04,-2.048242781E+05,0E+00,0E+00,0E+00,0E+00,0E+00,1.6828972134125965E-02,0E+00,0E+00,2.354472658057901E-03,21_virtual@eisoky3tmanagedsub.com,precursor012,-8.516602E+06,2026-01-03 05:02:08,0E+00,prod-strategy-ap71,2026-01-15 00:38:17,0E+00,1.670146137787043E-03|,0E+00,2.720387391802775E+00,0E+00,0E+00,0E+00,6.308239999999999E-03 | 0E+00
fr-PLAY-USDT-loong_kc_bnfutures_mode_0,PLAY-USDT-FTR,8.493672539300001E+02,0E+00,8.493672539300001E+02,0E+00,0E+00,1.4629E-04 | 0E+00,4.433437271126701E+00,0E+00,-1.91707584E+03,-3.0305812230000003E+04,0E+00,0E+00,0E+00,0E+00,0E+00,4.430535486431252E-01,0E+00,0E+00,7.793263736175872E-05,21_virtual@eisoky3tmanagedsub.com,precursor012,-4.10481E+05,2025-12-25 09:50:07,0E+00,prod-strategy-ap71,2026-01-13 02:45:19,0E+00,0E+00|,0E+00,1.633735303997988E+00,0E+00,0E+00,0E+00,2.1433100000000004E-02 | 0E+00
fr-PLAY-USDT-loong_kc_bnfutures_mode_1,PLAY-USDT-FTR,8.403630847125828E+02,-9.00416921741699E+00,8.493672539299998E+02,8.226057928986847E-01,-3.845224954432342E+01,1.4629E-04 | 0E+00,4.433437271126701E+00,1.1745867574691772E+04,-1.91707584E+03,-3.0305812230000003E+04,6.126970738252991E+00,-6.033259896850586E+00,0E+00,7.154542475204392E-02,-7.665818774270722E-04,4.430535486431251E-01,-3.273683216655238E-03,7.003363418391605E-05,7.793263736175872E-05,21_virtual@eisoky3tmanagedsub.com,precursor012,-4.10481E+05,2026-01-12 19:05:20,7.75E+02,prod-strategy-ap71,2026-01-19 22:11:12,2.2800786433771463E-02,0E+00|,0E+00,1.633735303997988E+00,0E+00,0E+00,0E+00,2.1433100000000004E-02 | 0E+00
fr-GIGGLE-USDT-loong_kc_bnfutures_mode_2,GIGGLE-USDT-FTR,7.486856999163595E+02,2.1687496266359574E+01,7.269982036499999E+02,1.9840552884610588E+01,-3.988357435000944E+02,5E-05 | 0E+00,1.7106275670000002E+01,1.6075329874301702E+05,-3.6996414275870397E+05,-3.4212551340000005E+05,4.345104840278066E-01,-4.415254046048501E+00,0E+00,4.657358236319749E-03,1.3491167171026194E-04,1.96505044577836E-03,-2.481042358811436E-03,1.23422368559466E-04,1.5039718707460216E-02,21_virtual@eisoky3tmanagedsub.com,precursor012,-7.27617E+03,2026-01-02 17:26:24,7.81E+02,prod-strategy-ap71,2026-01-27 12:50:42,8.682283496747993E+01,6.385696040869249E-04|,1E+00,9.622270926630951E-01,1.3E+01,0E+00,1E+00,1.7913099999999989E-03 | 0E+00
fr-HANA-USDT-loong_kc_bnfutures_mode_1,HANA-USDT-FTR,6.529429054934767E+02,-3.217575366865232E+02,9.747004421799999E+02,3.8273408953095895E+01,-1.125289784708511E+03,5E-05 | 0E+00,1.0241213905E+01,3.3990057046259195E+05,-5.79180020272E+04,-2.048242781E+05,5.868651517070023E+00,-1.6655713090262417E+01,0E+00,1.9209820819213273E-03,-9.466225262541433E-04,1.6828972134125965E-02,-3.3106440015003027E-03,1.1260177910559909E-04,2.354472658057901E-03,21_virtual@eisoky3tmanagedsub.com,precursor012,-8.516602E+06,2026-01-14 16:39:30,1.136E+03,prod-strategy-ap71,2026-01-27 12:50:49,-1.4626937189410683E+02,1.670146137787043E-03|,5E-01,2.7541723588243334E+00,2.8E+01,0E+00,2E+00,6.308239999999999E-03 | 0E+00
fr-LTC-USDT-loong_kc_bnfutures_mode_2,LTC-USDT-FTR,6.321834275893191E+02,3.4949326429319086E+01,5.9723410116E+02,2.8786563862380717E+01,-3.980500007327646E+01,1E-04 | 0E+00,1.834841503336814E+02,9.234733835151047E+04,-1.752804343315581E+06,-1.834841503336814E+06,5.268548010146271E-02,1.8204899863321334E+01,0E+00,6.8457135730645435E-03,3.784551569454892E-04,3.4073061459345775E-04,-4.310357048057292E-04,3.117205582342577E-04,7.125470072886048E-02,21_virtual@eisoky3tmanagedsub.com,precursor012,-2.6486528E+04,2026-01-02 23:42:23,7.82E+02,prod-strategy-ap71,2026-01-27 12:50:47,4.104944517323706E+01,4.330879168470414E-04|,3.333333333333333E-01,5.665987172958544E-01,4E+00,0E+00,1E+00,3.3006E-04 | 0E+00
fr-KGEN-USDT-loong_kc_bnfutures_mode_2,KGEN-USDT-FTR,6.302579908299999E+02,0E+00,6.302579908299999E+02,0E+00,0E+00,5E-05 | 0E+00,7.820084770789501E+00,0E+00,-1.1878811773092E+05,-1.5640169541579002E+05,0E+00,0E+00,0E+00,0E+00,0E+00,5.305732617614722E-03,0E+00,0E+00,4.828954133608866E-03,21_virtual@eisoky3tmanagedsub.com,precursor012,-5.36481E+05,2026-01-11 19:07:48,0E+00,prod-strategy-ap71,2026-01-13 10:45:16,0E+00,9.223201475712095E-04|,0E+00,2.099241278494296E+00,0E+00,0E+00,0E+00,4.0345400000000005E-03 | 0E+00
fr-KGEN-USDT-loong_kc_bnfutures_mode_0,KGEN-USDT-FTR,6.302579908299999E+02,0E+00,6.302579908299999E+02,0E+00,0E+00,5E-05 | 0E+00,7.820084770789501E+00,0E+00,-1.1878811773092E+05,-1.5640169541579002E+05,0E+00,0E+00,0E+00,0E+00,0E+00,5.305732617614722E-03,0E+00,0E+00,4.828954133608866E-03,21_virtual@eisoky3tmanagedsub.com,precursor012,-5.36481E+05,2025-12-17 16:02:20,0E+00,prod-strategy-ap71,2026-01-04 19:11:28,0E+00,9.223201475712095E-04|,0E+00,2.1199458425250257E+00,0E+00,0E+00,0E+00,4.0345400000000005E-03 | 0E+00
fr-KGEN-USDT-loong_kc_bnfutures_mode_1,KGEN-USDT-FTR,6.302579908299999E+02,0E+00,6.302579908299999E+02,0E+00,0E+00,5E-05 | 0E+00,7.820084770789501E+00,0E+00,-1.1878811773092E+05,-1.5640169541579002E+05,0E+00,0E+00,0E+00,0E+00,0E+00,5.305732617614722E-03,0E+00,0E+00,4.828954133608866E-03,21_virtual@eisoky3tmanagedsub.com,precursor012,-5.36481E+05,2026-01-05 01:29:40,0E+00,prod-strategy-ap71,2026-01-12 02:45:56,0E+00,9.223201475712095E-04|,0E+00,2.099241278494296E+00,0E+00,0E+00,0E+00,4.0345400000000005E-03 | 0E+00
fr-PUMP-USDT-loong_kc_bnfutures_mode_3,PUMP-USDT-FTR,6.299417207433526E+02,-1.742367870366475E+02,8.0417850778E+02,7.827839201374445E+00,-2.9064268706319854E+02,5E-05 | 0E+00,5.8989147179999996E+01,1.1239879877239466E+05,-8.737178099728001E+05,-1.1797829435999999E+06,1.286442802120444E-01,2.2001078E+01,0E+00,5.6045236036638794E-03,-1.5501659176044538E-03,9.204098836042212E-04,-2.5858166656366516E-03,6.964344180604337E-05,3.551822615485063E-02,21_virtual@eisoky3tmanagedsub.com,precursor012,-3.961662E+08,2026-01-03 15:11:20,7.13E+02,prod-strategy-ap71,2026-01-27 12:50:30,-8.133115918163466E+01,6.720430107527431E-04|,2.34375E-01,1.4740927015197909E+00,3E+00,0E+00,1.5E+01,8.3903E-04 | 0E+00
fr-USELESS-USDT-loong_kc_bnfutures_mode_0,USELESS-USDT-FTR,6.182680962496584E+02,-1.2723696940341696E+01,6.309917931900001E+02,5.5718359165184665E+00,-7.94751435586295E+01,5E-05 | 0E+00,7.680918257975999E+00,4.708944798323512E+04,-1.5342764952E+05,-1.5361836515951998E+05,3.0691630961273897E-01,1.0251635662231445E+01,0E+00,1.3129652665917329E-02,-2.7020272025426187E-04,4.112634164468168E-03,-1.6877484651534754E-03,1.1832451122600042E-04,6.237114422822821E-03,21_virtual@eisoky3tmanagedsub.com,precursor012,-2.485866E+06,2026-01-03 08:26:20,1.406E+03,prod-strategy-ap71,2026-01-27 12:50:36,-1.7633065871508677E+01,4.856726566295766E-04|,0E+00,1.3511398155694745E+00,2.5E+01,0E+00,0E+00,3.6378200000000025E-03 | 0E+00
fr-IRYS-USDT-loong_kc_bnfutures_mode_1,IRYS-USDT-FTR,5.941239339032946E+02,8.206193046329463E+01,5.1206200344E+02,2.2031731222414976E+01,-1.648808398040528E+02,5E-05 | 0E+00,5.19274092051E+00,1.4415494018406537E+05,-7.3667367E+03,-1.0385481841020001E+05,1.9568357884172155E+01,2.5345140290540975E+01,0E+00,4.121426106831183E-03,5.69262006272648E-04,6.95100183830379E-02,-1.1437751602097258E-03,1.5283368849020078E-04,2.9947131344613845E-04,21_virtual@eisoky3tmanagedsub.com,precursor012,-2.267122E+06,2026-01-22 03:50:04,4.8E+01,prod-strategy-ap71,2026-01-27 12:50:45,8.762695062153142E+01,8.756567425569628E-04|,5.625E-01,1.20318200691077E+00,2E+01,0E+00,4.5E+01,1.231991E-02 | 0E+00
fr-BULLA-USDT-loong_kc_bnfutures_mode_1,BULLA-USDT-FTR,5.9127696832E+02,0E+00,5.9127696832E+02,0E+00,0E+00,5E-05 | 0E+00,4.505412013500001E+00,0E+00,-1.92267445E+03,-9.010824027000001E+04,0E+00,0E+00,0E+00,0E+00,0E+00,3.075283849119647E-01,0E+00,0E+00,7.81602310926671E-05,21_virtual@eisoky3tmanagedsub.com,precursor012,-2.8983029999999995E+06,2026-01-13 05:12:43,0E+00,prod-strategy-ap71,2026-01-18 06:11:12,0E+00,2.906038101388342E-03|,0E+00,1.4551500508356854E+00,0E+00,0E+00,0E+00,2.5436280000000012E-02 | 0E+00
fr-BULLA-USDT-loong_kc_bnfutures_mode_0,BULLA-USDT-FTR,5.912769683199999E+02,0E+00,5.912769683199999E+02,0E+00,0E+00,5E-05 | 0E+00,4.505412013500001E+00,0E+00,-1.92267445E+03,-9.010824027000001E+04,0E+00,0E+00,0E+00,0E+00,0E+00,3.0752838491196466E-01,0E+00,0E+00,7.81602310926671E-05,21_virtual@eisoky3tmanagedsub.com,precursor012,-2.8983029999999995E+06,2026-01-07 07:30:07,0E+00,prod-strategy-ap71,2026-01-12 22:45:20,0E+00,2.906038101388342E-03|,0E+00,1.4551500508356854E+00,0E+00,0E+00,0E+00,2.5436280000000012E-02 | 0E+00
fr-CC-USDT-loong_kc_bnfutures_mode_1,CC-USDT-FTR,5.734908674639927E+02,4.8553419082399273E+02,8.795667664E+01,6.336867244828136E+01,-6.207109028639898E+02,1.119E-05 | 0E+00,1.9028608802176814E+00,3.5784285061623156E+05,-1.0332592955586001E+05,-1.7005012334385E+05,3.4632434680665005E+00,-6.563888301711081E+00,0E+00,1.6026332969246123E-03,1.3568363598374742E-03,8.512546368377833E-04,-1.734590761824863E-03,1.7708519910110225E-04,4.200387919000359E-03,21_virtual@eisoky3tmanagedsub.com,precursor012,-1.088905E+06,2025-11-27 07:52:56,9.24E+02,prod-strategy-ap71,2026-01-27 12:50:49,1.3620440579652615E+02,1.7327685791299619E-03|,8E-01,1.3238430181155927E+00,0E+00,1E+00,8E+00,6.709E-04 | 0E+00
fr-KGEN-USDT-loong_kc_bnfutures_mode_3,KGEN-USDT-FTR,5.656424706703796E+02,-6.46155201596205E+01,6.3025799083E+02,4.58343574727769E+00,-1.1219944901109555E+02,5E-05 | 0E+00,7.820084770789501E+00,4.609894558340311E+04,-1.1878811773092E+05,-1.5640169541579002E+05,3.88077077606591E-01,9.166492035007476E+00,0E+00,1.2270182398142019E-02,-1.4016702408673717E-03,5.305732617614723E-03,-2.4338831960505933E-03,9.942604303140185E-05,4.828954133608866E-03,21_virtual@eisoky3tmanagedsub.com,precursor012,-5.36481E+05,2026-01-13 03:19:30,4.66E+02,prod-strategy-ap71,2026-01-27 12:50:45,-1.2881288604063041E+01,9.223201475712095E-04|,9E-01,2.1199458425250257E+00,3.1E+01,0E+00,9E+00,4.0345400000000005E-03 | 0E+00
fr-HUMA-USDT-loong_kc_bnfutures_mode_0,HUMA-USDT-FTR,5.2157972213E+02,0E+00,5.2157972213E+02,0E+00,0E+00,5E-05 | 0E+00,1.2777046991999999E+01,0E+00,-2.3321518840062E+05,-2.5554093983999998E+05,0E+00,0E+00,0E+00,0E+00,0E+00,2.2364740723233847E-03,0E+00,0E+00,9.480623732068814E-03,21_virtual@eisoky3tmanagedsub.com,precursor012,-1.058272E+07,2025-12-08 19:04:00,0E+00,prod-strategy-ap71,2026-01-11 22:46:27,0E+00,-1.6556976696058268E-04|,0E+00,7.884223362492795E-01,0E+00,0E+00,0E+00,2.099999999999999E-03 | 0E+00
fr-IRYS-USDT-loong_kc_bnfutures_mode_0,IRYS-USDT-FTR,5.1923551679E+02,0E+00,5.1923551679E+02,0E+00,0E+00,5E-05 | 0E+00,5.19274092051E+00,0E+00,-1.6739466980000002E+03,-1.0385481841020001E+05,0E+00,0E+00,0E+00,0E+00,0E+00,3.1018641000359976E-01,0E+00,0E+00,6.804899329290356E-05,21_virtual@eisoky3tmanagedsub.com,precursor012,-2.267122E+06,2026-01-04 15:26:14,0E+00,prod-strategy-ap71,2026-01-22 11:30:21,0E+00,8.756567425569628E-04|,0E+00,1.20318200691077E+00,0E+00,0E+00,0E+00,1.231991E-02 | 0E+00
fr-PARTI-USDT-loong_kc_bnfutures_mode_0,PARTI-USDT-FTR,5.144181165300001E+02,0E+00,5.144181165300001E+02,0E+00,0E+00,5E-05 | 0E+00,1.2200349271131E+01,0E+00,-2.3468629465215E+05,-2.4400698542262E+05,0E+00,0E+00,0E+00,0E+00,0E+00,2.19193931751518E-03,0E+00,0E+00,9.540426890414967E-03,21_virtual@eisoky3tmanagedsub.com,precursor012,-2.800719E+06,2025-12-17 16:09:09,0E+00,prod-strategy-ap71,2026-01-11 14:46:31,0E+00,-1.1479738261976902E-04|,0E+00,7.763707884842761E-01,0E+00,0E+00,0E+00,2.099999999999999E-03 | 0E+00
fr-Q-USDT-loong_kc_bnfutures_mode_1,Q-USDT-FTR,5.0285035352460704E+02,-4.349216333539299E+01,5.4634251686E+02,4.1643139788357075E+00,-1.135856748200458E+02,5E-05 | 0E+00,1.07498580507E+01,3.645768897500634E+04,-1.909358962824E+05,-2.14997161014E+05,1.909420370126962E-01,-1.173249E+00,0E+00,1.3792710609532528E-02,-1.1929489926037042E-03,2.8613923704107623E-03,-3.1155478587223326E-03,1.1422320218076805E-04,7.761893219789705E-03,21_virtual@eisoky3tmanagedsub.com,precursor012,-1.1837746999999998E+07,2026-01-03 07:15:00,1E+01,prod-strategy-ap71,2026-01-27 12:50:48,-1.3420282042686186E+01,5.548465849192663E-03|,0E+00,1.1747236995071744E+00,1.9E+01,0E+00,0E+00,2.6797500000000007E-03 | 0E+00
fr-B2-USDT-loong_kc_bnfutures_mode_2,B2-USDT-FTR,4.9266910978000004E+02,0E+00,4.9266910978000004E+02,0E+00,0E+00,1.879E-04 | 0E+00,3.1492321737259992E+01,0E+00,-7.91404056E+04,-1.6760149939999997E+05,0E+00,0E+00,0E+00,0E+00,0E+00,6.225253788439013E-03,0E+00,0E+00,3.217202158411896E-03,21_virtual@eisoky3tmanagedsub.com,precursor012,-1.95659E+05,2026-01-03 07:43:57,0E+00,prod-strategy-ap71,2026-01-07 11:12:32,0E+00,1.051524710830698E-03|,0E+00,1.638699444950174E+00,0E+00,0E+00,0E+00,5.6617099999999995E-03 | 0E+00
fr-B2-USDT-loong_kc_bnfutures_mode_5,B2-USDT-FTR,4.9266910978E+02,0E+00,4.9266910978E+02,0E+00,0E+00,1.879E-04 | 0E+00,3.1492321737259992E+01,0E+00,-7.91404056E+04,-1.6760149939999997E+05,0E+00,0E+00,0E+00,0E+00,0E+00,6.225253788439012E-03,0E+00,0E+00,3.217202158411896E-03,21_virtual@eisoky3tmanagedsub.com,precursor012,-1.95659E+05,1970-01-01 00:00:00,0E+00,prod-strategy-ap71,2026-01-19 10:11:00,0E+00,1.051524710830698E-03|,0E+00,1.638699444950174E+00,0E+00,0E+00,0E+00,5.6617099999999995E-03 | 0E+00
fr-B2-USDT-loong_kc_bnfutures_mode_4,B2-USDT-FTR,4.9266910978E+02,0E+00,4.9266910978E+02,0E+00,0E+00,1.879E-04 | 0E+00,3.1492321737259992E+01,0E+00,-7.91404056E+04,-1.6760149939999997E+05,0E+00,0E+00,0E+00,0E+00,0E+00,6.225253788439012E-03,0E+00,0E+00,3.217202158411896E-03,21_virtual@eisoky3tmanagedsub.com,precursor012,-1.95659E+05,2026-01-14 07:30:20,0E+00,prod-strategy-ap71,2026-01-18 06:11:12,0E+00,1.051524710830698E-03|,0E+00,1.638699444950174E+00,0E+00,0E+00,0E+00,5.6617099999999995E-03 | 0E+00
fr-B2-USDT-loong_kc_bnfutures_mode_3,B2-USDT-FTR,4.9266910978E+02,0E+00,4.9266910978E+02,0E+00,0E+00,1.879E-04 | 0E+00,3.1492321737259992E+01,0E+00,-7.91404056E+04,-1.6760149939999997E+05,0E+00,0E+00,0E+00,0E+00,0E+00,6.225253788439012E-03,0E+00,0E+00,3.217202158411896E-03,21_virtual@eisoky3tmanagedsub.com,precursor012,-1.95659E+05,2026-01-07 23:05:32,0E+00,prod-strategy-ap71,2026-01-14 06:45:24,0E+00,1.051524710830698E-03|,0E+00,1.638699444950174E+00,0E+00,0E+00,0E+00,5.6617099999999995E-03 | 0E+00
fr-B2-USDT-loong_kc_bnfutures_mode_6,B2-USDT-FTR,4.754489065158891E+02,-1.722020326411082E+01,4.926691097799999E+02,1.3703336504113395E+00,-5.62047002176987E+01,1.879E-04 | 0E+00,3.1492321737259992E+01,1.8890720373392105E+04,-8.0666633386E+04,-1.6760149939999997E+05,2.3418258058443606E-01,-7.554489180827141E+00,0E+00,2.5168384112316162E-02,-9.115694332316603E-04,6.107470822818602E-03,-2.9752544692188635E-03,7.254004205903537E-05,3.2792461078978894E-03,21_virtual@eisoky3tmanagedsub.com,precursor012,-1.95659E+05,2026-01-19 16:22:50,2.3E+01,prod-strategy-ap71,2026-01-25 19:28:40,-1.2418833799378435E+01,1.051524710830698E-03|,0E+00,1.638699444950174E+00,0E+00,0E+00,0E+00,5.6617099999999995E-03 | 0E+00
fr-PARTI-USDT-loong_kc_bnfutures_mode_1,PARTI-USDT-FTR,4.6300984918223605E+02,-5.140826734776395E+01,5.1441811653E+02,1.303074531682796E+00,-6.817117966143269E+01,5E-05 | 0E+00,1.2200349271131E+01,1.779895766571164E+04,-2.3468629465215E+05,-2.4400698542262E+05,7.584148742939208E-02,2.118234966208458E+01,0E+00,2.6013312570218078E-02,-2.888274039035338E-03,2.1919393175151795E-03,-3.830065835414585E-03,7.321072144539518E-05,9.540426890414967E-03,21_virtual@eisoky3tmanagedsub.com,precursor012,-2.800719E+06,2026-01-11 17:08:53,1.563E+03,prod-strategy-ap71,2026-01-24 11:29:19,-2.9113450674861024E+01,-1.1479738261976902E-04|,0E+00,8.020437447595206E-01,0E+00,0E+00,0E+00,2.099999999999999E-03 | 0E+00
fr-FOLKS-USDT-loong_kc_bnfutures_mode_0,FOLKS-USDT-FTR,4.35914202120548E+02,3.067730627054798E+01,4.0523689585E+02,1.5097671113268007E+01,-4.101609991374415E+01,5E-05 | 0E+00,7.555275675000001E+00,5.797198643541336E+04,-1.5021433848225E+05,-1.511055135E+05,3.8592844745153004E-01,2.5048766335248946E+00,0E+00,7.519393916339237E-03,5.291746610188283E-04,2.6977244645515954E-03,-7.07515861293458E-04,2.604304603239417E-04,6.106487455120015E-03,21_virtual@eisoky3tmanagedsub.com,precursor012,-6.4163700000000004E+04,2025-12-06 16:03:20,1.822E+03,prod-strategy-ap71,2026-01-27 12:50:38,6.575379549208625E+00,6.7986742585191E-04|,8E-01,2.505756488729841E+00,0E+00,1E+00,4E+00,2.611200000000001E-03 | 0E+00
fr-HUMA-USDT-loong_kc_bnfutures_mode_1,HUMA-USDT-FTR,4.3552478131858146E+02,-8.60549408114186E+01,5.2157972213E+02,3.021281859022565E+00,-1.1879150605635368E+02,5E-05 | 0E+00,1.2777046991999999E+01,3.783444500601292E+04,-2.3321518840062E+05,-2.5554093983999998E+05,1.6222976413105833E-01,1.1288780000000001E+01,0E+00,1.1511329986454533E-02,-2.2745131003703675E-03,2.2364740723233847E-03,-3.1397713389868546E-03,7.985532386010689E-05,9.480623732068814E-03,21_virtual@eisoky3tmanagedsub.com,precursor012,-1.058272E+07,2026-01-14 05:57:29,5.23E+02,prod-strategy-ap71,2026-01-27 12:50:45,-3.1030390604050098E+01,-1.6556976696058268E-04|,2E-01,7.884223362492795E-01,1.3E+01,0E+00,1E+00,2.099999999999999E-03 | 0E+00
fr-UB-USDT-loong_kc_bnfutures_mode_5,UB-USDT-FTR,4.111165334373144E+02,9.72681837373144E+01,3.1384834969999997E+02,2.0704565301450202E+01,-7.459900012705475E+00,5E-05 | 0E+00,1.0559272194500002E-01,1.776770705908537E+05,-2.13064587414E+04,-2.1118544389000003E+03,8.339117858455483E+00,1.277038E+01,0E+00,2.313841240572983E-03,5.474436482651099E-04,1.4730197707147353E-02,-4.198572155595574E-05,1.1652919103516565E-04,8.661464966126746E-04,21_virtual@eisoky3tmanagedsub.com,precursor012,-6.101E+04,2026-01-22 03:49:46,1.27E+02,prod-strategy-ap71,2026-01-25 23:28:36,4.383329747751696E+01,3.1782721756716814E-03|,0E+00,8.355827899481615E-01,0E+00,0E+00,0E+00,3.7054500000000003E-03 | 0E+00
fr-MELANIA-USDT-loong_kc_bnfutures_mode_1,MELANIA-USDT-FTR,3.2691355184274204E+02,3.5445741774274205E+02,-2.754386589999999E+01,1.4135691755305743E+01,-4.023947942240121E+02,5E-05 | 0E+00,8.531170140000001E-02,2.0237431573353708E+05,-3.126932688507E+04,-1.706234028E+03,6.471975443454898E+00,-1.689390142777443E+01,0E+00,1.6153905235345364E-03,1.7514940888519188E-03,-8.808589325007573E-04,-1.9883688933818987E-03,6.984923805211514E-05,1.2711552990415094E-03,21_virtual@eisoky3tmanagedsub.com,precursor012,-1.016826E+04,2026-01-23 14:41:54,8E+00,prod-strategy-ap71,2026-01-26 01:20:12,2.1176023419175112E+02,-1.1890606420927874E-04|,0E+00,1.7098159873560685E+00,0E+00,0E+00,0E+00,2.631100000000001E-04 | 0E+00
fr-AVAAI-USDT-loong_kc_bnfutures_mode_1,AVAAI-USDT-FTR,3.262792553400001E+02,0E+00,3.262792553400001E+02,0E+00,0E+00,5E-05 | 0E+00,3.2009678100000003E+00,0E+00,-6.1356858810000005E+04,-6.40193562E+04,0E+00,0E+00,0E+00,0E+00,0E+00,5.317730758518276E-03,0E+00,0E+00,2.4942684726006253E-03,21_virtual@eisoky3tmanagedsub.com,precursor012,-7.487644E+06,2026-01-03 13:22:33,0E+00,prod-strategy-ap71,2026-01-14 12:38:29,0E+00,1.1737089201877549E-03|,0E+00,1.09879654530448E+00,0E+00,0E+00,0E+00,5.030579999999997E-03 | 0E+00
fr-SUI-USDT-loong_kc_bnfutures_mode_4,SUI-USDT-FTR,3.2544577661378617E+02,3.1812257064378616E+02,7.323205970000002E+00,2.824235717213014E+01,-7.374287992878817E+01,2.155E-05 | 0E+00,8.485135305125E-01,1.03058043582201E+05,-1.4918374800000001E+03,-3.937417775E+04,6.90812806112104E+01,4.654805757451057E+00,0E+00,3.1578881696333054E-03,3.0868291264431556E-03,4.908849702582885E-03,-7.155470583911238E-04,2.7404321089797824E-04,6.064592068069669E-05,21_virtual@eisoky3tmanagedsub.com,precursor012,-2.74825E+04,2026-01-12 15:48:41,6.53E+02,prod-strategy-ap71,2026-01-27 12:50:37,-2.98238189863045E+01,5.588153115394512E-04|,0E+00,6.704914987017863E-01,8E+00,0E+00,0E+00,5.6002E-04 | 0E+00
fr-BAN-USDT-loong_kc_bnfutures_mode_8,BAN-USDT-FTR,3.213290133123308E+02,1.6884309192330797E+01,3.0444470412E+02,1.0066674323752522E+00,-6.5147699834778905E+00,1.9641E-04 | 0E+00,3.8683798736581835E+01,9.09953713607788E+03,-1.7433348409999997E+05,-1.9695432379502998E+05,5.21961525810972E-02,2.7720819091796873E-02,0E+00,3.53126767336686E-02,1.8555129716859796E-03,1.7463352246512008E-03,-7.159452053498528E-04,1.1062842178906147E-04,7.086974814922933E-03,21_virtual@eisoky3tmanagedsub.com,precursor012,-2.539573E+06,2026-01-25 05:03:46,4E+01,prod-strategy-ap71,2026-01-27 12:50:33,1.1848504974851833E+01,3.101977510663101E-03|,0E+00,6.793053482147268E-01,1.1E+01,0E+00,0E+00,1.1689219999999997E-02 | 0E+00
fr-UB-USDT-loong_kc_bnfutures_mode_4,UB-USDT-FTR,3.1748495934E+02,0E+00,3.1748495934E+02,0E+00,0E+00,5E-05 | 0E+00,1.0559272194500002E-01,0E+00,-1.93455770406E+03,-2.1118544389000003E+03,0E+00,0E+00,0E+00,0E+00,0E+00,1.6411242666667608E-01,0E+00,0E+00,7.864330709311142E-05,21_virtual@eisoky3tmanagedsub.com,precursor012,-6.101E+04,2026-01-08 00:20:56,0E+00,prod-strategy-ap71,2026-01-22 11:30:21,0E+00,3.1782721756716814E-03|,0E+00,8.355827899481615E-01,0E+00,0E+00,0E+00,3.7054500000000003E-03 | 0E+00
fr-UB-USDT-loong_kc_bnfutures_mode_3,UB-USDT-FTR,3.1748495934E+02,0E+00,3.1748495934E+02,0E+00,0E+00,5E-05 | 0E+00,1.0559272194500002E-01,0E+00,-1.93455770406E+03,-2.1118544389000003E+03,0E+00,0E+00,0E+00,0E+00,0E+00,1.6411242666667608E-01,0E+00,0E+00,7.864330709311142E-05,21_virtual@eisoky3tmanagedsub.com,precursor012,-6.101E+04,2026-01-03 04:40:00,0E+00,prod-strategy-ap71,2026-01-08 07:12:28,0E+00,3.1782721756716814E-03|,0E+00,8.355827899481615E-01,0E+00,0E+00,0E+00,3.7054500000000003E-03 | 0E+00
fr-RVV-USDT-loong_kc_bnfutures_mode_0,RVV-USDT-FTR,3.1172519594E+02,0E+00,3.1172519594E+02,0E+00,0E+00,5E-05 | 0E+00,3.4403922747010003E+00,0E+00,-7.4809283956E+04,-6.880784549402E+04,0E+00,0E+00,0E+00,0E+00,0E+00,4.166931956244161E-03,0E+00,0E+00,3.0411341461774317E-03,21_virtual@eisoky3tmanagedsub.com,precursor012,-2.5958074E+07,2025-11-16 15:54:38,0E+00,prod-strategy-ap71,2026-01-14 12:38:29,0E+00,1.1307953260459858E-03|,0E+00,1.2283373473502264E+00,0E+00,0E+00,0E+00,3.643260000000001E-03 | 0E+00
fr-MET-USDT-loong_kc_bnfutures_mode_2,MET-USDT-FTR,3.0157979454E+02,0E+00,3.0157979454E+02,0E+00,0E+00,5E-05 | 0E+00,1.035078795E+01,0E+00,-2.0519330479999995E+05,-2.0701575900000002E+05,0E+00,0E+00,0E+00,0E+00,0E+00,1.4697350619404814E-03,0E+00,0E+00,8.34148293895312E-03,21_virtual@eisoky3tmanagedsub.com,precursor012,-8.435850000000001E+05,2025-12-15 16:06:53,0E+00,prod-strategy-ap71,2025-12-31 11:11:28,0E+00,4.0816326530612734E-04|,0E+00,1.8196788661013252E+00,0E+00,0E+00,0E+00,1.3618199999999997E-03 | 0E+00
fr-NEAR-USDT-loong_kc_bnfutures_mode_3,NEAR-USDT-FTR,2.8286112507999997E+02,0E+00,2.8286112507999997E+02,0E+00,0E+00,6.801E-05 | 0E+00,4.6914104261616565E+01,0E+00,-6.983488734898E+05,-6.8981185504509E+05,0E+00,0E+00,0E+00,0E+00,0E+00,4.0504271692525526E-04,0E+00,0E+00,2.8389158307724174E-02,21_virtual@eisoky3tmanagedsub.com,precursor012,-4.69423E+05,2025-12-15 16:01:56,0E+00,prod-strategy-ap71,2025-12-28 04:42:53,0E+00,8.849557522123686E-04|,0E+00,7.658942983882492E-01,0E+00,0E+00,0E+00,3.5207E-04 | 0E+00
fr-MET-USDT-loong_kc_bnfutures_mode_3,MET-USDT-FTR,2.5635721570866724E+02,-4.5222578831332754E+01,3.0157979453999997E+02,2.1194445063592866E+00,-7.615280047571287E+01,5E-05 | 0E+00,1.035078795E+01,2.519610214471817E+04,-2.0519330479999995E+05,-2.0701575900000002E+05,1.2279202856680232E-01,9.10823848762512E+00,0E+00,1.0174479141108226E-02,-1.7948243967098184E-03,1.4697350619404812E-03,-3.022404022587148E-03,8.411795182389286E-05,8.34148293895312E-03,21_virtual@eisoky3tmanagedsub.com,precursor012,-8.435850000000001E+05,2026-01-03 07:59:00,1.015E+03,prod-strategy-ap71,2026-01-27 12:50:42,-1.8316088565325188E+01,4.0816326530612734E-04|,4.4E-01,1.8196788661013252E+00,2.5E+01,0E+00,1.1E+01,1.3618199999999997E-03 | 0E+00
fr-RVV-USDT-loong_kc_bnfutures_mode_1,RVV-USDT-FTR,2.4626749896689626E+02,-6.545769697310374E+01,3.1172519594E+02,4.680719855357893E+00,-1.4591951087024069E+02,5E-05 | 0E+00,3.4403922747010003E+00,4.0657995728850365E+04,-7.4809283956E+04,-6.880784549402E+04,5.434886364206328E-01,3.7113069999999997E+00,0E+00,6.0570496541261665E-03,-1.6099587743981152E-03,4.166931956244161E-03,-3.588949928653226E-03,1.1512421533451334E-04,3.0411341461774317E-03,21_virtual@eisoky3tmanagedsub.com,precursor012,-2.5958074E+07,2026-01-14 04:49:07,3.52E+02,prod-strategy-ap71,2026-01-27 12:50:40,2.9167595528993606E-01,1.1307953260459858E-03|,1E+00,1.2283373473502264E+00,1.1E+01,0E+00,5E+00,3.643260000000001E-03 | 0E+00
fr-SWARMS-USDT-loong_kc_bnfutures_mode_2,SWARMS-USDT-FTR,2.4266758955000003E+02,0E+00,2.4266758955000003E+02,0E+00,0E+00,5E-05 | 0E+00,4.07957897E+00,0E+00,-5.772568872E+04,-8.159157939999999E+04,0E+00,0E+00,0E+00,0E+00,0E+00,4.203805877952634E-03,0E+00,0E+00,2.3466547705663673E-03,21_virtual@eisoky3tmanagedsub.com,precursor012,-7.485466000000001E+06,2026-01-02 17:30:07,0E+00,prod-strategy-ap71,2026-01-11 10:46:19,0E+00,3.676470588235059E-03|,0E+00,9.801004171328473E-01,0E+00,0E+00,0E+00,2.52807E-03 | 0E+00
fr-LAB-USDT-loong_kc_bnfutures_mode_1,LAB-USDT-FTR,2.4113285455449255E+02,1.2166373364492518E+01,2.2896648119000002E+02,6.458197107363958E+00,-1.662044854171836E+02,5E-05 | 0E+00,2.26954962E+00,6.292193190789223E+04,-4.5912576449999986E+04,-4.5390992399999996E+04,1.3704726846774953E+00,1.3976111148223875E+01,0E+00,3.8322544658589467E-03,1.9335664045252405E-04,4.987010072051839E-03,-2.6414396439778855E-03,1.0263825206158226E-04,1.8664301621066136E-03,21_virtual@eisoky3tmanagedsub.com,precursor012,-3.06282E+05,2026-01-12 16:09:02,1.6E+01,prod-strategy-ap71,2026-01-27 12:50:48,1.4393072266847671E+01,-1.3463480309650055E-04|,6.923076923076923E-01,1.260172061041669E+00,5E+00,0E+00,1.8E+01,4.3200100000000035E-03 | 0E+00
fr-LAB-USDT-loong_kc_bnfutures_mode_0,LAB-USDT-FTR,2.2896648118999997E+02,0E+00,2.2896648118999997E+02,0E+00,0E+00,5E-05 | 0E+00,2.26954962E+00,0E+00,-4.5912576449999986E+04,-4.5390992399999996E+04,0E+00,0E+00,0E+00,0E+00,0E+00,4.9870100720518385E-03,0E+00,0E+00,1.8664301621066136E-03,21_virtual@eisoky3tmanagedsub.com,precursor012,-3.06282E+05,2026-01-03 13:59:44,0E+00,prod-strategy-ap71,2026-01-12 22:45:19,0E+00,-1.3463480309650055E-04|,0E+00,1.260172061041669E+00,0E+00,0E+00,0E+00,4.3200100000000035E-03 | 0E+00
fr-ZEREBRO-USDT-loong_kc_bnfutures_mode_3,ZEREBRO-USDT-FTR,2.270949082E+02,0E+00,2.270949082E+02,0E+00,0E+00,5E-05 | 0E+00,4.5886986599999995E+00,0E+00,-9.763991424E+04,-9.17739732E+04,0E+00,0E+00,0E+00,0E+00,0E+00,2.3258409224100524E-03,0E+00,0E+00,3.969241002223021E-03,21_virtual@eisoky3tmanagedsub.com,precursor012,-8.40421E+06,2026-01-03 14:06:34,0E+00,prod-strategy-ap71,2026-01-16 14:11:40,0E+00,9.191176470588758E-04|,0E+00,1.0115614057441862E+00,0E+00,0E+00,0E+00,2.1871999999999994E-03 | 0E+00
fr-ZEREBRO-USDT-loong_kc_bnfutures_mode_2,ZEREBRO-USDT-FTR,2.270949082E+02,0E+00,2.270949082E+02,0E+00,0E+00,5E-05 | 0E+00,4.5886986599999995E+00,0E+00,-9.763991424E+04,-9.17739732E+04,0E+00,0E+00,0E+00,0E+00,0E+00,2.3258409224100524E-03,0E+00,0E+00,3.969241002223021E-03,21_virtual@eisoky3tmanagedsub.com,precursor012,-8.40421E+06,2025-11-16 14:28:58,0E+00,prod-strategy-ap71,2026-01-02 11:10:44,0E+00,9.191176470588758E-04|,0E+00,1.0115614057441862E+00,0E+00,0E+00,0E+00,2.1871999999999994E-03 | 0E+00
fr-XNY-USDT-loong_kc_bnfutures_mode_1,XNY-USDT-FTR,2.1204755518000002E+02,0E+00,2.1204755518000002E+02,0E+00,0E+00,5E-05 | 0E+00,6.3060407956E+00,0E+00,-1.31662750276E+03,-1.26120815912E+05,0E+00,0E+00,0E+00,0E+00,0E+00,1.610535665824177E-01,0E+00,0E+00,5.352331481737992E-05,21_virtual@eisoky3tmanagedsub.com,precursor012,-2.8572908E+07,2026-01-10 03:48:35,0E+00,prod-strategy-ap71,2026-01-20 18:10:56,0E+00,5.011389521640153E-03|,0E+00,1.1629493502382007E+00,0E+00,0E+00,0E+00,2.87369E-03 | 0E+00
fr-XNY-USDT-loong_kc_bnfutures_mode_0,XNY-USDT-FTR,2.1204755518E+02,0E+00,2.1204755518E+02,0E+00,0E+00,5E-05 | 0E+00,6.3060407956E+00,0E+00,-1.31662750276E+03,-1.26120815912E+05,0E+00,0E+00,0E+00,0E+00,0E+00,1.6105356658241768E-01,0E+00,0E+00,5.352331481737992E-05,21_virtual@eisoky3tmanagedsub.com,precursor012,-2.8572908E+07,2025-12-12 16:06:01,0E+00,prod-strategy-ap71,2026-01-03 23:11:27,0E+00,5.011389521640153E-03|,0E+00,1.1629493502382007E+00,0E+00,0E+00,0E+00,2.87369E-03 | 0E+00
fr-BARD-USDT-loong_kc_bnfutures_mode_11,BARD-USDT-FTR,2.075293759398899E+02,1.4408597413988988E+02,6.34434018E+01,5.11972330787853E+00,-1.0588565042953272E+02,5E-05 | 0E+00,3.759978175825E-01,7.374219699278288E+04,-1.687805E+03,-7.519956351649999E+03,4.36911829226616E+01,2.7653299467126093E+01,0E+00,2.8142553978992616E-03,1.9539148549370115E-03,3.758929603834566E-02,-1.43588955506568E-03,6.942732270886363E-05,6.861235860254917E-05,21_virtual@eisoky3tmanagedsub.com,precursor012,-9.649E+03,2026-01-19 02:33:43,2.21E+02,prod-strategy-ap71,2026-01-23 03:29:35,8.397040766745515E+01,3.8570326562092916E-04|,0E+00,6.871703771848686E-01,0E+00,0E+00,0E+00,1.9990599999999987E-03 | 0E+00
fr-TRUTH-USDT-loong_kc_bnfutures_mode_2,TRUTH-USDT-FTR,2.0227333268285537E+02,8.142983012855384E+00,1.9413034967E+02,2.8373617945908336E+00,-1.6547971257125027E+01,5E-05 | 0E+00,4.9995673253955E+00,8.482902830898762E+03,-8.351820913572001E+04,-9.999134650791E+04,1.0156950105471907E-01,1.015496E+00,0E+00,2.384482490428628E-02,9.599288327569628E-04,2.3244074756743334E-03,-1.9507439360084916E-03,3.3448005372121135E-04,3.395167874880522E-03,21_virtual@eisoky3tmanagedsub.com,precursor012,-7.694489E+06,2026-01-03 11:44:40,5.8E+02,prod-strategy-ap71,2026-01-27 12:50:46,7.577903058845741E+00,6.126043341756482E-04|,0E+00,1.3423918439002462E+00,2.6E+01,0E+00,0E+00,2.099999999999999E-03 | 0E+00
fr-TRUTH-USDT-loong_kc_bnfutures_mode_1,TRUTH-USDT-FTR,1.9413034967E+02,0E+00,1.9413034967E+02,0E+00,0E+00,5E-05 | 0E+00,4.9995673253955E+00,0E+00,-8.351820913572001E+04,-9.999134650791E+04,0E+00,0E+00,0E+00,0E+00,0E+00,2.3244074756743334E-03,0E+00,0E+00,3.395167874880522E-03,21_virtual@eisoky3tmanagedsub.com,precursor012,-7.694489E+06,2025-12-12 16:04:21,0E+00,prod-strategy-ap71,2025-12-28 20:42:49,0E+00,6.126043341756482E-04|,0E+00,1.3423918439002462E+00,0E+00,0E+00,0E+00,2.099999999999999E-03 | 0E+00
fr-SPX-USDT-loong_kc_bnfutures_mode_3,SPX-USDT-FTR,1.8495723868952763E+02,1.9953441894952763E+02,-1.4577180259999999E+01,6.344832630362362E+00,-7.604671657516155E+01,4.592E-05 | 0E+00,7.664963368600385E-01,9.128466155058146E+04,-1.4590321000000001E+03,-1.669199339852E+04,6.256521809943828E+01,1.4145411318302155E+00,0E+00,2.026159001389752E-03,2.1858482636643644E-03,-9.990993522349506E-03,-8.330722301360952E-04,6.950601034815303E-05,5.931232201458722E-05,21_virtual@eisoky3tmanagedsub.com,precursor012,-4.4077E+04,2026-01-02 16:48:44,8.91E+02,prod-strategy-ap71,2026-01-20 14:10:44,2.4216042819252664E+01,1.055966209081216E-03|,0E+00,1.1075897640883194E+00,0E+00,0E+00,0E+00,-4.7993E-04 | 0E+00
fr-UAI-USDT-loong_kc_bnfutures_mode_0,UAI-USDT-FTR,1.841700827872641E+02,3.568356260726411E+01,1.4848652018E+02,5.263020556769334E+00,-1.0414298763382249E+02,5E-05 | 0E+00,1.0128391135650001E-01,4.568828026664257E+04,-6.202738352845E+04,-2.02567822713E+03,7.365824200159402E-01,-1.048874208736421E-01,0E+00,4.0310136803667E-03,7.810222315002957E-04,2.3938865664371277E-03,-2.2794245488346435E-03,1.1519410505393684E-04,2.521526528142684E-03,21_virtual@eisoky3tmanagedsub.com,precursor012,-1.1461E+04,2025-12-06 16:07:32,4.4E+02,prod-strategy-ap71,2026-01-26 17:27:22,1.9353040551912567E+01,-1.6975046681377837E-04|,0E+00,1.0269776988104855E+00,0E+00,0E+00,0E+00,1.9040299999999984E-03 | 0E+00
fr-US-USDT-loong_kc_bnfutures_mode_2,US-USDT-FTR,1.7654277097000002E+02,0E+00,1.7654277097000002E+02,0E+00,0E+00,5E-05 | 0E+00,9.727801329600001E-02,0E+00,-4.898569589613E+04,-1.9455602659200001E+03,0E+00,0E+00,0E+00,0E+00,0E+00,3.6039657647069863E-03,0E+00,0E+00,1.991358085336098E-03,21_virtual@eisoky3tmanagedsub.com,precursor012,-3.1771200000000006E+05,2026-01-05 00:49:24,0E+00,prod-strategy-ap71,2026-01-09 07:12:28,0E+00,3.274394237067213E-04|,0E+00,1.4157934160703567E+00,0E+00,0E+00,0E+00,3.191830000000002E-03 | 0E+00
fr-US-USDT-loong_kc_bnfutures_mode_1,US-USDT-FTR,1.7654277097000002E+02,0E+00,1.7654277097000002E+02,0E+00,0E+00,5E-05 | 0E+00,9.727801329600001E-02,0E+00,-4.898569589613E+04,-1.9455602659200001E+03,0E+00,0E+00,0E+00,0E+00,0E+00,3.6039657647069863E-03,0E+00,0E+00,1.991358085336098E-03,21_virtual@eisoky3tmanagedsub.com,precursor012,-3.1771200000000006E+05,2026-01-03 03:40:18,0E+00,prod-strategy-ap71,2026-01-04 23:11:40,0E+00,3.274394237067213E-04|,0E+00,1.4157934160703567E+00,0E+00,0E+00,0E+00,3.191830000000002E-03 | 0E+00
fr-US-USDT-loong_kc_bnfutures_mode_0,US-USDT-FTR,1.7654277097E+02,0E+00,1.7654277097E+02,0E+00,0E+00,5E-05 | 0E+00,9.727801329600001E-02,0E+00,-4.898569589613E+04,-1.9455602659200001E+03,0E+00,0E+00,0E+00,0E+00,0E+00,3.6039657647069854E-03,0E+00,0E+00,1.991358085336098E-03,21_virtual@eisoky3tmanagedsub.com,precursor012,-3.1771200000000006E+05,2025-12-30 03:45:07,0E+00,prod-strategy-ap71,2026-01-03 11:11:24,0E+00,3.274394237067213E-04|,0E+00,1.4157934160703567E+00,0E+00,0E+00,0E+00,3.191830000000002E-03 | 0E+00
fr-AVAAI-USDT-loong_kc_bnfutures_mode_2,AVAAI-USDT-FTR,1.6688157349008094E+02,-1.5939768184991908E+02,3.2627925534E+02,4.1499807043092005E+00,-2.563475912961876E+02,5E-05 | 0E+00,3.2009678100000003E+00,4.1252954789444804E+04,-6.1356858810000005E+04,-6.40193562E+04,6.723446341539465E-01,1.1629860420646665E+00,0E+00,4.045324131128181E-03,-3.8639094499651064E-03,5.317730758518275E-03,-6.214041942076305E-03,1.0059838684260834E-04,2.4942684726006253E-03,21_virtual@eisoky3tmanagedsub.com,precursor012,-7.487644E+06,2026-01-14 05:27:20,6.78E+02,prod-strategy-ap71,2026-01-26 20:50:53,-5.941835507454225E+01,1.1737089201877549E-03|,0E+00,1.09879654530448E+00,1.6E+01,0E+00,0E+00,5.030579999999997E-03 | 0E+00
fr-US-USDT-loong_kc_bnfutures_mode_3,US-USDT-FTR,1.6524581219585068E+02,-1.1296958774149351E+01,1.7654277097000002E+02,1.0487834478844889E+00,-3.770850948244328E+01,5E-05 | 0E+00,9.727801329600001E-02,1.1575287109971046E+04,-4.898569589613E+04,-1.9455602659200001E+03,2.3629932979854892E-01,-2.5567453E+01,0E+00,1.42757419860028E-02,-9.759549518575706E-04,3.6039657647069863E-03,-3.2576737945412054E-03,9.060539388099136E-05,1.991358085336098E-03,21_virtual@eisoky3tmanagedsub.com,precursor012,-3.1771200000000006E+05,2026-01-09 01:32:31,4.09E+02,prod-strategy-ap71,2026-01-27 05:23:01,-3.3521798128540623E+00,3.274394237067213E-04|,2.28310502283105E-03,1.4157934160703567E+00,0E+00,0E+00,1E+00,3.191830000000002E-03 | 0E+00
fr-STBL-USDT-loong_kc_bnfutures_mode_0,STBL-USDT-FTR,1.5227948938E+02,0E+00,1.5227948938E+02,0E+00,0E+00,5E-05 | 0E+00,3.2908295002645E+00,0E+00,-6.876949863E+04,-6.581659000529E+04,0E+00,0E+00,0E+00,0E+00,0E+00,2.2143463659566307E-03,0E+00,0E+00,2.795605831786891E-03,21_virtual@eisoky3tmanagedsub.com,precursor012,-1.645597E+06,2025-12-14 16:01:29,0E+00,prod-strategy-ap71,2025-12-25 16:42:29,0E+00,1.75262894341488E-03|,0E+00,1.0470922917636514E+00,0E+00,0E+00,0E+00,2.099999999999999E-03 | 0E+00
fr-STBL-USDT-loong_kc_bnfutures_mode_1,STBL-USDT-FTR,1.4805611105398563E+02,-4.2233783260143625E+00,1.5227948938E+02,3.5430606444206205E+00,-2.1976509973144857E+01,5E-05 | 0E+00,3.2908295002645E+00,1.645364213964343E+04,-6.876949863E+04,-6.581659000529E+04,2.3925784639159337E-01,1.0685509018440246E+01,0E+00,8.998379191514017E-03,-2.5668349233380665E-04,2.2143463659566307E-03,-1.3356623285366478E-03,2.1533594898627125E-04,2.795605831786891E-03,21_virtual@eisoky3tmanagedsub.com,precursor012,-1.645597E+06,2025-12-25 11:21:12,5.13E+02,prod-strategy-ap71,2026-01-27 00:50:33,1.573469161636377E+00,1.75262894341488E-03|,0E+00,1.0470922917636514E+00,7.8E+01,0E+00,0E+00,2.099999999999999E-03 | 0E+00
fr-PARTI-USDT-loong_kc_bnfutures_mode_2,PARTI-USDT-FTR,1.4025762423939622E+02,-4.732440870603764E+00,1.4499006511E+02,1.9539154041558504E-01,-6.878329953295179E+00,5E-05 | 0E+00,1.2200349271131E+01,2.8048702716827393E+03,-2.3873793275849E+05,-2.4400698542262E+05,1.1748741556375031E-02,-1.1845665153503418E-01,0E+00,5.0005030769302135E-02,-1.6872227276895084E-03,6.073189268027782E-04,-2.452280956711994E-03,6.966152495115679E-05,9.705133385940192E-03,21_virtual@eisoky3tmanagedsub.com,precursor012,-2.800719E+06,2026-01-24 06:47:24,4E+00,prod-strategy-ap71,2026-01-26 03:28:40,-3.286934591764754E+00,-1.1479738261976902E-04|,0E+00,7.763707884842761E-01,0E+00,0E+00,0E+00,2.099999999999999E-03 | 0E+00
fr-ZEREBRO-USDT-loong_kc_bnfutures_mode_4,ZEREBRO-USDT-FTR,1.3932082160703007E+02,-8.77740865929699E+01,2.2709490819999996E+02,3.234258419863181E+00,-1.4657968914508817E+02,5E-05 | 0E+00,4.5886986599999995E+00,3.7984515459924936E+04,-9.763991424E+04,-9.17739732E+04,3.8902651395779164E-01,1.3410971440048218E+01,0E+00,3.667832007861695E-03,-2.310786001352967E-03,2.325840922410052E-03,-3.858932709033373E-03,8.514675995473585E-05,3.969241002223021E-03,21_virtual@eisoky3tmanagedsub.com,precursor012,-8.40421E+06,2026-01-16 06:29:20,1.232E+03,prod-strategy-ap71,2026-01-27 12:50:41,-5.921428057409163E+01,9.191176470588758E-04|,0E+00,1.0115614057441862E+00,4.1E+01,0E+00,0E+00,2.1871999999999994E-03 | 0E+00
fr-XNY-USDT-loong_kc_bnfutures_mode_2,XNY-USDT-FTR,1.3754765282019582E+02,-7.313469371980419E+01,2.1068234654E+02,2.2684275217739923E+01,-2.842091806821773E+02,5E-05 | 0E+00,6.3060407956E+00,1.5716629099409282E+05,-5.9936465465849986E+04,-1.26120815912E+05,2.6222148699048913E+00,-1.3316437E+01,0E+00,8.751727355159486E-04,-4.653332038137427E-04,3.51509460730614E-03,-1.8083342101192644E-03,1.4433295507745056E-04,2.436526886644016E-03,21_virtual@eisoky3tmanagedsub.com,precursor012,-2.8572908E+07,2026-01-20 10:30:09,6.7E+01,prod-strategy-ap71,2026-01-27 12:50:32,-2.135282630877109E+01,5.011389521640153E-03|,0E+00,1.1629493502382007E+00,2.8E+01,1E+00,0E+00,2.87369E-03 | 0E+00
fr-LYN-USDT-loong_kc_bnfutures_mode_5,LYN-USDT-FTR,1.3675998740117961E+02,2.28332237311796E+01,1.1392676367E+02,1.1814082566055731E+01,-3.935237910001015E+02,2.0511E-04 | 0E+00,1.6063438353699944E+01,1.3148688240859658E+05,-5.355645399E+04,-7.831621253815E+04,2.455108070320482E+00,1.732360596475601E+01,0E+00,1.040103658220421E-03,1.7365400496929548E-04,2.127227536223221E-03,-2.992874907302335E-03,8.984989490695636E-05,2.1771677573195988E-03,21_virtual@eisoky3tmanagedsub.com,precursor012,-7.10539E+05,2026-01-13 11:28:20,7.42E+02,prod-strategy-ap71,2026-01-27 12:50:32,2.2604949114465036E+01,4.474885844748977E-03|,6.111111111111112E-01,2.949690136660094E+00,5.1E+01,0E+00,2.2E+01,2.0159899999999988E-03 | 0E+00
fr-LYN-USDT-loong_kc_bnfutures_mode_3,LYN-USDT-FTR,1.1392676367000001E+02,0E+00,1.1392676367000001E+02,0E+00,0E+00,2.0511E-04 | 0E+00,1.6063438353699944E+01,0E+00,-5.355645399E+04,-7.831621253815E+04,0E+00,0E+00,0E+00,0E+00,0E+00,2.1272275362232214E-03,0E+00,0E+00,2.1771677573195988E-03,21_virtual@eisoky3tmanagedsub.com,precursor012,-7.10539E+05,2025-12-16 07:47:04,0E+00,prod-strategy-ap71,2026-01-02 03:10:52,0E+00,4.474885844748977E-03|,0E+00,2.949690136660094E+00,0E+00,0E+00,0E+00,2.0159899999999988E-03 | 0E+00
fr-LYN-USDT-loong_kc_bnfutures_mode_4,LYN-USDT-FTR,1.1392676367000001E+02,0E+00,1.1392676367000001E+02,0E+00,0E+00,2.0511E-04 | 0E+00,1.6063438353699944E+01,0E+00,-5.355645399E+04,-7.831621253815E+04,0E+00,0E+00,0E+00,0E+00,0E+00,2.1272275362232214E-03,0E+00,0E+00,2.1771677573195988E-03,21_virtual@eisoky3tmanagedsub.com,precursor012,-7.10539E+05,2026-01-02 18:14:19,0E+00,prod-strategy-ap71,2026-01-13 18:45:27,0E+00,4.474885844748977E-03|,0E+00,2.949690136660094E+00,0E+00,0E+00,0E+00,2.0159899999999988E-03 | 0E+00
fr-B2-USDT-loong_kc_bnfutures_mode_7,B2-USDT-FTR,9.749633883694749E+01,-2.0803118553052514E+01,1.1829945739E+02,8.082921191002242E+00,-5.068656997160012E+01,1.879E-04 | 0E+00,3.1492321737259992E+01,6.141567861485481E+04,-1.141062461E+05,-1.6760149939999997E+05,5.382323993117044E-01,-9.345469840407372E+00,0E+00,1.5874828876899477E-03,-3.387265112466053E-04,1.0367483063663768E-03,-8.253034260105105E-04,1.3161006070927303E-04,4.638627493225774E-03,21_virtual@eisoky3tmanagedsub.com,precursor012,-1.95659E+05,2026-01-25 11:29:58,1.9E+01,prod-strategy-ap71,2026-01-27 12:50:48,-1.5926565977231002E+01,1.051524710830698E-03|,3.75E-01,1.638699444950174E+00,3.3E+01,0E+00,1.2E+01,5.6617099999999995E-03 | 0E+00
fr-SENT-USDT-loong_kc_bnfutures_mode_0,SENT-USDT-FTR,9.66098402254222E+01,1.234839932354222E+02,-2.687415301E+01,7.419117523447193E+01,-1.450537989725235E+03,5E-05 | 0E+00,1.0643257679054003E+01,8.089709358971881E+05,-1.8516608698E+03,-2.1286515358108003E+05,4.368893619189382E+02,9.020898763537513E+00,0E+00,1.1942312874105568E-04,1.5264329997031654E-04,-1.4513539411189647E-02,-1.7930656410004616E-03,9.171055713168522E-05,7.527339924281876E-05,21_virtual@eisoky3tmanagedsub.com,precursor012,-7.975396E+06,2026-01-22 15:39:56,3.12E+02,prod-strategy-ap71,2026-01-25 15:28:43,1.5297971908968208E+02,0E+00|,0E+00,1.7836534696242676E+00,0E+00,0E+00,0E+00,1.8210000000000008E-03 | 0E+00
fr-XPL-USDT-loong_kc_bnfutures_mode_0,XPL-USDT-FTR,9.203943803276833E+01,-2.1092537367231685E+01,1.1313197540000002E+02,7.654910006094724E-01,-4.1993000254034996E+01,5E-05 | 0E+00,1.3044889698057E+01,1.1007960600852966E+04,-2.4734163874514E+05,-2.6089779396113998E+05,4.4505084775457206E-02,2.394166900634766E-01,0E+00,8.361170735443632E-03,-1.9161167206210115E-03,4.5739154949389995E-04,-3.8147847522983606E-03,6.953976566287468E-05,1.0054889762101496E-02,21_virtual@eisoky3tmanagedsub.com,precursor012,-2.066953E+06,2026-01-03 14:33:59,7.68E+02,prod-strategy-ap71,2026-01-27 12:50:39,-9.83501430820089E+00,0E+00|,0E+00,1.1161329444736146E+00,9E+00,0E+00,0E+00,4.2852E-04 | 0E+00
fr-BLUAI-USDT-loong_kc_bnfutures_mode_0,BLUAI-USDT-FTR,8.833472660000001E+01,0E+00,8.833472660000001E+01,0E+00,0E+00,5E-05 | 0E+00,3.4061995464000003E+00,0E+00,-1.8222165114000002E+03,-6.8123990928E+04,0E+00,0E+00,0E+00,0E+00,0E+00,4.8476526278500714E-02,0E+00,0E+00,7.40764322487864E-05,21_virtual@eisoky3tmanagedsub.com,precursor012,-9.968392000000002E+06,2025-11-17 19:19:49,0E+00,prod-strategy-ap71,2025-12-26 00:42:41,0E+00,1.025490770583115E-03|,0E+00,2.213338497618129E+00,0E+00,0E+00,0E+00,3.2069900000000007E-03 | 0E+00
fr-BLUAI-USDT-loong_kc_bnfutures_mode_2,BLUAI-USDT-FTR,8.833472660000001E+01,0E+00,8.833472660000001E+01,0E+00,0E+00,5E-05 | 0E+00,3.4061995464000003E+00,0E+00,-1.8222165114000002E+03,-6.8123990928E+04,0E+00,0E+00,0E+00,0E+00,0E+00,4.8476526278500714E-02,0E+00,0E+00,7.40764322487864E-05,21_virtual@eisoky3tmanagedsub.com,precursor012,-9.968392000000002E+06,2025-12-30 02:12:24,0E+00,prod-strategy-ap71,2026-01-22 11:30:20,0E+00,1.025490770583115E-03|,0E+00,2.213338497618129E+00,0E+00,0E+00,0E+00,3.2069900000000007E-03 | 0E+00
fr-BLUAI-USDT-loong_kc_bnfutures_mode_1,BLUAI-USDT-FTR,8.83347266E+01,0E+00,8.83347266E+01,0E+00,0E+00,5E-05 | 0E+00,3.4061995464000003E+00,0E+00,-1.8222165114000002E+03,-6.8123990928E+04,0E+00,0E+00,0E+00,0E+00,0E+00,4.847652627850071E-02,0E+00,0E+00,7.40764322487864E-05,21_virtual@eisoky3tmanagedsub.com,precursor012,-9.968392000000002E+06,1970-01-01 00:00:00,0E+00,prod-strategy-ap71,2025-12-28 20:42:49,0E+00,1.025490770583115E-03|,0E+00,2.213338497618129E+00,0E+00,0E+00,0E+00,3.2069900000000007E-03 | 0E+00
fr-CC-USDT-loong_kc_bnfutures_mode_0,CC-USDT-FTR,8.795667663999998E+01,0E+00,8.795667663999998E+01,0E+00,0E+00,1.119E-05 | 0E+00,1.9028608802176814E+00,0E+00,-1.0332592955586001E+05,-1.7005012334385E+05,0E+00,0E+00,0E+00,0E+00,0E+00,8.512546368377832E-04,0E+00,0E+00,4.200387919000359E-03,21_virtual@eisoky3tmanagedsub.com,precursor012,-1.088905E+06,2026-01-03 12:14:01,0E+00,prod-strategy-ap71,2026-01-17 06:11:48,0E+00,1.7327685791299619E-03|,0E+00,1.2937134740039102E+00,0E+00,0E+00,0E+00,6.709E-04 | 0E+00
fr-QNT-USDT-loong_kc_bnfutures_mode_0,QNT-USDT-FTR,7.779977701078802E+01,6.846112189078802E+01,9.338655119999999E+00,1.1684542486051214E+01,-2.1456958951754496E+02,5.169E-05 | 0E+00,1.5795828212999998E+00,1.2895387046128511E+05,-7.505350552919999E+03,-3.0558769999999997E+04,1.718159192592475E+01,-4.286520135710016E+01,0E+00,6.033147879353128E-04,5.308962161887309E-04,1.244266347608073E-03,-1.6639251598265415E-03,9.06102503496332E-05,3.05106219957156E-04,21_virtual@eisoky3tmanagedsub.com,precursor012,-4.169E+02,2026-01-18 06:59:40,5.19E+02,prod-strategy-ap71,2026-01-27 12:50:51,4.5787533445232555E+01,1.367989056087593E-03|,4.6153846153846156E-01,8.825098763131827E-01,8E+00,0E+00,1.2E+01,6.293199999999999E-04 | 0E+00
fr-PENDLE-USDT-loong_kc_bnfutures_mode_1,PENDLE-USDT-FTR,7.312763179038629E+01,1.9590070280386282E+01,5.353756151E+01,2.6591084507875166E+01,-1.4143480594590073E+02,5.739E-05 | 0E+00,6.614314053350999E+00,1.3032031882041693E+05,-4.70085103635E+03,-1.152520309E+05,2.7722707614577978E+01,4.4534088485264775E+01,0E+00,5.611376065704466E-04,1.5032245514516926E-04,1.1388908326601542E-02,-1.0852859111003229E-03,2.04044041240553E-04,1.9109818790868086E-04,21_virtual@eisoky3tmanagedsub.com,precursor012,-6.0143E+04,2025-11-16 20:05:46,6.31E+02,prod-strategy-ap71,2026-01-27 12:50:37,2.028807279416293E+01,4.1718815185665115E-04|,5E-01,8.184079285493892E-01,1E+01,0E+00,3E+00,7.406000000000003E-04 | 0E+00
fr-OP-USDT-loong_kc_bnfutures_mode_1,OP-USDT-FTR,7.262106521531122E+01,6.111125701531122E+01,1.15098082E+01,8.467519666999578E+00,-2.9033109955489635E+01,1.591E-05 | 0E+00,3.153251377786546E-01,3.361039093732834E+04,-2.01592863317E+03,-1.9819304700104E+04,1.6672411108361903E+01,2.4825349121093748E-01,0E+00,2.160673029680737E-03,1.8182251176209884E-03,5.7094323730603E-03,-8.638135155769614E-04,2.5193160302087976E-04,8.195118410966126E-05,21_virtual@eisoky3tmanagedsub.com,precursor012,-6.72412E+04,2026-01-17 02:13:07,7.08E+02,prod-strategy-ap71,2026-01-27 12:50:34,-1.2468636219553726E+01,1.0176390773404265E-03|,0E+00,8.051540345724598E-01,9E+00,0E+00,0E+00,7.2064E-04 | 0E+00
fr-BARD-USDT-loong_kc_bnfutures_mode_10,BARD-USDT-FTR,6.558753903550931E+01,2.1441372355093193E+00,6.34434018E+01,3.7543365033343434E-02,-1.7916277772747136E-01,5E-05 | 0E+00,3.759978175825E-01,5.366194138526917E+02,-1.687805E+03,-7.519956351649999E+03,3.179392251194253E-01,4.058536282539368E+00,0E+00,1.2222356728508868E-01,3.995638585110733E-03,3.758929603834566E-02,-3.338730823045728E-04,6.996274093737788E-05,6.861235860254917E-05,21_virtual@eisoky3tmanagedsub.com,precursor012,-9.649E+03,2026-01-18 06:49:46,1.45E+02,prod-strategy-ap71,2026-01-19 10:11:00,1.4454571774016223E+00,3.8570326562092916E-04|,0E+00,7.060552276295707E-01,0E+00,0E+00,0E+00,1.9990599999999987E-03 | 0E+00
fr-BARD-USDT-loong_kc_bnfutures_mode_9,BARD-USDT-FTR,6.3443401800000004E+01,0E+00,6.3443401800000004E+01,0E+00,0E+00,5E-05 | 0E+00,3.759978175825E-01,0E+00,-1.687805E+03,-7.519956351649999E+03,0E+00,0E+00,0E+00,0E+00,0E+00,3.758929603834566E-02,0E+00,0E+00,6.861235860254917E-05,21_virtual@eisoky3tmanagedsub.com,precursor012,-9.649E+03,2026-01-14 21:26:34,0E+00,prod-strategy-ap71,2026-01-18 10:11:16,0E+00,3.8570326562092916E-04|,0E+00,6.871703771848686E-01,0E+00,0E+00,0E+00,1.9990599999999987E-03 | 0E+00
fr-BARD-USDT-loong_kc_bnfutures_mode_8,BARD-USDT-FTR,6.3443401800000004E+01,0E+00,6.3443401800000004E+01,0E+00,0E+00,5E-05 | 0E+00,3.759978175825E-01,0E+00,-1.687805E+03,-7.519956351649999E+03,0E+00,0E+00,0E+00,0E+00,0E+00,3.758929603834566E-02,0E+00,0E+00,6.861235860254917E-05,21_virtual@eisoky3tmanagedsub.com,precursor012,-9.649E+03,2026-01-03 13:28:18,0E+00,prod-strategy-ap71,2026-01-15 04:38:17,0E+00,3.8570326562092916E-04|,0E+00,6.871703771848686E-01,0E+00,0E+00,0E+00,1.9990599999999987E-03 | 0E+00
fr-BARD-USDT-loong_kc_bnfutures_mode_7,BARD-USDT-FTR,6.34434018E+01,0E+00,6.34434018E+01,0E+00,0E+00,5E-05 | 0E+00,3.759978175825E-01,0E+00,-1.687805E+03,-7.519956351649999E+03,0E+00,0E+00,0E+00,0E+00,0E+00,3.758929603834566E-02,0E+00,0E+00,6.861235860254917E-05,21_virtual@eisoky3tmanagedsub.com,precursor012,-9.649E+03,2025-12-24 16:22:23,0E+00,prod-strategy-ap71,2025-12-27 04:42:33,0E+00,3.8570326562092916E-04|,0E+00,6.871703771848686E-01,0E+00,0E+00,0E+00,1.9990599999999987E-03 | 0E+00
fr-GRIFFAIN-USDT-loong_kc_bnfutures_mode_1,GRIFFAIN-USDT-FTR,6.2533410440000004E+01,0E+00,6.2533410440000004E+01,0E+00,0E+00,5E-05 | 0E+00,8.825407499999999E-02,0E+00,-1.82018127684E+03,-1.7650814999999998E+03,0E+00,0E+00,0E+00,0E+00,0E+00,3.435559481666776E-02,0E+00,0E+00,7.399369624345935E-05,21_virtual@eisoky3tmanagedsub.com,precursor012,-1.2931E+05,2025-12-09 09:00:24,0E+00,prod-strategy-ap71,2025-12-27 12:42:41,0E+00,-7.288629737609575E-04|,0E+00,1.0128727320555848E+00,0E+00,0E+00,0E+00,2.099999999999999E-03 | 0E+00
fr-GRIFFAIN-USDT-loong_kc_bnfutures_mode_2,GRIFFAIN-USDT-FTR,6.2533410440000004E+01,0E+00,6.2533410440000004E+01,0E+00,0E+00,5E-05 | 0E+00,8.825407499999999E-02,0E+00,-1.82018127684E+03,-1.7650814999999998E+03,0E+00,0E+00,0E+00,0E+00,0E+00,3.435559481666776E-02,0E+00,0E+00,7.399369624345935E-05,21_virtual@eisoky3tmanagedsub.com,precursor012,-1.2931E+05,2025-12-28 10:21:56,0E+00,prod-strategy-ap71,2025-12-30 07:11:24,0E+00,-7.288629737609575E-04|,0E+00,1.0128727320555848E+00,0E+00,0E+00,0E+00,2.099999999999999E-03 | 0E+00
fr-GRIFFAIN-USDT-loong_kc_bnfutures_mode_3,GRIFFAIN-USDT-FTR,6.2533410440000004E+01,0E+00,6.2533410440000004E+01,0E+00,0E+00,5E-05 | 0E+00,8.825407499999999E-02,0E+00,-1.82018127684E+03,-1.7650814999999998E+03,0E+00,0E+00,0E+00,0E+00,0E+00,3.435559481666776E-02,0E+00,0E+00,7.399369624345935E-05,21_virtual@eisoky3tmanagedsub.com,precursor012,-1.2931E+05,2025-12-29 23:33:40,0E+00,prod-strategy-ap71,2026-01-19 02:11:04,0E+00,-7.288629737609575E-04|,0E+00,9.684628363551518E-01,0E+00,0E+00,0E+00,2.099999999999999E-03 | 0E+00
fr-SWARMS-USDT-loong_kc_bnfutures_mode_4,SWARMS-USDT-FTR,6.0464017831571795E+01,1.2214153215717989E+00,5.924260251E+01,6.646036067231762E+00,-3.3433069995604555E+01,5E-05 | 0E+00,4.07957897E+00,3.582243328264356E+04,-5.772568872E+04,-8.159157939999999E+04,6.205631162999411E-01,1.0325763360099792E+01,0E+00,1.6878813718348778E-03,3.409638066556441E-05,1.0262779678100998E-03,-9.332998049522035E-04,1.8552720901993707E-04,2.3466547705663673E-03,21_virtual@eisoky3tmanagedsub.com,precursor012,-7.485466000000001E+06,2026-01-24 11:30:08,1.04E+02,prod-strategy-ap71,2026-01-26 20:50:53,-4.723750633824239E+00,3.676470588235059E-03|,0E+00,9.801004171328473E-01,1.1E+01,0E+00,0E+00,2.52807E-03 | 0E+00
fr-KAS-USDT-loong_kc_bnfutures_mode_2,KAS-USDT-FTR,5.773319113236602E+01,7.341868928236602E+01,-1.5685498150000003E+01,8.324322285996459E+00,-8.258344153850342E+01,-3.289E-05 | 0E+00,-1.4107158459179503E-01,1.1919311085994542E+05,-1.70553486E+03,-4.289193815500001E+03,6.988605959068197E+01,-1.6711343441581716E+00,0E+00,4.8436684566613767E-04,6.159642008893839E-04,-9.196820609107927E-03,-6.928541502330686E-04,6.983895483504684E-05,6.933310982220605E-05,21_virtual@eisoky3tmanagedsub.com,precursor012,-1.08751E+05,2025-12-11 16:05:28,7.64E+02,prod-strategy-ap71,2026-01-26 12:52:05,5.1369793190642454E+01,7.606490872209548E-04|,0E+00,6.882281507779501E-01,0E+00,0E+00,0E+00,3.5232000000000015E-04 | 0E+00
fr-FF-USDT-loong_kc_bnfutures_mode_7,FF-USDT-FTR,4.9822232660000005E+01,0E+00,4.9822232660000005E+01,0E+00,0E+00,3.513E-05 | 0E+00,1.1929256271932862E+00,0E+00,-1.5220602719999999E+04,-3.395746163374E+04,0E+00,0E+00,0E+00,0E+00,0E+00,3.2733416393907434E-03,0E+00,0E+00,6.187453242356642E-04,21_virtual@eisoky3tmanagedsub.com,precursor012,-3.77318E+05,2026-01-10 09:11:52,0E+00,prod-strategy-ap71,2026-01-12 22:45:19,0E+00,2.222716159146376E-03|,0E+00,1.1617885857107602E+00,0E+00,0E+00,0E+00,1.8055699999999992E-03 | 0E+00
fr-FF-USDT-loong_kc_bnfutures_mode_6,FF-USDT-FTR,4.9822232660000005E+01,0E+00,4.9822232660000005E+01,0E+00,0E+00,3.513E-05 | 0E+00,1.1929256271932862E+00,0E+00,-1.5220602719999999E+04,-3.395746163374E+04,0E+00,0E+00,0E+00,0E+00,0E+00,3.2733416393907434E-03,0E+00,0E+00,6.187453242356642E-04,21_virtual@eisoky3tmanagedsub.com,precursor012,-3.77318E+05,2025-12-29 12:07:29,0E+00,prod-strategy-ap71,2026-01-10 10:47:08,0E+00,2.222716159146376E-03|,0E+00,1.1617885857107602E+00,0E+00,0E+00,0E+00,1.8055699999999992E-03 | 0E+00
fr-FF-USDT-loong_kc_bnfutures_mode_3,FF-USDT-FTR,4.9822232660000005E+01,0E+00,4.9822232660000005E+01,0E+00,0E+00,3.513E-05 | 0E+00,1.1929256271932862E+00,0E+00,-1.5220602719999999E+04,-3.395746163374E+04,0E+00,0E+00,0E+00,0E+00,0E+00,3.2733416393907434E-03,0E+00,0E+00,6.187453242356642E-04,21_virtual@eisoky3tmanagedsub.com,precursor012,-3.77318E+05,1970-01-01 00:00:00,0E+00,prod-strategy-ap71,2025-12-25 11:21:32,0E+00,2.222716159146376E-03|,0E+00,1.1693034373377393E+00,0E+00,0E+00,0E+00,1.8055699999999992E-03 | 0E+00
fr-FF-USDT-loong_kc_bnfutures_mode_5,FF-USDT-FTR,4.982223266E+01,0E+00,4.982223266E+01,0E+00,0E+00,3.513E-05 | 0E+00,1.1929256271932862E+00,0E+00,-1.5220602719999999E+04,-3.395746163374E+04,0E+00,0E+00,0E+00,0E+00,0E+00,3.273341639390743E-03,0E+00,0E+00,6.187453242356642E-04,21_virtual@eisoky3tmanagedsub.com,precursor012,-3.77318E+05,1970-01-01 00:00:00,0E+00,prod-strategy-ap71,2025-12-29 19:11:28,0E+00,2.222716159146376E-03|,0E+00,1.1693034373377393E+00,0E+00,0E+00,0E+00,1.8055699999999992E-03 | 0E+00
fr-FF-USDT-loong_kc_bnfutures_mode_8,FF-USDT-FTR,4.982223266E+01,0E+00,4.982223266E+01,0E+00,0E+00,3.513E-05 | 0E+00,1.1929256271932862E+00,0E+00,-1.5220602719999999E+04,-3.395746163374E+04,0E+00,0E+00,0E+00,0E+00,0E+00,3.273341639390743E-03,0E+00,0E+00,6.187453242356642E-04,21_virtual@eisoky3tmanagedsub.com,precursor012,-3.77318E+05,2026-01-12 16:45:15,0E+00,prod-strategy-ap71,2026-01-14 02:45:24,0E+00,2.222716159146376E-03|,0E+00,1.1693034373377393E+00,0E+00,0E+00,0E+00,1.8055699999999992E-03 | 0E+00
fr-FF-USDT-loong_kc_bnfutures_mode_4,FF-USDT-FTR,4.982223266E+01,0E+00,4.982223266E+01,0E+00,0E+00,3.513E-05 | 0E+00,1.1929256271932862E+00,0E+00,-1.5220602719999999E+04,-3.395746163374E+04,0E+00,0E+00,0E+00,0E+00,0E+00,3.273341639390743E-03,0E+00,0E+00,6.187453242356642E-04,21_virtual@eisoky3tmanagedsub.com,precursor012,-3.77318E+05,2025-12-25 09:05:35,0E+00,prod-strategy-ap71,2025-12-29 04:42:45,0E+00,2.222716159146376E-03|,0E+00,1.1617885857107602E+00,0E+00,0E+00,0E+00,1.8055699999999992E-03 | 0E+00
fr-THETA-USDT-loong_kc_bnfutures_mode_0,THETA-USDT-FTR,4.5557504753330555E+01,-3.4913798166694385E+00,4.904888456999999E+01,3.4587601103658017E+00,-2.7864646931178868E+01,-4.886E-05 | 0E+00,-2.45897997246898E+00,4.413931890716404E+04,-6.706244849254E+03,-5.032705633379E+04,6.581823345157772E+00,6.757063871759176E+01,0E+00,1.0321297627892564E-03,-7.909908678048881E-05,7.313911983910962E-03,-6.312885568031792E-04,7.836006979718999E-05,2.7262111231659685E-04,21_virtual@eisoky3tmanagedsub.com,precursor012,-1.85533E+05,2025-11-18 16:39:32,7.96E+02,prod-strategy-ap71,2026-01-27 12:50:44,7.430782027206106E-02,2.2132054592400863E-03|,1E-01,8.462696710774154E-01,1.8E+01,0E+00,2E+00,1.7382100000000004E-03 | 0E+00
fr-PENGU-USDT-loong_kc_bnfutures_mode_1,PENGU-USDT-FTR,4.433478465721646E+01,-1.418134044278353E+01,5.851612509999999E+01,1.5312259192141937E+00,-2.9967573184520006E+01,2.611E-05 | 0E+00,3.7833875583335996E+00,2.193290082961321E+04,-1.3161201413999998E+05,-1.4490185976E+05,1.6664816637698796E-01,1.32509E+00,0E+00,2.0213826252000753E-03,-6.465784235725111E-04,4.446108167431773E-04,-1.3663296714522414E-03,6.981410854449194E-05,5.350268965062582E-03,21_virtual@eisoky3tmanagedsub.com,precursor012,-1.512072E+07,2026-01-03 10:55:23,7.18E+02,prod-strategy-ap71,2026-01-27 12:50:39,-1.0763912179507344E+01,4.174493842621363E-04|,0E+00,8.880746282976772E-01,7E+00,0E+00,0E+00,4.181E-04 | 0E+00
fr-ORDI-USDT-loong_kc_bnfutures_mode_1,ORDI-USDT-FTR,4.42421837E+01,0E+00,4.42421837E+01,0E+00,0E+00,-8.728E-05 | 0E+00,-1.6679684548799997E-01,0E+00,-1.1072942079999998E+05,-1.9110545999999997E+03,0E+00,0E+00,0E+00,0E+00,0E+00,3.995522001321622E-04,0E+00,0E+00,4.501353371854074E-03,21_virtual@eisoky3tmanagedsub.com,precursor012,-4.914E+02,2026-01-11 08:00:02,0E+00,prod-strategy-ap71,2026-01-13 22:45:32,0E+00,5.142710208281276E-04|,0E+00,7.90814165992828E-01,0E+00,0E+00,0E+00,3.6222E-04 | 0E+00
fr-ORDI-USDT-loong_kc_bnfutures_mode_0,ORDI-USDT-FTR,4.42421837E+01,0E+00,4.42421837E+01,0E+00,0E+00,-8.728E-05 | 0E+00,-1.6679684548799997E-01,0E+00,-1.1072942079999998E+05,-1.9110545999999997E+03,0E+00,0E+00,0E+00,0E+00,0E+00,3.995522001321622E-04,0E+00,0E+00,4.501353371854074E-03,21_virtual@eisoky3tmanagedsub.com,precursor012,-4.914E+02,2026-01-03 08:25:57,0E+00,prod-strategy-ap71,2026-01-11 10:46:20,0E+00,5.142710208281276E-04|,0E+00,7.90814165992828E-01,0E+00,0E+00,0E+00,3.6222E-04 | 0E+00
fr-ARIA-USDT-loong_kc_bnfutures_mode_0,ARIA-USDT-FTR,3.864631508000001E+01,0E+00,3.864631508000001E+01,0E+00,0E+00,5E-05 | 0E+00,2.50341315E-01,0E+00,-5.274229764899998E+03,-5.0068263E+03,0E+00,0E+00,0E+00,0E+00,0E+00,7.327385571480267E-03,0E+00,0E+00,2.1440708137584452E-04,21_virtual@eisoky3tmanagedsub.com,precursor012,-6.7605E+04,2026-01-03 15:38:14,0E+00,prod-strategy-ap71,2026-01-07 03:12:21,0E+00,2.9810298102981303E-03|,0E+00,8.79410388550521E-01,0E+00,0E+00,0E+00,2.099999999999999E-03 | 0E+00
fr-ARIA-USDT-loong_kc_bnfutures_mode_3,ARIA-USDT-FTR,3.864631508000001E+01,0E+00,3.864631508000001E+01,0E+00,0E+00,5E-05 | 0E+00,2.50341315E-01,0E+00,-5.274229764899998E+03,-5.0068263E+03,0E+00,0E+00,0E+00,0E+00,0E+00,7.327385571480267E-03,0E+00,0E+00,2.1440708137584452E-04,21_virtual@eisoky3tmanagedsub.com,precursor012,-6.7605E+04,2026-01-13 17:17:43,0E+00,prod-strategy-ap71,2026-01-16 00:49:37,0E+00,2.9810298102981303E-03|,0E+00,8.79410388550521E-01,0E+00,0E+00,0E+00,2.099999999999999E-03 | 0E+00
fr-ARIA-USDT-loong_kc_bnfutures_mode_2,ARIA-USDT-FTR,3.864631508E+01,0E+00,3.864631508E+01,0E+00,0E+00,5E-05 | 0E+00,2.50341315E-01,0E+00,-5.274229764899998E+03,-5.0068263E+03,0E+00,0E+00,0E+00,0E+00,0E+00,7.3273855714802655E-03,0E+00,0E+00,2.1440708137584452E-04,21_virtual@eisoky3tmanagedsub.com,precursor012,-6.7605E+04,1970-01-01 00:00:00,0E+00,prod-strategy-ap71,2026-01-13 10:45:16,0E+00,2.9810298102981303E-03|,0E+00,9.238584154783144E-01,0E+00,0E+00,0E+00,2.099999999999999E-03 | 0E+00
fr-ARIA-USDT-loong_kc_bnfutures_mode_1,ARIA-USDT-FTR,3.864631508E+01,0E+00,3.864631508E+01,0E+00,0E+00,5E-05 | 0E+00,2.50341315E-01,0E+00,-5.274229764899998E+03,-5.0068263E+03,0E+00,0E+00,0E+00,0E+00,0E+00,7.3273855714802655E-03,0E+00,0E+00,2.1440708137584452E-04,21_virtual@eisoky3tmanagedsub.com,precursor012,-6.7605E+04,2025-11-16 15:54:48,0E+00,prod-strategy-ap71,2026-01-12 18:45:39,0E+00,2.9810298102981303E-03|,0E+00,8.79410388550521E-01,0E+00,0E+00,0E+00,2.099999999999999E-03 | 0E+00
fr-PNUT-USDT-loong_kc_bnfutures_mode_2,PNUT-USDT-FTR,3.4244233599999994E+01,0E+00,3.4244233599999994E+01,0E+00,0E+00,4.237E-05 | 0E+00,2.6120144726218313E+00,0E+00,-5.2300865523060005E+04,-6.1647733599759995E+04,0E+00,0E+00,0E+00,0E+00,0E+00,6.547546251390687E-04,0E+00,0E+00,2.126125790889287E-03,21_virtual@eisoky3tmanagedsub.com,precursor012,-8.57098E+05,2025-12-21 11:59:35,0E+00,prod-strategy-ap71,2026-01-04 03:11:32,0E+00,2.7785495971088814E-04|,0E+00,8.43725136114611E-01,0E+00,0E+00,0E+00,6.016700000000002E-04 | 0E+00
fr-UNI-USDT-loong_kc_bnfutures_mode_3,UNI-USDT-FTR,2.9215231789636405E+01,-1.4909450970363606E+01,4.412468276000001E+01,7.610760983079672E-01,-2.62029999345541E+01,4.822E-05 | 0E+00,1.2389127374160001E+01,1.0913700370788574E+04,-2.5015273029411E+05,-2.56929228E+05,4.3628148123576745E-02,-6.629017734527587E+00,0E+00,2.676931819370211E-03,-1.3661224391197317E-03,1.7639097006105696E-04,-2.4009271873258135E-03,6.97358432475433E-05,1.0169165772317442E-02,21_virtual@eisoky3tmanagedsub.com,precursor012,-5.475899999999999E+04,2026-01-03 06:49:48,7.03E+02,prod-strategy-ap71,2026-01-27 12:50:50,-9.00156607872087E+00,4.0485829959524544E-04|,0E+00,6.74936901962432E-01,1E+01,0E+00,0E+00,1.6614999999999997E-04 | 0E+00
fr-APR-USDT-loong_kc_bnfutures_mode_3,APR-USDT-FTR,2.8018307800000002E+01,0E+00,2.8018307800000002E+01,0E+00,0E+00,5E-05 | 0E+00,8.681643E-02,0E+00,-1.45345431E+03,-1.7363285999999998E+03,0E+00,0E+00,0E+00,0E+00,0E+00,1.9277047518611024E-02,0E+00,0E+00,5.908557465473835E-05,21_virtual@eisoky3tmanagedsub.com,precursor012,-1.7205E+04,2026-01-03 15:34:00,0E+00,prod-strategy-ap71,2026-01-22 11:30:20,0E+00,1.2858555885262302E-03|,0E+00,1.451891180286114E+00,0E+00,0E+00,0E+00,2.5655900000000004E-03 | 0E+00
fr-APR-USDT-loong_kc_bnfutures_mode_2,APR-USDT-FTR,2.80183078E+01,0E+00,2.80183078E+01,0E+00,0E+00,5E-05 | 0E+00,8.681643E-02,0E+00,-1.45345431E+03,-1.7363285999999998E+03,0E+00,0E+00,0E+00,0E+00,0E+00,1.9277047518611024E-02,0E+00,0E+00,5.908557465473835E-05,21_virtual@eisoky3tmanagedsub.com,precursor012,-1.7205E+04,1970-01-01 00:00:00,0E+00,prod-strategy-ap71,2025-12-29 04:42:45,0E+00,1.2858555885262302E-03|,0E+00,1.3925702336321821E+00,0E+00,0E+00,0E+00,2.5655900000000004E-03 | 0E+00
fr-APR-USDT-loong_kc_bnfutures_mode_1,APR-USDT-FTR,2.80183078E+01,0E+00,2.80183078E+01,0E+00,0E+00,5E-05 | 0E+00,8.681643E-02,0E+00,-1.45345431E+03,-1.7363285999999998E+03,0E+00,0E+00,0E+00,0E+00,0E+00,1.9277047518611024E-02,0E+00,0E+00,5.908557465473835E-05,21_virtual@eisoky3tmanagedsub.com,precursor012,-1.7205E+04,2025-12-16 07:50:02,0E+00,prod-strategy-ap71,2025-12-28 00:42:45,0E+00,1.2858555885262302E-03|,0E+00,1.451891180286114E+00,0E+00,0E+00,0E+00,2.5655900000000004E-03 | 0E+00
fr-BAS-USDT-loong_kc_bnfutures_mode_0,BAS-USDT-FTR,2.7261506490000002E+01,0E+00,2.7261506490000002E+01,0E+00,0E+00,2.4572E-04 | 0E+00,4.0691986335828E-01,0E+00,-1.270832416E+03,-1.6560306990000001E+03,0E+00,0E+00,0E+00,0E+00,0E+00,2.1451692722638263E-02,0E+00,0E+00,5.1661660825946094E-05,21_virtual@eisoky3tmanagedsub.com,precursor012,-4.17873E+05,2025-12-14 16:09:00,0E+00,prod-strategy-ap71,2026-01-12 06:46:00,0E+00,2.272727272727426E-03|,0E+00,8.681522011372861E-01,0E+00,0E+00,0E+00,5.2311400000000004E-03 | 0E+00
fr-BAS-USDT-loong_kc_bnfutures_mode_1,BAS-USDT-FTR,2.726150649E+01,0E+00,2.726150649E+01,0E+00,0E+00,2.4572E-04 | 0E+00,4.0691986335828E-01,0E+00,-1.270832416E+03,-1.6560306990000001E+03,0E+00,0E+00,0E+00,0E+00,0E+00,2.145169272263826E-02,0E+00,0E+00,5.1661660825946094E-05,21_virtual@eisoky3tmanagedsub.com,precursor012,-4.17873E+05,2026-01-12 15:15:27,0E+00,prod-strategy-ap71,2026-01-22 11:30:19,0E+00,2.272727272727426E-03|,0E+00,8.681522011372861E-01,0E+00,0E+00,0E+00,5.2311400000000004E-03 | 0E+00
fr-DOGS-USDT-loong_kc_bnfutures_mode_5,DOGS-USDT-FTR,2.61035401531899E+01,2.49416415131899E+01,1.161898639999999E+00,1.1524027596769884E+00,-1.8204857258126143E+01,5E-05 | 0E+00,5.1622443443E-01,9.022638605773449E+03,-1.0548593283799999E+04,-1.03244886886E+04,8.553404575404349E-01,-2.44551408E+01,0E+00,2.8931160045007945E-03,2.7643400786583785E-03,1.10147259330245E-04,-2.017686627332844E-03,1.2772347536335805E-04,4.28819600096295E-04,21_virtual@eisoky3tmanagedsub.com,precursor012,-2.70274573E+08,2026-01-14 08:59:17,7.43E+02,prod-strategy-ap71,2026-01-23 03:29:36,1.888156920303579E+01,-7.853403141361293E-04|,0E+00,1.6900862308209046E+00,0E+00,0E+00,0E+00,1.6220000000000397E-05 | 0E+00
fr-ADA-USDT-loong_kc_bnfutures_mode_2,ADA-USDT-FTR,2.584940734246949E+01,5.458261172469483E+00,2.0391146170000006E+01,1.155133643274894E+00,-1.361301733367145E+01,1E-04 | 0E+00,4.89624375E+00,9.541971596002579E+03,-4.28424984E+04,-4.89624375E+04,2.2272210894224084E-01,-1.9133297195434573E-01,0E+00,2.7090216191063272E-03,5.720265584060337E-04,4.7595604671832136E-04,-1.426646180688104E-03,1.2105817248070771E-04,1.741625877189568E-03,21_virtual@eisoky3tmanagedsub.com,precursor012,-1.39375E+05,2026-01-05 04:29:07,5.41E+02,prod-strategy-ap71,2026-01-27 12:50:50,5.276494312587838E+00,5.69313976658048E-04|,0E+00,6.491137243579306E-01,4E+00,0E+00,0E+00,4.6115999999999985E-04 | 0E+00
fr-BARD-USDT-loong_kc_bnfutures_mode_12,BARD-USDT-FTR,2.5487745533153355E+01,1.7835224633153356E+01,7.652520899999999E+00,2.195888041033413E+00,-3.0121899970523426E+01,5E-05 | 0E+00,3.759978175825E-01,3.1609023488310166E+04,-1.687805E+03,-7.519956351649999E+03,1.872788828585658E+01,-1.2150398001894356E+00,0E+00,8.063439714478804E-04,5.642447208073126E-04,4.534007720086147E-03,-9.529525637406446E-04,6.947029040126815E-05,6.861235860254917E-05,21_virtual@eisoky3tmanagedsub.com,precursor012,-9.649E+03,2026-01-22 19:30:00,2E+02,prod-strategy-ap71,2026-01-26 12:52:05,8.397274031345617E+00,3.8570326562092916E-04|,0E+00,6.871703771848686E-01,0E+00,0E+00,0E+00,1.9990599999999987E-03 | 0E+00
fr-ORDI-USDT-loong_kc_bnfutures_mode_2,ORDI-USDT-FTR,2.5087800210862323E+01,-1.9154383489137675E+01,4.42421837E+01,1.1162862227502046E+00,-4.214932927303016E+01,-8.728E-05 | 0E+00,-1.6679684548799997E-01,1.2312754161119461E+04,-1.1072942079999998E+05,-1.9110545999999997E+03,1.1119677202465295E-01,1.966142206286192E+01,0E+00,2.0375457742901424E-03,-1.5556538560334726E-03,3.995522001321622E-04,-3.4232251145017577E-03,9.066096895487055E-05,4.501353371854074E-03,21_virtual@eisoky3tmanagedsub.com,precursor012,-4.914E+02,2026-01-13 16:26:17,7.14E+02,prod-strategy-ap71,2026-01-26 15:01:21,-1.7533175369023866E+01,5.142710208281276E-04|,0E+00,7.90814165992828E-01,0E+00,0E+00,0E+00,3.6222E-04 | 0E+00
fr-IR-USDT-loong_kc_bnfutures_mode_0,IR-USDT-FTR,2.392769879E+01,0E+00,2.392769879E+01,0E+00,0E+00,5E-05 | 0E+00,1.726796720215E+00,0E+00,-1.72799988222E+03,-3.45359344043E+04,0E+00,0E+00,0E+00,0E+00,0E+00,1.3847048854690633E-02,0E+00,0E+00,7.024635404210876E-05,21_virtual@eisoky3tmanagedsub.com,precursor012,-6.13865E+05,2026-01-07 07:29:49,0E+00,prod-strategy-ap71,2026-01-16 18:11:36,0E+00,-4.8145506419394746E-04|,0E+00,1.586933407050759E+00,0E+00,0E+00,0E+00,2.6556500000000003E-03 | 0E+00
fr-IR-USDT-loong_kc_bnfutures_mode_1,IR-USDT-FTR,2.392769879E+01,0E+00,2.392769879E+01,0E+00,0E+00,5E-05 | 0E+00,1.726796720215E+00,0E+00,-1.72799988222E+03,-3.45359344043E+04,0E+00,0E+00,0E+00,0E+00,0E+00,1.3847048854690633E-02,0E+00,0E+00,7.024635404210876E-05,21_virtual@eisoky3tmanagedsub.com,precursor012,-6.13865E+05,2026-01-17 00:59:26,0E+00,prod-strategy-ap71,2026-01-22 11:30:19,0E+00,-4.8145506419394746E-04|,0E+00,1.586933407050759E+00,0E+00,0E+00,0E+00,2.6556500000000003E-03 | 0E+00
fr-TUT-USDT-loong_kc_bnfutures_mode_13,TUT-USDT-FTR,2.358738138E+01,0E+00,2.358738138E+01,0E+00,0E+00,5E-05 | 0E+00,4.2250851392100003E-01,0E+00,-8.9517099E+03,-8.45017027842E+03,0E+00,0E+00,0E+00,0E+00,0E+00,2.634958197204313E-03,0E+00,0E+00,3.6390337139941497E-04,21_virtual@eisoky3tmanagedsub.com,precursor012,-5.94798E+05,2025-12-29 03:46:07,0E+00,prod-strategy-ap71,2025-12-31 07:11:36,0E+00,0E+00|,0E+00,7.796516323996134E-01,0E+00,0E+00,0E+00,2.099999999999999E-03 | 0E+00
fr-TUT-USDT-loong_kc_bnfutures_mode_11,TUT-USDT-FTR,2.358738138E+01,0E+00,2.358738138E+01,0E+00,0E+00,5E-05 | 0E+00,4.2250851392100003E-01,0E+00,-8.9517099E+03,-8.45017027842E+03,0E+00,0E+00,0E+00,0E+00,0E+00,2.634958197204313E-03,0E+00,0E+00,3.6390337139941497E-04,21_virtual@eisoky3tmanagedsub.com,precursor012,-5.94798E+05,2025-12-26 14:03:44,0E+00,prod-strategy-ap71,2025-12-28 12:42:49,0E+00,0E+00|,0E+00,7.796516323996134E-01,0E+00,0E+00,0E+00,2.099999999999999E-03 | 0E+00
fr-TUT-USDT-loong_kc_bnfutures_mode_15,TUT-USDT-FTR,2.358738138E+01,0E+00,2.358738138E+01,0E+00,0E+00,5E-05 | 0E+00,4.2250851392100003E-01,0E+00,-8.9517099E+03,-8.45017027842E+03,0E+00,0E+00,0E+00,0E+00,0E+00,2.634958197204313E-03,0E+00,0E+00,3.6390337139941497E-04,21_virtual@eisoky3tmanagedsub.com,precursor012,-5.94798E+05,2026-01-10 17:24:47,0E+00,prod-strategy-ap71,2026-01-11 10:46:19,0E+00,0E+00|,0E+00,7.796516323996134E-01,0E+00,0E+00,0E+00,2.099999999999999E-03 | 0E+00
fr-TUT-USDT-loong_kc_bnfutures_mode_12,TUT-USDT-FTR,2.358738138E+01,0E+00,2.358738138E+01,0E+00,0E+00,5E-05 | 0E+00,4.2250851392100003E-01,0E+00,-8.9517099E+03,-8.45017027842E+03,0E+00,0E+00,0E+00,0E+00,0E+00,2.634958197204313E-03,0E+00,0E+00,3.6390337139941497E-04,21_virtual@eisoky3tmanagedsub.com,precursor012,-5.94798E+05,2025-12-28 21:29:59,0E+00,prod-strategy-ap71,2025-12-29 11:12:35,0E+00,0E+00|,0E+00,7.796516323996134E-01,0E+00,0E+00,0E+00,2.099999999999999E-03 | 0E+00
fr-TUT-USDT-loong_kc_bnfutures_mode_14,TUT-USDT-FTR,2.3587381379999997E+01,0E+00,2.3587381379999997E+01,0E+00,0E+00,5E-05 | 0E+00,4.2250851392100003E-01,0E+00,-8.9517099E+03,-8.45017027842E+03,0E+00,0E+00,0E+00,0E+00,0E+00,2.6349581972043125E-03,0E+00,0E+00,3.6390337139941497E-04,21_virtual@eisoky3tmanagedsub.com,precursor012,-5.94798E+05,2026-01-03 11:02:17,0E+00,prod-strategy-ap71,2026-01-10 10:47:08,0E+00,0E+00|,0E+00,7.796516323996134E-01,0E+00,0E+00,0E+00,2.099999999999999E-03 | 0E+00
fr-TUT-USDT-loong_kc_bnfutures_mode_10,TUT-USDT-FTR,2.3587381379999997E+01,0E+00,2.3587381379999997E+01,0E+00,0E+00,5E-05 | 0E+00,4.2250851392100003E-01,0E+00,-8.9517099E+03,-8.45017027842E+03,0E+00,0E+00,0E+00,0E+00,0E+00,2.6349581972043125E-03,0E+00,0E+00,3.6390337139941497E-04,21_virtual@eisoky3tmanagedsub.com,precursor012,-5.94798E+05,2025-12-24 11:40:32,0E+00,prod-strategy-ap71,2025-12-26 20:42:45,0E+00,0E+00|,0E+00,7.796516323996134E-01,0E+00,0E+00,0E+00,2.099999999999999E-03 | 0E+00
fr-TUT-USDT-loong_kc_bnfutures_mode_16,TUT-USDT-FTR,2.3587381379999997E+01,0E+00,2.3587381379999997E+01,0E+00,0E+00,5E-05 | 0E+00,4.2250851392100003E-01,0E+00,-8.9517099E+03,-8.45017027842E+03,0E+00,0E+00,0E+00,0E+00,0E+00,2.6349581972043125E-03,0E+00,0E+00,3.6390337139941497E-04,21_virtual@eisoky3tmanagedsub.com,precursor012,-5.94798E+05,2026-01-11 03:30:05,0E+00,prod-strategy-ap71,2026-01-15 00:38:16,0E+00,0E+00|,0E+00,7.796516323996134E-01,0E+00,0E+00,0E+00,2.099999999999999E-03 | 0E+00
fr-TUT-USDT-loong_kc_bnfutures_mode_17,TUT-USDT-FTR,2.3448253763189445E+01,-1.391276168105525E-01,2.3587381379999997E+01,8.467296720482409E-03,-1.0772000299766875E-01,5E-05 | 0E+00,4.2250851392100003E-01,1.2057084345817566E+02,-8.9517099E+03,-8.45017027842E+03,1.3469029359203839E-02,-3.190681457519531E-03,0E+00,1.9447698208500397E-01,-1.1539076348820096E-03,2.6349581972043125E-03,-8.934166827408429E-04,7.022673539991943E-05,3.6390337139941497E-04,21_virtual@eisoky3tmanagedsub.com,precursor012,-5.94798E+05,2026-01-14 23:25:00,5E+00,prod-strategy-ap71,2026-01-19 10:11:00,-6.241308397451758E-02,0E+00|,0E+00,7.796516323996134E-01,0E+00,0E+00,0E+00,2.099999999999999E-03 | 0E+00
fr-AR-USDT-loong_kc_bnfutures_mode_0,AR-USDT-FTR,2.3402021599999998E+01,0E+00,2.3402021599999998E+01,0E+00,0E+00,9.18E-06 | 0E+00,6.228971721829468E-01,0E+00,-1.941129692576E+03,-6.7853722460016E+04,0E+00,0E+00,0E+00,0E+00,0E+00,1.205587740453553E-02,0E+00,0E+00,7.891047044005708E-05,21_virtual@eisoky3tmanagedsub.com,precursor012,-2.03928E+04,2025-11-16 18:11:34,0E+00,prod-strategy-ap71,2026-01-19 18:11:12,0E+00,3.0048076923083755E-04|,0E+00,7.956862409305088E-01,0E+00,0E+00,0E+00,1.18851E-03 | 0E+00
fr-CAKE-USDT-loong_kc_bnfutures_mode_16,CAKE-USDT-FTR,2.3361269260000004E+01,0E+00,2.3361269260000004E+01,0E+00,0E+00,-3.014E-05 | 0E+00,-2.250516058692E+00,0E+00,-6.4560262899999994E+04,-7.46687478E+04,0E+00,0E+00,0E+00,0E+00,0E+00,3.6185213954573295E-04,0E+00,0E+00,2.6244927047672276E-03,21_virtual@eisoky3tmanagedsub.com,precursor012,-3.9453E+04,2026-01-03 03:49:55,0E+00,prod-strategy-ap71,2026-01-10 14:46:23,0E+00,2.6420079260236484E-04|,0E+00,4.1656625925427737E-01,0E+00,0E+00,0E+00,3.231400000000001E-04 | 0E+00
fr-ETH-USDT-loong_kc_bnfutures_mode_0,ETH-USDT-FTR,2.2676602084173524E+01,-1.2833131158264772E+00,2.39599152E+01,1.404359475709498E-01,-3.668520048260689E+00,7.18E-05 | 0E+00,2.930890208711846E+00,2.0008715562820435E+03,-3.931903768E+04,-4.0820197892922646E+04,5.088811106126856E-02,-2.915474926494062E+00,0E+00,1.1333362210571114E-02,-6.413770598104204E-04,6.093718619209096E-04,-1.8334610418858756E-03,7.018738765615892E-05,1.598390757941411E-03,21_virtual@eisoky3tmanagedsub.com,precursor012,-1.3946E+01,2025-11-16 15:58:02,4.65E+02,prod-strategy-ap71,2026-01-27 12:50:43,-1.2833099562761787E+00,4.951864462348077E-04|,0E+00,6.222594470250405E-01,4E+00,0E+00,0E+00,5.951600000000001E-04 | 0E+00
loong_kc_bnfutures_mode,BTC-USDT-FTR,2.213964667E+01,0E+00,2.213964667E+01,0E+00,0E+00,4.769E-05 | 0E+00,9.93773109416E-01,0E+00,-1.8836825399999998E+04,-2.08381864E+04,0E+00,0E+00,0E+00,0E+00,0E+00,1.1753385297078776E-03,0E+00,0E+00,7.65751386729158E-04,21_virtual@eisoky3tmanagedsub.com,precursor012,-2.36E-01,1970-01-01 00:00:00,0E+00,prod-strategy-ap71,2025-12-04 10:19:39,0E+00,5.425155506022517E-04|,0E+00,4.406356553007677E-01,0E+00,0E+00,0E+00,1.1522200000000002E-03 | 0E+00
fr-BTC-USDT-loong_kc_bnfutures_mode_0,BTC-USDT-FTR,2.2139646669999998E+01,0E+00,2.2139646669999998E+01,0E+00,0E+00,4.769E-05 | 0E+00,9.93773109416E-01,0E+00,-1.8836825399999998E+04,-2.08381864E+04,0E+00,0E+00,0E+00,0E+00,0E+00,1.1753385297078773E-03,0E+00,0E+00,7.65751386729158E-04,21_virtual@eisoky3tmanagedsub.com,precursor012,-2.36E-01,2025-11-16 19:12:22,0E+00,prod-strategy-ap71,2026-01-27 12:50:44,0E+00,5.425155506022517E-04|,0E+00,4.034133922355823E-01,2E+00,0E+00,0E+00,1.1522200000000002E-03 | 0E+00
fr-VELVET-USDT-loong_kc_bnfutures_mode_1,VELVET-USDT-FTR,2.1140891579999998E+01,0E+00,2.1140891579999998E+01,0E+00,0E+00,5E-05 | 0E+00,2.1751619857600005E-01,0E+00,-4.52073856E+03,-4.350323971520001E+03,0E+00,0E+00,0E+00,0E+00,0E+00,4.676424283203849E-03,0E+00,0E+00,1.8377628649464346E-04,21_virtual@eisoky3tmanagedsub.com,precursor012,-3.3056E+04,2026-01-03 13:23:17,0E+00,prod-strategy-ap71,2026-01-15 17:08:18,0E+00,-5.319148936169249E-04|,0E+00,6.913005388899754E-01,0E+00,0E+00,0E+00,4.618489999999998E-03 | 0E+00
fr-VELVET-USDT-loong_kc_bnfutures_mode_0,VELVET-USDT-FTR,2.1140891579999998E+01,0E+00,2.1140891579999998E+01,0E+00,0E+00,5E-05 | 0E+00,2.1751619857600005E-01,0E+00,-4.52073856E+03,-4.350323971520001E+03,0E+00,0E+00,0E+00,0E+00,0E+00,4.676424283203849E-03,0E+00,0E+00,1.8377628649464346E-04,21_virtual@eisoky3tmanagedsub.com,precursor012,-3.3056E+04,2025-11-25 10:51:56,0E+00,prod-strategy-ap71,2025-12-31 19:11:35,0E+00,-5.319148936169249E-04|,0E+00,6.913005388899754E-01,0E+00,0E+00,0E+00,4.618489999999998E-03 | 0E+00
fr-ARB-USDT-loong_kc_bnfutures_mode_2,ARB-USDT-FTR,2.0687244089509072E+01,4.020960889509065E+00,1.6666283200000006E+01,7.193491440266371E-01,-3.2198299393057823E+00,8.049E-05 | 0E+00,9.743466136492207E+00,5.137142852783203E+03,-1.2161471124684E+05,-1.2105188391716E+05,4.224113020633172E-02,5.4058581542968755E-02,0E+00,4.026994125402047E-03,7.827231994007306E-04,1.3704167060983797E-04,-6.267744603522835E-04,1.4002903260455524E-04,4.943860327119339E-03,21_virtual@eisoky3tmanagedsub.com,precursor012,-7.156495E+05,2026-01-03 07:21:22,7.48E+02,prod-strategy-ap71,2026-01-27 12:50:52,-1.0374065728797988E+00,5.913660555882938E-04|,0E+00,8.220408302816073E-01,3E+00,0E+00,0E+00,1.4701E-04 | 0E+00
fr-TRX-USDT-loong_kc_bnfutures_mode_2,TRX-USDT-FTR,2.039406238795349E+01,4.287170299795349E+01,-2.247764061E+01,2.804171667434275E+00,-1.1175720132887745E+01,-2.0018E-04 | 0E+00,-3.9839673465E-01,4.022389081287384E+04,-1.98274742895E+03,-1.9901924999999999E+03,2.0286946398500756E+01,-6.472007440795898E-01,0E+00,5.070136671469454E-04,1.0658268539311022E-03,-1.1336613167065582E-02,-2.7783786966006045E-04,6.97140831174091E-05,8.06023075019921E-05,21_virtual@eisoky3tmanagedsub.com,precursor012,-6.735E+03,2026-01-17 19:36:04,2.13E+02,prod-strategy-ap71,2026-01-21 16:22:33,2.4874250273798165E+01,8.800433252100781E-04|,0E+00,1.7880471023447395E-01,0E+00,0E+00,0E+00,-1.6245799999999998E-03 | 0E+00
fr-ADA-USDT-loong_kc_bnfutures_mode_1,ADA-USDT-FTR,2.0391146170000003E+01,0E+00,2.0391146170000003E+01,0E+00,0E+00,1E-04 | 0E+00,4.89624375E+00,0E+00,-4.28424984E+04,-4.89624375E+04,0E+00,0E+00,0E+00,0E+00,0E+00,4.7595604671832125E-04,0E+00,0E+00,1.741625877189568E-03,21_virtual@eisoky3tmanagedsub.com,precursor012,-1.39375E+05,2025-12-02 16:18:51,0E+00,prod-strategy-ap71,2026-01-04 11:11:24,0E+00,5.69313976658048E-04|,0E+00,6.491137243579306E-01,0E+00,0E+00,0E+00,4.6115999999999985E-04 | 0E+00
fr-SOLV-USDT-loong_kc_bnfutures_mode_3,SOLV-USDT-FTR,1.9286950739999998E+01,0E+00,1.9286950739999998E+01,0E+00,0E+00,5E-05 | 0E+00,2.91265486776E-01,0E+00,-1.73387308E+03,-5.82530973552E+03,0E+00,0E+00,0E+00,0E+00,0E+00,1.1123623154700573E-02,0E+00,0E+00,7.048511026822793E-05,21_virtual@eisoky3tmanagedsub.com,precursor012,-4.9013800000000006E+05,2025-11-18 10:19:37,0E+00,prod-strategy-ap71,2026-01-10 18:46:35,0E+00,-8.396305625524292E-04|,0E+00,7.544594544631007E-01,0E+00,0E+00,0E+00,2.099999999999999E-03 | 0E+00
fr-IOTA-USDT-loong_kc_bnfutures_mode_0,IOTA-USDT-FTR,1.8929713870648328E+01,4.174011189064833E+01,-2.281039802E+01,4.270866977110927E+00,-6.631789935426781E+01,-1.3476E-04 | 0E+00,-2.707780257018E-01,5.361351666471735E+04,-2.01992934E+03,-2.0093353049999998E+03,2.654227333750068E+01,-1.6213531606376172E+01,0E+00,3.530772657393286E-04,7.785371019714733E-04,-1.129267126740186E-02,-1.236962308758812E-03,7.96602655971932E-05,8.211382015569953E-05,21_virtual@eisoky3tmanagedsub.com,precursor012,-2.35423E+04,2026-01-07 04:56:43,7.74E+02,prod-strategy-ap71,2026-01-26 12:52:05,1.9979398251212658E+01,1.1709601873537423E-03|,0E+00,8.800229058280055E-01,0E+00,0E+00,0E+00,1.6131000000000007E-04 | 0E+00
fr-VINE-USDT-loong_kc_bnfutures_mode_8,VINE-USDT-FTR,1.8868245510000005E+01,0E+00,1.8868245510000005E+01,0E+00,0E+00,5E-05 | 0E+00,9.137439900000001E-02,0E+00,-1.8682807245E+03,-1.82748798E+03,0E+00,0E+00,0E+00,0E+00,0E+00,1.009925610352247E-02,0E+00,0E+00,7.594902671791134E-05,21_virtual@eisoky3tmanagedsub.com,precursor012,-6.8139E+04,2025-12-23 08:10:02,0E+00,prod-strategy-ap71,2025-12-26 08:42:29,0E+00,-7.448789571694592E-04|,0E+00,7.450758623345856E-01,0E+00,0E+00,0E+00,2.099999999999999E-03 | 0E+00
fr-VINE-USDT-loong_kc_bnfutures_mode_9,VINE-USDT-FTR,1.886824551E+01,0E+00,1.886824551E+01,0E+00,0E+00,5E-05 | 0E+00,9.137439900000001E-02,0E+00,-1.8682807245E+03,-1.82748798E+03,0E+00,0E+00,0E+00,0E+00,0E+00,1.0099256103522468E-02,0E+00,0E+00,7.594902671791134E-05,21_virtual@eisoky3tmanagedsub.com,precursor012,-6.8139E+04,2025-12-27 11:31:32,0E+00,prod-strategy-ap71,2025-12-28 12:42:49,0E+00,-7.448789571694592E-04|,0E+00,7.450758623345856E-01,0E+00,0E+00,0E+00,2.099999999999999E-03 | 0E+00
fr-VINE-USDT-loong_kc_bnfutures_mode_10,VINE-USDT-FTR,1.886824551E+01,0E+00,1.886824551E+01,0E+00,0E+00,5E-05 | 0E+00,9.137439900000001E-02,0E+00,-1.8682807245E+03,-1.82748798E+03,0E+00,0E+00,0E+00,0E+00,0E+00,1.0099256103522468E-02,0E+00,0E+00,7.594902671791134E-05,21_virtual@eisoky3tmanagedsub.com,precursor012,-6.8139E+04,2025-12-28 06:11:38,0E+00,prod-strategy-ap71,2026-01-22 11:30:20,0E+00,-7.448789571694592E-04|,0E+00,7.450758623345856E-01,0E+00,0E+00,0E+00,2.099999999999999E-03 | 0E+00
fr-APR-USDT-loong_kc_bnfutures_mode_4,APR-USDT-FTR,1.8751978182606294E+01,-7.531078577393705E+00,2.628305676E+01,4.526130938325878E+00,-2.8528415618671726E+01,5E-05 | 0E+00,8.681643E-02,2.7651977325454354E+04,-1.6817887500000002E+03,-1.7363285999999998E+03,1.644200398263715E+01,4.009787945270538E-01,0E+00,6.781423969035523E-04,-2.7235226214586666E-04,1.5628036969565884E-02,-1.0316953208409653E-03,1.6368199948433554E-04,6.836778704218374E-05,21_virtual@eisoky3tmanagedsub.com,precursor012,-1.7205E+04,2026-01-22 03:44:20,2.72E+02,prod-strategy-ap71,2026-01-23 03:29:35,-1.6813723605607627E+00,1.2858555885262302E-03|,0E+00,1.3925702336321821E+00,0E+00,0E+00,0E+00,2.5655900000000004E-03 | 0E+00
fr-NEO-USDT-loong_kc_bnfutures_mode_1,NEO-USDT-FTR,1.865140372914481E+01,1.470493069914481E+01,3.94647303E+00,1.6949098976911046E+00,-3.054419013671577E+01,-1.7172E-04 | 0E+00,-9.950905155167998E-01,8.756848836749792E+03,-3.34289946E+03,-5.79484344E+03,2.619537004187913E+00,-4.808127235412598E+00,0E+00,2.1299218562356157E-03,1.679249119550032E-03,1.1805539105265224E-03,-3.4880344181038307E-03,1.9355249008959601E-04,1.358949739583589E-04,21_virtual@eisoky3tmanagedsub.com,precursor012,-1.62868E+03,2025-11-16 18:11:32,5.36E+02,prod-strategy-ap71,2026-01-26 03:28:41,1.4743572306097057E+01,1.4904386951630766E-03|,0E+00,7.407779208988934E-01,0E+00,0E+00,0E+00,5.3531E-04 | 0E+00
fr-PNUT-USDT-loong_kc_bnfutures_mode_3,PNUT-USDT-FTR,1.8514188445080574E+01,-1.573004515491942E+01,3.4244233599999994E+01,6.973132777129649E-01,-2.783853989932686E+01,4.237E-05 | 0E+00,2.6120144726218313E+00,1.0014074776917696E+04,-5.2300865523060005E+04,-6.1647733599759995E+04,1.914705364197536E-01,1.896494463005066E+00,0E+00,1.8488166762800217E-03,-1.5707936584592873E-03,6.547546251390687E-04,-2.779941284590196E-03,6.963332042619278E-05,2.126125790889287E-03,21_virtual@eisoky3tmanagedsub.com,precursor012,-8.57098E+05,2026-01-03 22:33:19,7.21E+02,prod-strategy-ap71,2026-01-27 12:50:35,-7.730662768931591E+00,2.7785495971088814E-04|,0E+00,8.43725136114611E-01,3E+01,0E+00,0E+00,6.016700000000002E-04 | 0E+00
fr-RUNE-USDT-loong_kc_bnfutures_mode_0,RUNE-USDT-FTR,1.8333200301456408E+01,-1.7783167385435954E+00,2.0111517040000003E+01,1.9710621157064452E+00,-3.963905817363411E+01,1.933E-05 | 0E+00,3.44256040275E-01,1.5081611897930503E+04,-7.5259345E+03,-1.78094175E+04,2.0039520537855466E+00,-7.010272352218628E+00,0E+00,1.215599527791329E-03,-1.1791290948069124E-04,2.672294987419835E-03,-2.628303820699257E-03,1.3069306709695362E-04,3.059429950339622E-04,21_virtual@eisoky3tmanagedsub.com,precursor012,-3.1605E+04,2026-01-15 22:43:53,8.76E+02,prod-strategy-ap71,2026-01-27 12:50:50,-1.3863910879797945E+00,1.065151784129137E-03|,1E+00,5.378956686788728E-01,4E+00,0E+00,1E+00,1.6879100000000006E-03 | 0E+00
fr-AIO-USDT-loong_kc_bnfutures_mode_6,AIO-USDT-FTR,1.8071360220000003E+01,0E+00,1.8071360220000003E+01,0E+00,0E+00,5E-05 | 0E+00,1.08355690542E-01,0E+00,-1.9556875087199999E+03,-2.16711381084E+03,0E+00,0E+00,0E+00,0E+00,0E+00,9.24041296956881E-03,0E+00,0E+00,7.950227227838681E-05,21_virtual@eisoky3tmanagedsub.com,precursor012,-1.3002E+04,2026-01-03 15:33:08,0E+00,prod-strategy-ap71,2026-01-04 03:11:32,0E+00,4.213314072467611E-04|,0E+00,1.3507349900041454E+00,0E+00,0E+00,0E+00,3.3190100000000003E-03 | 0E+00
fr-AIO-USDT-loong_kc_bnfutures_mode_5,AIO-USDT-FTR,1.8071360220000003E+01,0E+00,1.8071360220000003E+01,0E+00,0E+00,5E-05 | 0E+00,1.08355690542E-01,0E+00,-1.9556875087199999E+03,-2.16711381084E+03,0E+00,0E+00,0E+00,0E+00,0E+00,9.24041296956881E-03,0E+00,0E+00,7.950227227838681E-05,21_virtual@eisoky3tmanagedsub.com,precursor012,-1.3002E+04,2025-12-24 16:45:49,0E+00,prod-strategy-ap71,2025-12-30 23:11:27,0E+00,4.213314072467611E-04|,0E+00,1.3507349900041454E+00,0E+00,0E+00,0E+00,3.3190100000000003E-03 | 0E+00
fr-AIO-USDT-loong_kc_bnfutures_mode_10,AIO-USDT-FTR,1.8071360220000003E+01,0E+00,1.8071360220000003E+01,0E+00,0E+00,5E-05 | 0E+00,1.08355690542E-01,0E+00,-1.9556875087199999E+03,-2.16711381084E+03,0E+00,0E+00,0E+00,0E+00,0E+00,9.24041296956881E-03,0E+00,0E+00,7.950227227838681E-05,21_virtual@eisoky3tmanagedsub.com,precursor012,-1.3002E+04,1970-01-01 00:00:00,0E+00,prod-strategy-ap71,2026-01-16 18:11:36,0E+00,4.213314072467611E-04|,0E+00,1.4885986723933486E+00,0E+00,0E+00,0E+00,3.3190100000000003E-03 | 0E+00
fr-AIO-USDT-loong_kc_bnfutures_mode_9,AIO-USDT-FTR,1.8071360220000003E+01,0E+00,1.8071360220000003E+01,0E+00,0E+00,5E-05 | 0E+00,1.08355690542E-01,0E+00,-1.9556875087199999E+03,-2.16711381084E+03,0E+00,0E+00,0E+00,0E+00,0E+00,9.24041296956881E-03,0E+00,0E+00,7.950227227838681E-05,21_virtual@eisoky3tmanagedsub.com,precursor012,-1.3002E+04,1970-01-01 00:00:00,0E+00,prod-strategy-ap71,2026-01-13 18:45:27,0E+00,4.213314072467611E-04|,0E+00,1.4885986723933486E+00,0E+00,0E+00,0E+00,3.3190100000000003E-03 | 0E+00
fr-AIO-USDT-loong_kc_bnfutures_mode_11,AIO-USDT-FTR,1.8071360220000003E+01,0E+00,1.8071360220000003E+01,0E+00,0E+00,5E-05 | 0E+00,1.08355690542E-01,0E+00,-1.9556875087199999E+03,-2.16711381084E+03,0E+00,0E+00,0E+00,0E+00,0E+00,9.24041296956881E-03,0E+00,0E+00,7.950227227838681E-05,21_virtual@eisoky3tmanagedsub.com,precursor012,-1.3002E+04,2026-01-16 10:45:57,0E+00,prod-strategy-ap71,2026-01-22 11:30:20,0E+00,4.213314072467611E-04|,0E+00,1.3507349900041454E+00,0E+00,0E+00,0E+00,3.3190100000000003E-03 | 0E+00
fr-AIO-USDT-loong_kc_bnfutures_mode_8,AIO-USDT-FTR,1.8071360220000003E+01,0E+00,1.8071360220000003E+01,0E+00,0E+00,5E-05 | 0E+00,1.08355690542E-01,0E+00,-1.9556875087199999E+03,-2.16711381084E+03,0E+00,0E+00,0E+00,0E+00,0E+00,9.24041296956881E-03,0E+00,0E+00,7.950227227838681E-05,21_virtual@eisoky3tmanagedsub.com,precursor012,-1.3002E+04,1970-01-01 00:00:00,0E+00,prod-strategy-ap71,2026-01-11 10:46:20,0E+00,4.213314072467611E-04|,0E+00,1.3507349900041454E+00,0E+00,0E+00,0E+00,3.3190100000000003E-03 | 0E+00
fr-AIO-USDT-loong_kc_bnfutures_mode_7,AIO-USDT-FTR,1.8071360220000003E+01,0E+00,1.8071360220000003E+01,0E+00,0E+00,5E-05 | 0E+00,1.08355690542E-01,0E+00,-1.9556875087199999E+03,-2.16711381084E+03,0E+00,0E+00,0E+00,0E+00,0E+00,9.24041296956881E-03,0E+00,0E+00,7.950227227838681E-05,21_virtual@eisoky3tmanagedsub.com,precursor012,-1.3002E+04,2026-01-03 19:37:16,0E+00,prod-strategy-ap71,2026-01-09 15:12:36,0E+00,4.213314072467611E-04|,0E+00,1.3507349900041454E+00,0E+00,0E+00,0E+00,3.3190100000000003E-03 | 0E+00
fr-AR-USDT-loong_kc_bnfutures_mode_1,AR-USDT-FTR,1.7525083234585736E+01,-5.876938365414262E+00,2.3402021599999998E+01,3.6425748599649523E+00,-3.375566057837585E+01,9.18E-06 | 0E+00,6.228971721829468E-01,5.1101271600462496E+04,-1.9701065746810002E+03,-6.7853722460016E+04,2.5938328543843785E+01,4.8069333953838054E+01,0E+00,3.429480849636455E-04,-1.1500571671412327E-04,1.1878556165820245E-02,-6.60564004009449E-04,7.128149155356802E-05,8.008843366813856E-05,21_virtual@eisoky3tmanagedsub.com,precursor012,-2.03928E+04,2026-01-19 13:54:18,2.58E+02,prod-strategy-ap71,2026-01-27 12:50:47,-8.894237704162162E+00,3.0048076923083755E-04|,5.909090909090909E-01,7.956862409305088E-01,1.1E+01,0E+00,1.3E+01,1.18851E-03 | 0E+00
fr-PTB-USDT-loong_kc_bnfutures_mode_1,PTB-USDT-FTR,1.7478960169907097E+01,1.0483135179907098E+01,6.995824989999999E+00,3.0928981411852874E-01,-4.053433025954291E+00,5E-05 | 0E+00,7.879982759999998E-02,3.257862556308508E+03,-1.306776366E+03,-1.5759965519999996E+03,2.4930528597488486E+00,-9.580302E+00,0E+00,5.365161932955376E-03,3.217795409940671E-03,5.3534982511307515E-03,-1.2442001330305495E-03,9.493642189404878E-05,5.312284809994522E-05,21_virtual@eisoky3tmanagedsub.com,precursor012,-7.62456E+05,2026-01-14 05:29:52,4E+01,prod-strategy-ap71,2026-01-26 12:52:05,-9.023969207192076E-01,7.008216529724498E-02|,0E+00,1.117861667029615E+00,0E+00,0E+00,0E+00,4.256660000000001E-03 | 0E+00
fr-ROSE-USDT-loong_kc_bnfutures_mode_3,ROSE-USDT-FTR,1.6163670850568238E+01,7.688502532056823E+01,-6.0721354469999994E+01,7.876760919269145E+00,-3.4448135122586973E+02,-1.10443E-03 | 0E+00,-2.4010409365788E+00,1.0956344632673264E+05,-1.9601521599999999E+03,-2.17400916E+03,5.5895378207135025E+01,-1.5857898751144411E+01,0E+00,1.475279519993013E-04,7.017397489604969E-04,-3.097787799800195E-02,-3.1441266478473206E-03,7.189223398266978E-05,7.96837685144204E-05,21_virtual@eisoky3tmanagedsub.com,precursor012,-1.22204E+05,2026-01-02 16:47:04,6.76E+02,prod-strategy-ap71,2026-01-19 18:12:01,4.477633819463435E+01,2.2408963585434094E-03|,0E+00,1.9560721818968765E+00,0E+00,0E+00,0E+00,-2.0672019999999996E-02 | 0E+00
fr-AKE-USDT-loong_kc_bnfutures_mode_2,AKE-USDT-FTR,1.5861802070000001E+01,0E+00,1.5861802070000001E+01,0E+00,0E+00,2.3711E-04 | 0E+00,5.60667238128554E-01,0E+00,-2.3744662368599998E+03,-2.3645870614E+03,0E+00,0E+00,0E+00,0E+00,0E+00,6.680154817015082E-03,0E+00,0E+00,9.652639311596052E-05,21_virtual@eisoky3tmanagedsub.com,precursor012,-6.415049E+06,2026-01-02 06:12:13,0E+00,prod-strategy-ap71,2026-01-07 07:12:33,0E+00,2.9931972789116745E-03|,0E+00,1.02334624202333E+00,0E+00,0E+00,0E+00,6.283019999999999E-03 | 0E+00
fr-AKE-USDT-loong_kc_bnfutures_mode_1,AKE-USDT-FTR,1.586180207E+01,0E+00,1.586180207E+01,0E+00,0E+00,2.3711E-04 | 0E+00,5.60667238128554E-01,0E+00,-2.3744662368599998E+03,-2.3645870614E+03,0E+00,0E+00,0E+00,0E+00,0E+00,6.680154817015081E-03,0E+00,0E+00,9.652639311596052E-05,21_virtual@eisoky3tmanagedsub.com,precursor012,-6.415049E+06,2025-12-19 00:41:24,0E+00,prod-strategy-ap71,2025-12-28 20:42:49,0E+00,2.9931972789116745E-03|,0E+00,1.02334624202333E+00,0E+00,0E+00,0E+00,6.283019999999999E-03 | 0E+00
fr-AKE-USDT-loong_kc_bnfutures_mode_3,AKE-USDT-FTR,1.586180207E+01,0E+00,1.586180207E+01,0E+00,0E+00,2.3711E-04 | 0E+00,5.60667238128554E-01,0E+00,-2.3744662368599998E+03,-2.3645870614E+03,0E+00,0E+00,0E+00,0E+00,0E+00,6.680154817015081E-03,0E+00,0E+00,9.652639311596052E-05,21_virtual@eisoky3tmanagedsub.com,precursor012,-6.415049E+06,2026-01-11 03:40:16,0E+00,prod-strategy-ap71,2026-01-14 11:40:21,0E+00,2.9931972789116745E-03|,0E+00,1.02334624202333E+00,0E+00,0E+00,0E+00,6.283019999999999E-03 | 0E+00
fr-TRB-USDT-loong_kc_bnfutures_mode_3,TRB-USDT-FTR,1.376450895E+01,0E+00,1.376450895E+01,0E+00,0E+00,2.318E-05 | 0E+00,4.626999589686951E-02,0E+00,-5.104371635649799E+04,-1.9961171655250002E+03,0E+00,0E+00,0E+00,0E+00,0E+00,2.6966118324665725E-04,0E+00,0E+00,2.07502037916634E-03,21_virtual@eisoky3tmanagedsub.com,precursor012,-1.025E+02,2025-12-15 16:02:10,0E+00,prod-strategy-ap71,2026-01-11 18:46:11,0E+00,-1.0274324463177553E-04|,0E+00,6.821422420108441E-01,0E+00,0E+00,0E+00,2.2313000000000004E-04 | 0E+00
fr-CFX-USDT-loong_kc_bnfutures_mode_3,CFX-USDT-FTR,1.3486582455677883E+01,6.0453857356778835E+00,7.44119672E+00,3.9544006121286657E+00,-6.214257362484932E+01,-4.956E-05 | 0E+00,-9.165314123480761E-01,2.2365227249473333E+04,-1.464405471E+04,-1.8493369902100003E+04,1.5272564663529131E+00,3.236231954574586E+00,0E+00,6.030156682622338E-04,2.703028978084827E-04,5.081377301136838E-04,-2.7785353098217537E-03,1.7681021382073307E-04,5.95307593684027E-04,21_virtual@eisoky3tmanagedsub.com,precursor012,-2.75035E+05,2026-01-11 13:22:22,8.51E+02,prod-strategy-ap71,2026-01-27 12:50:33,-2.222248701681042E+01,1.0415116798094814E-03|,8.823529411764706E-01,7.057349430313343E-01,3E+00,0E+00,1.5E+01,3.7971E-04 | 0E+00
fr-OP-USDT-loong_kc_bnfutures_mode_0,OP-USDT-FTR,1.15098082E+01,0E+00,1.15098082E+01,0E+00,0E+00,1.591E-05 | 0E+00,3.153251377786546E-01,0E+00,-2.01592863317E+03,-1.9819304700104E+04,0E+00,0E+00,0E+00,0E+00,0E+00,5.7094323730603E-03,0E+00,0E+00,8.195118410966126E-05,21_virtual@eisoky3tmanagedsub.com,precursor012,-6.72412E+04,2025-12-05 18:42:28,0E+00,prod-strategy-ap71,2026-01-17 06:11:48,0E+00,1.0176390773404265E-03|,0E+00,8.051540345724598E-01,0E+00,0E+00,0E+00,7.2064E-04 | 0E+00
fr-HBAR-USDT-loong_kc_bnfutures_mode_0,HBAR-USDT-FTR,1.111171411289774E+01,1.829383272289774E+01,-7.182118610000001E+00,2.8934470684453117E+00,-2.033246302139014E+01,9.37E-06 | 0E+00,1.81399839642522E-02,4.1426186990365386E+04,-1.9382741400000002E+03,-1.93596413706E+03,2.1372718200927647E+01,-5.806992947103262E+00,0E+00,2.682292269737986E-04,4.416006891281689E-04,-3.705419404708149E-03,-4.908118390456481E-04,6.984584579599975E-05,7.879438700781642E-05,21_virtual@eisoky3tmanagedsub.com,precursor012,-1.8222E+04,2026-01-03 06:47:39,7.06E+02,prod-strategy-ap71,2026-01-22 04:20:05,1.3261291783358974E+01,7.531538316702946E-04|,0E+00,5.649149829611932E-01,0E+00,0E+00,0E+00,-5.0989E-04 | 0E+00
fr-VINE-USDT-loong_kc_bnfutures_mode_11,VINE-USDT-FTR,1.016038607222438E+01,-6.938634977775622E+00,1.709902105E+01,5.26900471071167E+00,-3.257171109950285E+01,5E-05 | 0E+00,9.137439900000001E-02,2.8132576535794884E+04,-2.01612756E+03,-1.82748798E+03,1.3953768151353918E+01,2.0051986989586354E+01,0E+00,3.611608790718713E-04,-2.466405794345623E-04,8.481120634053532E-03,-1.1577933879628754E-03,1.8729193552562015E-04,8.195927084894431E-05,21_virtual@eisoky3tmanagedsub.com,precursor012,-6.8139E+04,2026-01-22 05:24:24,1.32E+02,prod-strategy-ap71,2026-01-26 01:26:39,-5.922498100228366E+00,-7.448789571694592E-04|,0E+00,7.450758623345856E-01,0E+00,0E+00,0E+00,2.099999999999999E-03 | 0E+00
fr-CAKE-USDT-loong_kc_bnfutures_mode_17,CAKE-USDT-FTR,9.875699376339057E+00,-1.3485569883660943E+01,2.336126926E+01,1.3158494342351332E+00,-2.9536500107496977E+01,-3.014E-05 | 0E+00,-2.250516058692E+00,1.3644524925649166E+04,-6.4560262899999994E+04,-7.46687478E+04,2.1134556014407382E-01,5.3251254657846694E+01,0E+00,7.23784773024569E-04,-9.883502692212159E-04,3.618521395457329E-04,-2.164714438094789E-03,9.643790761535283E-05,2.6244927047672276E-03,21_virtual@eisoky3tmanagedsub.com,precursor012,-3.9453E+04,2026-01-10 21:09:00,4.13E+02,prod-strategy-ap71,2026-01-27 12:50:43,-9.199231643920216E+00,2.6420079260236484E-04|,1.25E-01,4.0372015930162103E-01,2E+00,0E+00,3E+00,3.231400000000001E-04 | 0E+00
fr-AAVE-USDT-loong_kc_bnfutures_mode_0,AAVE-USDT-FTR,9.556780407551223E+00,-6.165231302448777E+00,1.5722011709999999E+01,3.460448905825615E-01,-9.976000152528286E+00,2.784E-05 | 0E+00,7.871217698197267E-01,4.992035293579102E+03,-2.3847053999999996E+04,-2.8273052076858E+04,2.09335513459193E-01,-1.6685437691212002E-01,0E+00,1.9144056172526317E-03,-1.235013564583302E-03,6.592852815278567E-04,-1.9983833378260972E-03,6.931939985032844E-05,9.694263381506479E-04,21_virtual@eisoky3tmanagedsub.com,precursor012,-1.838E+02,2026-01-05 09:00:33,5.77E+02,prod-strategy-ap71,2026-01-27 12:50:34,5.055302917725539E-01,1.0463378176381877E-03|,0E+00,6.231793974017598E-01,3E+00,0E+00,0E+00,6.108300000000001E-04 | 0E+00
fr-MUBARAK-USDT-loong_kc_bnfutures_mode_7,MUBARAK-USDT-FTR,8.83406543E+00,0E+00,8.83406543E+00,0E+00,0E+00,-6.854E-05 | 0E+00,-2.3460580246300003E-01,0E+00,-1.9751156864799998E+03,-3.4229034500000002E+03,0E+00,0E+00,0E+00,0E+00,0E+00,4.472682532203389E-03,0E+00,0E+00,8.029206321955784E-05,21_virtual@eisoky3tmanagedsub.com,precursor012,-1.90691E+05,2025-12-26 13:46:10,0E+00,prod-strategy-ap71,2025-12-29 00:42:49,0E+00,-5.561735261401246E-04|,0E+00,7.535476499052277E-01,0E+00,0E+00,0E+00,1.875429999999999E-03 | 0E+00
fr-MUBARAK-USDT-loong_kc_bnfutures_mode_9,MUBARAK-USDT-FTR,8.83406543E+00,0E+00,8.83406543E+00,0E+00,0E+00,-6.854E-05 | 0E+00,-2.3460580246300003E-01,0E+00,-1.9751156864799998E+03,-3.4229034500000002E+03,0E+00,0E+00,0E+00,0E+00,0E+00,4.472682532203389E-03,0E+00,0E+00,8.029206321955784E-05,21_virtual@eisoky3tmanagedsub.com,precursor012,-1.90691E+05,2025-12-30 23:32:11,0E+00,prod-strategy-ap71,2026-01-22 11:30:19,0E+00,-5.561735261401246E-04|,0E+00,8.258632975395782E-01,0E+00,0E+00,0E+00,1.875429999999999E-03 | 0E+00
fr-MUBARAK-USDT-loong_kc_bnfutures_mode_8,MUBARAK-USDT-FTR,8.83406543E+00,0E+00,8.83406543E+00,0E+00,0E+00,-6.854E-05 | 0E+00,-2.3460580246300003E-01,0E+00,-1.9751156864799998E+03,-3.4229034500000002E+03,0E+00,0E+00,0E+00,0E+00,0E+00,4.472682532203389E-03,0E+00,0E+00,8.029206321955784E-05,21_virtual@eisoky3tmanagedsub.com,precursor012,-1.90691E+05,2025-12-28 17:29:13,0E+00,prod-strategy-ap71,2025-12-31 07:11:36,0E+00,-5.561735261401246E-04|,0E+00,7.535476499052277E-01,0E+00,0E+00,0E+00,1.875429999999999E-03 | 0E+00
fr-MUBARAK-USDT-loong_kc_bnfutures_mode_6,MUBARAK-USDT-FTR,8.834065429999999E+00,0E+00,8.834065429999999E+00,0E+00,0E+00,-6.854E-05 | 0E+00,-2.3460580246300003E-01,0E+00,-1.9751156864799998E+03,-3.4229034500000002E+03,0E+00,0E+00,0E+00,0E+00,0E+00,4.4726825322033885E-03,0E+00,0E+00,8.029206321955784E-05,21_virtual@eisoky3tmanagedsub.com,precursor012,-1.90691E+05,2025-12-22 16:05:12,0E+00,prod-strategy-ap71,2025-12-26 20:42:45,0E+00,-5.561735261401246E-04|,0E+00,7.535476499052277E-01,0E+00,0E+00,0E+00,1.875429999999999E-03 | 0E+00
fr-HOME-USDT-loong_kc_bnfutures_mode_7,HOME-USDT-FTR,8.773368490000001E+00,0E+00,8.773368490000001E+00,0E+00,0E+00,5E-05 | 0E+00,7.38411779919E-01,0E+00,-4.0182756879999997E+03,-1.4768235598379999E+04,0E+00,0E+00,0E+00,0E+00,0E+00,2.1833664913038196E-03,0E+00,0E+00,1.6335025223231412E-04,21_virtual@eisoky3tmanagedsub.com,precursor012,-4.86838E+05,2025-12-26 13:12:55,0E+00,prod-strategy-ap71,2026-01-05 15:11:37,0E+00,-1.641012176309964E-04|,0E+00,7.627019949701932E-01,0E+00,0E+00,0E+00,2.099999999999999E-03 | 0E+00
fr-HOME-USDT-loong_kc_bnfutures_mode_8,HOME-USDT-FTR,8.773368490000001E+00,0E+00,8.773368490000001E+00,0E+00,0E+00,5E-05 | 0E+00,7.38411779919E-01,0E+00,-4.0182756879999997E+03,-1.4768235598379999E+04,0E+00,0E+00,0E+00,0E+00,0E+00,2.1833664913038196E-03,0E+00,0E+00,1.6335025223231412E-04,21_virtual@eisoky3tmanagedsub.com,precursor012,-4.86838E+05,2026-01-07 09:54:08,0E+00,prod-strategy-ap71,2026-01-09 07:12:28,0E+00,-1.641012176309964E-04|,0E+00,7.627019949701932E-01,0E+00,0E+00,0E+00,2.099999999999999E-03 | 0E+00
fr-HOME-USDT-loong_kc_bnfutures_mode_9,HOME-USDT-FTR,8.77336849E+00,0E+00,8.77336849E+00,0E+00,0E+00,5E-05 | 0E+00,7.38411779919E-01,0E+00,-4.0182756879999997E+03,-1.4768235598379999E+04,0E+00,0E+00,0E+00,0E+00,0E+00,2.183366491303819E-03,0E+00,0E+00,1.6335025223231412E-04,21_virtual@eisoky3tmanagedsub.com,precursor012,-4.86838E+05,2026-01-08 23:20:10,0E+00,prod-strategy-ap71,2026-01-12 02:45:55,0E+00,-1.641012176309964E-04|,0E+00,7.188809157860414E-01,0E+00,0E+00,0E+00,2.099999999999999E-03 | 0E+00
fr-HOME-USDT-loong_kc_bnfutures_mode_6,HOME-USDT-FTR,8.77336849E+00,0E+00,8.77336849E+00,0E+00,0E+00,5E-05 | 0E+00,7.38411779919E-01,0E+00,-4.0182756879999997E+03,-1.4768235598379999E+04,0E+00,0E+00,0E+00,0E+00,0E+00,2.183366491303819E-03,0E+00,0E+00,1.6335025223231412E-04,21_virtual@eisoky3tmanagedsub.com,precursor012,-4.86838E+05,2025-12-23 11:39:15,0E+00,prod-strategy-ap71,2025-12-26 20:42:45,0E+00,-1.641012176309964E-04|,0E+00,7.627019949701932E-01,0E+00,0E+00,0E+00,2.099999999999999E-03 | 0E+00
fr-HOME-USDT-loong_kc_bnfutures_mode_10,HOME-USDT-FTR,8.560282195291231E+00,-2.1308629470876933E-01,8.773368490000001E+00,4.99551254324615E-03,2.426999621093273E-03,5E-05 | 0E+00,7.38411779919E-01,7.072532320022583E+01,-4.0182756879999997E+03,-1.4768235598379999E+04,1.760091359869528E-02,0E+00,0E+00,1.2103560376891848E-01,-3.0128712753353516E-03,2.1833664913038196E-03,3.431585055076176E-05,7.06325869887322E-05,1.6335025223231412E-04,21_virtual@eisoky3tmanagedsub.com,precursor012,-4.86838E+05,2026-01-11 19:48:35,5E+00,prod-strategy-ap71,2026-01-26 12:52:05,-1.7918016295880126E-01,-1.641012176309964E-04|,0E+00,7.627019949701932E-01,0E+00,0E+00,0E+00,2.099999999999999E-03 | 0E+00
fr-GRT-USDT-loong_kc_bnfutures_mode_0,GRT-USDT-FTR,8.478958613554228E+00,1.0567267453554228E+01,-2.08830884E+00,6.124213049333775E-01,-1.6475608588196337E+01,-2.864E-05 | 0E+00,-5.4084157705328005E-02,8.816512523919344E+03,-1.8939599999999998E+03,-1.8884133277E+03,4.655067965489949E+00,8.320056238975525E+00,0E+00,9.617134428778583E-04,1.198576809694883E-03,-1.1026150710680268E-03,-1.8687217358902104E-03,6.946298814546777E-05,7.699293620938676E-05,21_virtual@eisoky3tmanagedsub.com,precursor012,-5.261000000000001E+04,2026-01-07 23:11:07,6.9E+02,prod-strategy-ap71,2026-01-22 03:56:49,5.34625372922493E+00,1.1145165784340882E-03|,0E+00,8.153063192112437E-01,0E+00,0E+00,0E+00,-3.481399999999999E-04 | 0E+00
fr-S-USDT-loong_kc_bnfutures_mode_0,S-USDT-FTR,8.248599723306521E+00,8.19047597330652E+00,5.8123750000000085E-02,2.73489231376152E+00,-3.1401711324462667E+01,5E-05 | 0E+00,9.8142615059E-02,3.9103237730201334E+04,-1.7441080960000002E+03,-1.96285230118E+03,2.2420191626816077E+01,6.1056474781036374E-02,0E+00,2.1094416222561862E-04,2.094577443898109E-04,3.3325772716325994E-05,-8.030463242231626E-04,6.994030347643642E-05,7.090118237851011E-05,21_virtual@eisoky3tmanagedsub.com,precursor012,-2.9482E+04,2026-01-06 12:13:55,8E+02,prod-strategy-ap71,2026-01-22 19:29:44,4.153890782816926E+00,7.513148009017367E-04|,0E+00,7.240251764964797E-01,0E+00,0E+00,0E+00,2.3103E-04 | 0E+00
fr-LINK-USDT-loong_kc_bnfutures_mode_1,LINK-USDT-FTR,8.140062675297216E+00,1.0731332152972162E+00,7.066929459999999E+00,1.6093141993042082E-01,-1.7096600010991096E+00,6.969E-05 | 0E+00,2.661433432282817E+00,2.3224235348701477E+03,-3.60868159588193E+04,-3.81896029887045E+04,6.43565654980588E-02,9.012435655593872E+00,0E+00,3.504986301196929E-03,4.6207472460754994E-04,1.958313381835757E-04,-7.361534084672031E-04,6.929460432781003E-05,1.4669950363879146E-03,21_virtual@eisoky3tmanagedsub.com,precursor012,-3.19503E+03,2025-11-20 23:59:15,6.79E+02,prod-strategy-ap71,2026-01-27 12:50:51,1.3702760491862351E+00,4.7702736630683695E-04|,0E+00,5.521170640681794E-01,1E+00,0E+00,0E+00,1.8888000000000005E-04 | 0E+00
fr-EGLD-USDT-loong_kc_bnfutures_mode_0,EGLD-USDT-FTR,8.09793423E+00,0E+00,8.09793423E+00,0E+00,0E+00,-2.4891E-04 | 0E+00,-4.7044052227499994E-01,0E+00,-1.90343E+03,-1.8900025E+03,0E+00,0E+00,0E+00,0E+00,0E+00,4.254390353204478E-03,0E+00,0E+00,7.737790902079931E-05,21_virtual@eisoky3tmanagedsub.com,precursor012,-3.275E+02,2026-01-10 07:33:14,0E+00,prod-strategy-ap71,2026-01-18 14:11:12,0E+00,3.2923236874025097E-03|,0E+00,6.321219646365062E-01,0E+00,0E+00,0E+00,1.5537800000000005E-03 | 0E+00
fr-DYDX-USDT-loong_kc_bnfutures_mode_1,DYDX-USDT-FTR,8.030426677383641E+00,1.1864302673836409E+00,6.84399641E+00,1.2183136970270425E-01,-3.459399942308674E+00,1E-04 | 0E+00,9.249070311895001E-01,1.7736817293167114E+03,-1.904053388136E+03,-9.249070311895E+03,9.315294100303996E-01,-9.439075966644287E+00,0E+00,4.527546596805314E-03,6.689082081488758E-04,3.5944351417057834E-03,-1.9504062567309438E-03,6.868840541625145E-05,7.740325088809783E-05,21_virtual@eisoky3tmanagedsub.com,precursor012,-5.56363E+04,2025-12-07 16:05:09,6.45E+02,prod-strategy-ap71,2026-01-21 14:10:28,1.2066011590994077E+00,-1.8039687312085828E-03|,0E+00,2.8622295224721044E+00,0E+00,0E+00,0E+00,1.6035400000000005E-03 | 0E+00
fr-XPIN-USDT-loong_kc_bnfutures_mode_1,XPIN-USDT-FTR,7.461527610000001E+00,0E+00,7.461527610000001E+00,0E+00,0E+00,5E-05 | 0E+00,9.895797835E-02,0E+00,-1.9651540149999998E+03,-1.979159567E+03,0E+00,0E+00,0E+00,0E+00,0E+00,3.796917469595889E-03,0E+00,0E+00,7.988710306369472E-05,21_virtual@eisoky3tmanagedsub.com,precursor012,-8.75347E+05,2025-12-16 14:03:05,0E+00,prod-strategy-ap71,2026-01-19 08:01:11,0E+00,2.9694632805918886E-03|,0E+00,9.164690127463014E-01,0E+00,0E+00,0E+00,3.6194499999999998E-03 | 0E+00
fr-CFX-USDT-loong_kc_bnfutures_mode_2,CFX-USDT-FTR,7.44119672E+00,0E+00,7.44119672E+00,0E+00,0E+00,-4.956E-05 | 0E+00,-9.165314123480761E-01,0E+00,-1.464405471E+04,-1.8493369902100003E+04,0E+00,0E+00,0E+00,0E+00,0E+00,5.081377301136838E-04,0E+00,0E+00,5.95307593684027E-04,21_virtual@eisoky3tmanagedsub.com,precursor012,-2.75035E+05,2025-12-12 16:00:03,0E+00,prod-strategy-ap71,2026-01-10 10:47:08,0E+00,1.0415116798094814E-03|,0E+00,7.057349430313343E-01,0E+00,0E+00,0E+00,3.7971E-04 | 0E+00
fr-SUI-USDT-loong_kc_bnfutures_mode_3,SUI-USDT-FTR,7.32320597E+00,0E+00,7.32320597E+00,0E+00,0E+00,2.155E-05 | 0E+00,8.485135305125E-01,0E+00,-1.4918374800000001E+03,-3.937417775E+04,0E+00,0E+00,0E+00,0E+00,0E+00,4.908849702582884E-03,0E+00,0E+00,6.064592068069669E-05,21_virtual@eisoky3tmanagedsub.com,precursor012,-2.74825E+04,1970-01-01 00:00:00,0E+00,prod-strategy-ap71,2026-01-12 22:45:19,0E+00,5.588153115394512E-04|,0E+00,6.520753462297108E-01,0E+00,0E+00,0E+00,5.6002E-04 | 0E+00
fr-SUI-USDT-loong_kc_bnfutures_mode_2,SUI-USDT-FTR,7.32320597E+00,0E+00,7.32320597E+00,0E+00,0E+00,2.155E-05 | 0E+00,8.485135305125E-01,0E+00,-1.4918374800000001E+03,-3.937417775E+04,0E+00,0E+00,0E+00,0E+00,0E+00,4.908849702582884E-03,0E+00,0E+00,6.064592068069669E-05,21_virtual@eisoky3tmanagedsub.com,precursor012,-2.74825E+04,2026-01-03 07:36:07,0E+00,prod-strategy-ap71,2026-01-12 10:45:52,0E+00,5.588153115394512E-04|,0E+00,6.704914987017863E-01,0E+00,0E+00,0E+00,5.6002E-04 | 0E+00
fr-PTB-USDT-loong_kc_bnfutures_mode_0,PTB-USDT-FTR,6.99582499E+00,0E+00,6.99582499E+00,0E+00,0E+00,5E-05 | 0E+00,7.879982759999998E-02,0E+00,-1.306776366E+03,-1.5759965519999996E+03,0E+00,0E+00,0E+00,0E+00,0E+00,5.353498251130752E-03,0E+00,0E+00,5.312284809994522E-05,21_virtual@eisoky3tmanagedsub.com,precursor012,-7.62456E+05,2026-01-03 15:21:10,0E+00,prod-strategy-ap71,2026-01-14 12:38:28,0E+00,7.008216529724498E-02|,0E+00,1.1287233423855298E+00,0E+00,0E+00,0E+00,4.256660000000001E-03 | 0E+00
fr-DOGS-USDT-loong_kc_bnfutures_mode_6,DOGS-USDT-FTR,6.669044551349245E+00,-4.775258386507552E-01,7.14657039E+00,1.829350832849741E-02,-6.560530066490173E-01,5E-05 | 0E+00,5.1622443443E-01,2.627463626861572E+02,-1.06243799064E+04,-1.03244886886E+04,2.4730512745302146E-02,0E+00,0E+00,2.5382062317320153E-02,-1.8174403396828207E-03,6.726576471248917E-04,-2.4969061415044337E-03,6.962421150753841E-05,4.3190046484495217E-04,21_virtual@eisoky3tmanagedsub.com,precursor012,-2.70274573E+08,2026-01-23 08:31:37,4E+00,prod-strategy-ap71,2026-01-25 19:28:40,-3.6690176557748316E-01,-7.853403141361293E-04|,9.090909090909091E-02,1.6900862308209046E+00,0E+00,0E+00,1E+00,1.6220000000000397E-05 | 0E+00
fr-HIPPO-USDT-loong_kc_bnfutures_mode_3,HIPPO-USDT-FTR,6.2864321E+00,0E+00,6.2864321E+00,0E+00,0E+00,5E-05 | 0E+00,8.179149895E-02,0E+00,-1.61274678721E+03,-1.6358299789999999E+03,0E+00,0E+00,0E+00,0E+00,0E+00,3.8979659732420392E-03,0E+00,0E+00,6.556110504422109E-05,21_virtual@eisoky3tmanagedsub.com,precursor012,-1.6812230000000002E+06,2026-01-03 02:43:12,0E+00,prod-strategy-ap71,2026-01-16 18:12:20,0E+00,2.059732234809486E-03|,0E+00,9.327326320684017E-01,0E+00,0E+00,0E+00,3.6913700000000015E-03 | 0E+00
fr-HIPPO-USDT-loong_kc_bnfutures_mode_2,HIPPO-USDT-FTR,6.286432099999999E+00,0E+00,6.286432099999999E+00,0E+00,0E+00,5E-05 | 0E+00,8.179149895E-02,0E+00,-1.61274678721E+03,-1.6358299789999999E+03,0E+00,0E+00,0E+00,0E+00,0E+00,3.897965973242039E-03,0E+00,0E+00,6.556110504422109E-05,21_virtual@eisoky3tmanagedsub.com,precursor012,-1.6812230000000002E+06,2025-11-28 00:41:07,0E+00,prod-strategy-ap71,2025-12-25 16:42:29,0E+00,2.059732234809486E-03|,0E+00,9.327326320684017E-01,0E+00,0E+00,0E+00,3.6913700000000015E-03 | 0E+00
fr-AVAX-USDT-loong_kc_bnfutures_mode_0,AVAX-USDT-FTR,6.268191831734519E+00,1.642314523173452E+01,-1.01549534E+01,3.724568540465299E+00,-2.0615554132848008E+01,-1.8834E-04 | 0E+00,-2.9831190925482E-01,5.272342965534894E+04,-1.6058789325E+03,-1.5839009729999998E+03,3.2831509641433655E+01,1.7850010579053458E+02,0E+00,1.1888816552165615E-04,3.114961477106477E-04,-6.32361082425496E-03,-3.910131466714344E-04,7.064351778351033E-05,6.528191419563803E-05,21_virtual@eisoky3tmanagedsub.com,precursor012,-1.35E+02,2026-01-11 21:15:39,6.63E+02,prod-strategy-ap71,2026-01-19 14:11:12,9.219699354212246E+00,6.818956699625733E-04|,0E+00,5.09987951104321E-01,0E+00,0E+00,0E+00,-1.4994899999999998E-03 | 0E+00
fr-W-USDT-loong_kc_bnfutures_mode_0,W-USDT-FTR,5.6695406618267405E+00,-1.307554108817326E+01,1.874508175E+01,4.174206761381356E-01,-1.916869291290641E+01,4.654E-05 | 0E+00,2.238382572622626E+00,5.994306579649448E+03,-4.568371752874E+04,-4.8095886820426E+04,1.3121319594620076E-01,3.6554371936798096E+00,0E+00,9.458209363322721E-04,-2.1813267163485533E-03,4.1032303770391094E-04,-3.197816571141646E-03,6.963619070724052E-05,1.857126628597184E-03,21_virtual@eisoky3tmanagedsub.com,precursor012,-1.6648322E+06,2026-01-03 06:45:04,7.91E+02,prod-strategy-ap71,2026-01-27 12:50:52,-7.383224880934718E+00,6.925207756232066E-04|,0E+00,8.467657712810098E-01,1.1E+01,0E+00,0E+00,3.5916000000000024E-04 | 0E+00
fr-CHZ-USDT-loong_kc_bnfutures_mode_0,CHZ-USDT-FTR,4.5305669658679975E+00,-4.5408768834132E+01,4.9939335799999995E+01,1.68007371587737E+00,-6.0893730169162154E+01,6.252E-05 | 0E+00,4.4715091151808E+00,2.4196892760634422E+04,-4.44326979E+04,-7.152125904E+04,5.445740165292646E-01,1.8559414278564454E+01,0E+00,1.8723755197356216E-04,-1.8766363633270662E-03,1.1239321076652426E-03,-2.5165929680123758E-03,6.943344885218724E-05,1.8062703937916603E-03,21_virtual@eisoky3tmanagedsub.com,precursor012,-1.2799080000000002E+06,2026-01-10 19:17:08,7.09E+02,prod-strategy-ap71,2026-01-27 12:50:36,-1.811695813598366E+01,8.949346697690874E-04|,4E-01,1.1482603301929717E+00,6E+01,0E+00,4E+00,9.567800000000001E-04 | 0E+00
fr-CLANKER-USDT-loong_kc_bnfutures_mode_1,CLANKER-USDT-FTR,4.37237287E+00,0E+00,4.37237287E+00,0E+00,0E+00,5E-05 | 0E+00,6.58749E-02,0E+00,-1.23825E+03,-1.317498E+03,0E+00,0E+00,0E+00,0E+00,0E+00,3.531090547143146E-03,0E+00,0E+00,5.033712605402076E-05,21_virtual@eisoky3tmanagedsub.com,precursor012,-4.953E+01,2026-01-10 19:29:37,0E+00,prod-strategy-ap71,2026-01-11 22:46:28,0E+00,9.787682577924173E-04|,0E+00,1.9309531120085375E+00,0E+00,0E+00,0E+00,2.847930000000001E-03 | 0E+00
fr-CLANKER-USDT-loong_kc_bnfutures_mode_0,CLANKER-USDT-FTR,4.37237287E+00,0E+00,4.37237287E+00,0E+00,0E+00,5E-05 | 0E+00,6.58749E-02,0E+00,-1.23825E+03,-1.317498E+03,0E+00,0E+00,0E+00,0E+00,0E+00,3.531090547143146E-03,0E+00,0E+00,5.033712605402076E-05,21_virtual@eisoky3tmanagedsub.com,precursor012,-4.953E+01,2026-01-06 12:01:01,0E+00,prod-strategy-ap71,2026-01-09 03:12:28,0E+00,9.787682577924173E-04|,0E+00,1.8793631481341027E+00,0E+00,0E+00,0E+00,2.847930000000001E-03 | 0E+00
fr-CLANKER-USDT-loong_kc_bnfutures_mode_3,CLANKER-USDT-FTR,4.37237287E+00,0E+00,4.37237287E+00,0E+00,0E+00,5E-05 | 0E+00,6.58749E-02,0E+00,-1.23825E+03,-1.317498E+03,0E+00,0E+00,0E+00,0E+00,0E+00,3.531090547143146E-03,0E+00,0E+00,5.033712605402076E-05,21_virtual@eisoky3tmanagedsub.com,precursor012,-4.953E+01,2026-01-12 20:48:58,0E+00,prod-strategy-ap71,2026-01-13 14:45:19,0E+00,9.787682577924173E-04|,0E+00,1.8793631481341027E+00,0E+00,0E+00,0E+00,2.847930000000001E-03 | 0E+00
fr-CLANKER-USDT-loong_kc_bnfutures_mode_2,CLANKER-USDT-FTR,4.37237287E+00,0E+00,4.37237287E+00,0E+00,0E+00,5E-05 | 0E+00,6.58749E-02,0E+00,-1.23825E+03,-1.317498E+03,0E+00,0E+00,0E+00,0E+00,0E+00,3.531090547143146E-03,0E+00,0E+00,5.033712605402076E-05,21_virtual@eisoky3tmanagedsub.com,precursor012,-4.953E+01,1970-01-01 00:00:00,0E+00,prod-strategy-ap71,2026-01-12 14:45:52,0E+00,9.787682577924173E-04|,0E+00,1.8793631481341027E+00,0E+00,0E+00,0E+00,2.847930000000001E-03 | 0E+00
fr-CLANKER-USDT-loong_kc_bnfutures_mode_4,CLANKER-USDT-FTR,4.37237287E+00,0E+00,4.37237287E+00,0E+00,0E+00,5E-05 | 0E+00,6.58749E-02,0E+00,-1.23825E+03,-1.317498E+03,0E+00,0E+00,0E+00,0E+00,0E+00,3.531090547143146E-03,0E+00,0E+00,5.033712605402076E-05,21_virtual@eisoky3tmanagedsub.com,precursor012,-4.953E+01,2026-01-13 09:05:34,0E+00,prod-strategy-ap71,2026-01-15 18:33:06,0E+00,9.787682577924173E-04|,0E+00,1.8793631481341027E+00,0E+00,0E+00,0E+00,2.847930000000001E-03 | 0E+00
fr-COMMON-USDT-loong_kc_bnfutures_mode_1,COMMON-USDT-FTR,4.29348188E+00,0E+00,4.29348188E+00,0E+00,0E+00,5E-05 | 0E+00,9.401940050000002E-02,0E+00,-1.7252035720000001E+03,-1.8803880100000001E+03,0E+00,0E+00,0E+00,0E+00,0E+00,2.488681306764649E-03,0E+00,0E+00,7.013267891993611E-05,21_virtual@eisoky3tmanagedsub.com,precursor012,-6.99029E+05,2025-12-21 02:13:23,0E+00,prod-strategy-ap71,2026-01-16 23:33:05,0E+00,2.6080476900147698E-03|,0E+00,9.436478471965106E-01,0E+00,0E+00,0E+00,2.3225699999999995E-03 | 0E+00
fr-FF-USDT-loong_kc_bnfutures_mode_9,FF-USDT-FTR,4.061561966948489E+00,-4.576067069305151E+01,4.982223266E+01,2.8019768566737184E+00,-1.1711466014795587E+02,3.513E-05 | 0E+00,1.1929256271932862E+00,4.02731778614521E+04,-1.5220602719999999E+04,-3.395746163374E+04,2.6459647231008017E+00,5.769935565748214E+00,0E+00,1.0085029745904546E-04,-1.1362567625151782E-03,3.273341639390743E-03,-2.908006429263021E-03,6.957426767545107E-05,6.187453242356642E-04,21_virtual@eisoky3tmanagedsub.com,precursor012,-3.77318E+05,2026-01-14 03:59:57,8.89E+02,prod-strategy-ap71,2026-01-27 12:50:41,-1.7379276263308324E+01,2.222716159146376E-03|,4.6153846153846156E-01,1.1617885857107602E+00,1E+01,0E+00,6E+00,1.8055699999999992E-03 | 0E+00
fr-NEO-USDT-loong_kc_bnfutures_mode_0,NEO-USDT-FTR,3.94647303E+00,0E+00,3.94647303E+00,0E+00,0E+00,-1.7172E-04 | 0E+00,-9.950905155167998E-01,0E+00,-3.34289946E+03,-5.79484344E+03,0E+00,0E+00,0E+00,0E+00,0E+00,1.1805539105265224E-03,0E+00,0E+00,1.358949739583589E-04,21_virtual@eisoky3tmanagedsub.com,precursor012,-1.62868E+03,1970-01-01 00:00:00,0E+00,prod-strategy-ap71,2026-01-10 10:47:07,0E+00,1.4904386951630766E-03|,0E+00,7.407779208988934E-01,0E+00,0E+00,0E+00,5.3531E-04 | 0E+00
fr-NOT-USDT-loong_kc_bnfutures_mode_0,NOT-USDT-FTR,3.8374227906146716E+00,5.610494760614672E+00,-1.77307197E+00,4.306206797118648E-01,-5.276202150154859E+00,5E-05 | 0E+00,9.8246358505E-02,5.75329211910069E+03,-1.9319750884E+03,-1.9649271701E+03,2.9779328696548477E+00,-1.6221594E+01,0E+00,6.669959931070749E-04,9.751798873532013E-04,-9.177509485737735E-04,-9.170753093933971E-04,7.484769950794295E-05,7.853831904544211E-05,21_virtual@eisoky3tmanagedsub.com,precursor012,-3.641114E+06,2026-01-18 10:54:51,1.599E+03,prod-strategy-ap71,2026-01-20 11:32:27,5.319425998757994E+00,5.563798219585525E-04|,0E+00,7.952146774306004E-01,0E+00,0E+00,0E+00,-9.201599999999998E-04 | 0E+00
fr-XRP-USDT-loong_kc_bnfutures_mode_0,XRP-USDT-FTR,3.7141661299999997E+00,0E+00,3.7141661299999997E+00,0E+00,0E+00,-2.327E-05 | 0E+00,-3.5525585417644306E-01,0E+00,-4.871108070599999E+03,-1.5266689049266999E+04,0E+00,0E+00,0E+00,0E+00,0E+00,7.624889606570578E-04,0E+00,0E+00,1.9801944758534223E-04,21_virtual@eisoky3tmanagedsub.com,precursor012,-8.0533E+03,2026-01-06 02:27:08,0E+00,prod-strategy-ap71,2026-01-17 22:11:24,0E+00,6.751410939396241E-04|,0E+00,5.744762034032896E-01,0E+00,0E+00,0E+00,1.8574E-04 | 0E+00
fr-GUN-USDT-loong_kc_bnfutures_mode_0,GUN-USDT-FTR,3.48769554E+00,0E+00,3.48769554E+00,0E+00,0E+00,5E-05 | 0E+00,9.968989877700002E-02,0E+00,-1.6004581078299998E+03,-1.9937979755400002E+03,0E+00,0E+00,0E+00,0E+00,0E+00,2.1791857737087747E-03,0E+00,0E+00,6.506154776339047E-05,21_virtual@eisoky3tmanagedsub.com,precursor012,-6.8443E+04,2026-01-14 21:25:08,0E+00,prod-strategy-ap71,2026-01-27 12:50:29,0E+00,1.3647219379051556E-03|,0E+00,1.4538549338147588E+00,0E+00,0E+00,0E+00,1.657209999999999E-03 | 0E+00
fr-JELLYJELLY-USDT-loong_kc_bnfutures_mode_0,JELLYJELLY-USDT-FTR,3.36225097E+00,0E+00,3.36225097E+00,0E+00,0E+00,5E-05 | 0E+00,7.409971100000001E-02,0E+00,-1.4630390599999998E+03,-1.48199422E+03,0E+00,0E+00,0E+00,0E+00,0E+00,2.2981279597552237E-03,0E+00,0E+00,5.947521226341694E-05,21_virtual@eisoky3tmanagedsub.com,precursor012,-2.4941E+04,2026-01-10 15:23:59,0E+00,prod-strategy-ap71,2026-01-15 04:22:39,0E+00,1.683785149015904E-04|,0E+00,1.058147943430019E+00,0E+00,0E+00,0E+00,2.1946299999999995E-03 | 0E+00
fr-NXPC-USDT-loong_kc_bnfutures_mode_0,NXPC-USDT-FTR,3.17855872E+00,0E+00,3.17855872E+00,0E+00,0E+00,5E-05 | 0E+00,1.2775048000000003E-01,0E+00,-1.7248068077E+03,-2.5550096000000003E+03,0E+00,0E+00,0E+00,0E+00,0E+00,1.8428491271080688E-03,0E+00,0E+00,7.011654972584539E-05,21_virtual@eisoky3tmanagedsub.com,precursor012,-6.872E+03,2025-12-09 06:27:31,0E+00,prod-strategy-ap71,2026-01-22 11:30:20,0E+00,1.1824778285407511E-03|,0E+00,8.123783093707867E-01,0E+00,0E+00,0E+00,1.5249699999999992E-03 | 0E+00
fr-MUBARAK-USDT-loong_kc_bnfutures_mode_11,MUBARAK-USDT-FTR,3.129663056056063E+00,-8.73766613943937E-01,4.00342967E+00,3.02265002806962E-01,-2.8455900216504424E+00,-6.854E-05 | 0E+00,-2.3460580246300003E-01,4.332366020709276E+03,-1.9751156864799998E+03,-3.4229034500000002E+03,2.1934745647381835E+00,-5.079990859680176E+00,0E+00,7.223911925021719E-04,-2.016834703640501E-04,2.02693426891607E-03,-6.568212399525225E-04,6.976903644846621E-05,8.029206321955784E-05,21_virtual@eisoky3tmanagedsub.com,precursor012,-1.90691E+05,2026-01-25 04:35:55,7.6E+01,prod-strategy-ap71,2026-01-26 12:52:06,-3.7557235926957894E-01,-5.561735261401246E-04|,0E+00,8.258632975395782E-01,0E+00,0E+00,0E+00,1.875429999999999E-03 | 0E+00
fr-CROSS-USDT-loong_kc_bnfutures_mode_6,CROSS-USDT-FTR,2.5126530899999997E+00,0E+00,2.5126530899999997E+00,0E+00,0E+00,5E-05 | 0E+00,4.8597192203E-02,0E+00,-9.621952288199999E+02,-9.719438440600001E+02,0E+00,0E+00,0E+00,0E+00,0E+00,2.6113755449415636E-03,0E+00,0E+00,3.911499497007041E-05,21_virtual@eisoky3tmanagedsub.com,precursor012,-7.881999999999999E+03,2026-01-03 05:18:13,0E+00,prod-strategy-ap71,2026-01-09 03:12:28,0E+00,5.679513184584373E-04|,0E+00,6.24582547176797E-01,0E+00,0E+00,0E+00,2.4945600000000003E-03 | 0E+00
fr-CROSS-USDT-loong_kc_bnfutures_mode_7,CROSS-USDT-FTR,2.5126530899999997E+00,0E+00,2.5126530899999997E+00,0E+00,0E+00,5E-05 | 0E+00,4.8597192203E-02,0E+00,-9.621952288199999E+02,-9.719438440600001E+02,0E+00,0E+00,0E+00,0E+00,0E+00,2.6113755449415636E-03,0E+00,0E+00,3.911499497007041E-05,21_virtual@eisoky3tmanagedsub.com,precursor012,-7.881999999999999E+03,2026-01-08 19:27:19,0E+00,prod-strategy-ap71,2026-01-11 22:46:28,0E+00,5.679513184584373E-04|,0E+00,6.571717342252978E-01,0E+00,0E+00,0E+00,2.4945600000000003E-03 | 0E+00
fr-CROSS-USDT-loong_kc_bnfutures_mode_5,CROSS-USDT-FTR,2.5126530899999997E+00,0E+00,2.5126530899999997E+00,0E+00,0E+00,5E-05 | 0E+00,4.8597192203E-02,0E+00,-9.621952288199999E+02,-9.719438440600001E+02,0E+00,0E+00,0E+00,0E+00,0E+00,2.6113755449415636E-03,0E+00,0E+00,3.911499497007041E-05,21_virtual@eisoky3tmanagedsub.com,precursor012,-7.881999999999999E+03,2025-12-16 07:24:34,0E+00,prod-strategy-ap71,2025-12-28 04:42:53,0E+00,5.679513184584373E-04|,0E+00,6.24582547176797E-01,0E+00,0E+00,0E+00,2.4945600000000003E-03 | 0E+00
fr-CROSS-USDT-loong_kc_bnfutures_mode_8,CROSS-USDT-FTR,2.5126530899999997E+00,0E+00,2.5126530899999997E+00,0E+00,0E+00,5E-05 | 0E+00,4.8597192203E-02,0E+00,-9.621952288199999E+02,-9.719438440600001E+02,0E+00,0E+00,0E+00,0E+00,0E+00,2.6113755449415636E-03,0E+00,0E+00,3.911499497007041E-05,21_virtual@eisoky3tmanagedsub.com,precursor012,-7.881999999999999E+03,2026-01-12 17:14:05,0E+00,prod-strategy-ap71,2026-01-16 16:00:55,0E+00,5.679513184584373E-04|,0E+00,6.24582547176797E-01,0E+00,0E+00,0E+00,2.4945600000000003E-03 | 0E+00
fr-TUT-USDT-loong_kc_bnfutures_mode_19,TUT-USDT-FTR,2.4411639013515884E+00,-1.0887375518648412E+01,1.332853942E+01,4.588969083997654E-01,-1.3078079932834953E+01,5E-05 | 0E+00,4.2250851392100003E-01,6.5448149445950985E+03,-8.9517099E+03,-8.45017027842E+03,7.311245580685204E-01,2.4214768151283264E-01,0E+00,3.72992043627998E-04,-1.663511590597306E-03,1.488937819577911E-03,-1.9982352508889833E-03,7.011610141532512E-05,3.6390337139941497E-04,21_virtual@eisoky3tmanagedsub.com,precursor012,-5.94798E+05,2026-01-21 18:17:41,1.1E+01,prod-strategy-ap71,2026-01-22 15:29:36,-2.32696066205016E+00,0E+00|,0E+00,7.796516323996134E-01,0E+00,0E+00,0E+00,2.099999999999999E-03 | 0E+00
fr-SPK-USDT-loong_kc_bnfutures_mode_1,SPK-USDT-FTR,2.33521533E+00,0E+00,2.33521533E+00,0E+00,0E+00,5E-05 | 0E+00,9.674478885599999E-02,0E+00,-1.79337816E+03,-1.9348957771199998E+03,0E+00,0E+00,0E+00,0E+00,0E+00,1.3021321336934314E-03,0E+00,0E+00,7.290410054710099E-05,21_virtual@eisoky3tmanagedsub.com,precursor012,-8.6553E+04,2025-12-02 07:07:51,0E+00,prod-strategy-ap71,2026-01-26 12:52:06,0E+00,1.3416815742397503E-03|,0E+00,7.117274164212587E-01,0E+00,0E+00,0E+00,1.2469999999999994E-03 | 0E+00
fr-SPK-USDT-loong_kc_bnfutures_mode_0,SPK-USDT-FTR,2.33521533E+00,0E+00,2.33521533E+00,0E+00,0E+00,5E-05 | 0E+00,9.674478885599999E-02,0E+00,-1.79337816E+03,-1.9348957771199998E+03,0E+00,0E+00,0E+00,0E+00,0E+00,1.3021321336934314E-03,0E+00,0E+00,7.290410054710099E-05,21_virtual@eisoky3tmanagedsub.com,precursor012,-8.6553E+04,2026-01-03 09:52:40,0E+00,prod-strategy-ap71,2026-01-10 14:46:24,0E+00,1.3416815742397503E-03|,0E+00,7.117274164212587E-01,0E+00,0E+00,0E+00,1.2469999999999994E-03 | 0E+00
fr-NXPC-USDT-loong_kc_bnfutures_mode_1,NXPC-USDT-FTR,2.061483509424801E+00,-4.9698462057519865E-01,2.5584681299999996E+00,6.102475922671147E-02,-1.2340705280657858E+00,5E-05 | 0E+00,1.2775048000000003E-01,8.773279851973057E+02,-1.8603294999999998E+03,-2.5550096000000003E+03,4.7159816860255444E-01,-1.0429660191535948E+00,0E+00,2.34972957002071E-03,-5.664752851391488E-04,1.375276868963267E-03,-1.406623918178389E-03,6.955752039869943E-05,7.562579490693592E-05,21_virtual@eisoky3tmanagedsub.com,precursor012,-6.872E+03,2026-01-22 03:48:47,6E+00,prod-strategy-ap71,2026-01-26 12:52:06,7.660155372143027E-02,1.1824778285407511E-03|,0E+00,8.123783093707867E-01,0E+00,0E+00,0E+00,1.5249699999999992E-03 | 0E+00
fr-TWT-USDT-loong_kc_bnfutures_mode_0,TWT-USDT-FTR,2.03744964E+00,0E+00,2.03744964E+00,0E+00,0E+00,-9.8E-07 | 0E+00,-1.8809423219999998E-03,0E+00,-1.83828690045E+03,-1.9193289E+03,0E+00,0E+00,0E+00,0E+00,0E+00,1.1083414887530594E-03,0E+00,0E+00,7.472972294076863E-05,21_virtual@eisoky3tmanagedsub.com,precursor012,-2.278E+03,2025-11-16 18:11:34,0E+00,prod-strategy-ap71,2025-12-29 19:11:28,0E+00,1.3042447237372468E-03|,0E+00,4.9828793258083226E-01,0E+00,0E+00,0E+00,9.662700000000004E-04 | 0E+00
fr-TWT-USDT-loong_kc_bnfutures_mode_2,TWT-USDT-FTR,2.03744964E+00,0E+00,2.03744964E+00,0E+00,0E+00,-9.8E-07 | 0E+00,-1.8809423219999998E-03,0E+00,-1.83828690045E+03,-1.9193289E+03,0E+00,0E+00,0E+00,0E+00,0E+00,1.1083414887530594E-03,0E+00,0E+00,7.472972294076863E-05,21_virtual@eisoky3tmanagedsub.com,precursor012,-2.278E+03,2026-01-03 13:27:40,0E+00,prod-strategy-ap71,2026-01-22 11:30:20,0E+00,1.3042447237372468E-03|,0E+00,4.9828793258083226E-01,0E+00,0E+00,0E+00,9.662700000000004E-04 | 0E+00
fr-TWT-USDT-loong_kc_bnfutures_mode_1,TWT-USDT-FTR,2.0374496399999997E+00,0E+00,2.0374496399999997E+00,0E+00,0E+00,-9.8E-07 | 0E+00,-1.8809423219999998E-03,0E+00,-1.83828690045E+03,-1.9193289E+03,0E+00,0E+00,0E+00,0E+00,0E+00,1.1083414887530592E-03,0E+00,0E+00,7.472972294076863E-05,21_virtual@eisoky3tmanagedsub.com,precursor012,-2.278E+03,2025-12-29 12:08:24,0E+00,prod-strategy-ap71,2026-01-02 19:11:00,0E+00,1.3042447237372468E-03|,0E+00,4.9828793258083226E-01,0E+00,0E+00,0E+00,9.662700000000004E-04 | 0E+00
fr-PYTH-USDT-loong_kc_bnfutures_mode_0,PYTH-USDT-FTR,2.031272410671514E+00,1.0585145400671513E+01,-8.553872989999999E+00,1.0429188367561437E+00,-1.2471020102268085E+01,5E-05 | 0E+00,9.805258386E-02,1.4964706872224808E+04,-1.8960347090999999E+03,-1.9610516771999999E+03,7.892633399801093E+00,-8.911301749465942E+00,0E+00,1.357375341872984E-04,7.07340644294078E-04,-4.511453798258951E-03,-8.333621372440564E-04,6.969189878966821E-05,7.707727692692531E-05,21_virtual@eisoky3tmanagedsub.com,precursor012,-3.381E+04,2026-01-05 14:20:49,6.99E+02,prod-strategy-ap71,2026-01-20 18:35:08,6.352023417725994E+00,6.900120752113548E-04|,0E+00,7.791652038645658E-01,0E+00,0E+00,0E+00,-9.689399999999997E-04 | 0E+00
fr-SSV-USDT-loong_kc_bnfutures_mode_0,SSV-USDT-FTR,2.00981461E+00,0E+00,2.00981461E+00,0E+00,0E+00,8.08E-05 | 0E+00,1.6662572033256512E-01,0E+00,-1.9329672856864997E+03,-2.0621995090664E+03,0E+00,0E+00,0E+00,0E+00,0E+00,1.0397561432531992E-03,0E+00,0E+00,7.857865367890143E-05,21_virtual@eisoky3tmanagedsub.com,precursor012,-4.9258E+02,2025-12-24 16:15:27,0E+00,prod-strategy-ap71,2026-01-22 11:30:19,0E+00,2.389486260454543E-04|,0E+00,1.4004618312316957E+00,0E+00,0E+00,0E+00,8.595400000000002E-04 | 0E+00
fr-PAXG-USDT-loong_kc_bnfutures_mode_1,PAXG-USDT-FTR,1.4281936167012002E+00,1.2086644267012001E+00,2.1952918999999999E-01,1.407204270362854E-01,1.7423999309539795E-01,5E-05 | 0E+00,9.854335800000001E-02,2.0014871826171875E+03,-2.0535767299999998E+03,-1.9708671600000002E+03,9.74634720669623E-01,-1.5190272611379625E+00,0E+00,7.13566206721176E-04,6.03883171073184E-04,1.0690089481097695E-04,8.705526301075684E-05,7.030793315012708E-05,8.348164806752573E-05,21_virtual@eisoky3tmanagedsub.com,precursor012,-3.87E-01,2025-11-15 20:42:38,5E+00,prod-strategy-ap71,2026-01-27 08:50:34,0E+00,3.651426215667275E-04|,1E+00,3.924485891299344E-01,0E+00,0E+00,1E+00,-2.888999999999993E-05 | 0E+00
fr-DOGS-USDT-loong_kc_bnfutures_mode_4,DOGS-USDT-FTR,1.1618986400000004E+00,0E+00,1.1618986400000004E+00,0E+00,0E+00,5E-05 | 0E+00,5.1622443443E-01,0E+00,-1.0548593283799999E+04,-1.03244886886E+04,0E+00,0E+00,0E+00,0E+00,0E+00,1.1014725933024512E-04,0E+00,0E+00,4.28819600096295E-04,21_virtual@eisoky3tmanagedsub.com,precursor012,-2.70274573E+08,2026-01-10 15:25:37,0E+00,prod-strategy-ap71,2026-01-14 16:38:05,0E+00,-7.853403141361293E-04|,0E+00,1.6900862308209046E+00,0E+00,0E+00,0E+00,1.6220000000000397E-05 | 0E+00
fr-DOGS-USDT-loong_kc_bnfutures_mode_2,DOGS-USDT-FTR,1.1618986399999998E+00,0E+00,1.1618986399999998E+00,0E+00,0E+00,5E-05 | 0E+00,5.1622443443E-01,0E+00,-1.0548593283799999E+04,-1.03244886886E+04,0E+00,0E+00,0E+00,0E+00,0E+00,1.1014725933024505E-04,0E+00,0E+00,4.28819600096295E-04,21_virtual@eisoky3tmanagedsub.com,precursor012,-2.70274573E+08,2025-12-16 13:34:23,0E+00,prod-strategy-ap71,2025-12-27 12:42:41,0E+00,-7.853403141361293E-04|,0E+00,1.6900862308209046E+00,0E+00,0E+00,0E+00,1.6220000000000397E-05 | 0E+00
fr-DOGS-USDT-loong_kc_bnfutures_mode_3,DOGS-USDT-FTR,1.1618986399999993E+00,0E+00,1.1618986399999993E+00,0E+00,0E+00,5E-05 | 0E+00,5.1622443443E-01,0E+00,-1.0548593283799999E+04,-1.03244886886E+04,0E+00,0E+00,0E+00,0E+00,0E+00,1.1014725933024501E-04,0E+00,0E+00,4.28819600096295E-04,21_virtual@eisoky3tmanagedsub.com,precursor012,-2.70274573E+08,2026-01-02 23:51:06,0E+00,prod-strategy-ap71,2026-01-10 14:46:23,0E+00,-7.853403141361293E-04|,0E+00,1.6900862308209046E+00,0E+00,0E+00,0E+00,1.6220000000000397E-05 | 0E+00
fr-VET-USDT-loong_kc_bnfutures_mode_4,VET-USDT-FTR,7.605541E-01,0E+00,7.605541E-01,0E+00,0E+00,3.748E-05 | 0E+00,1.8603743917938398E-01,0E+00,-1.98508474136E+03,-4.963645655799999E+03,0E+00,0E+00,0E+00,0E+00,0E+00,3.831343237664188E-04,0E+00,0E+00,8.069732352412801E-05,21_virtual@eisoky3tmanagedsub.com,precursor012,-4.92518E+05,2026-01-25 16:02:11,0E+00,prod-strategy-ap71,2026-01-27 12:50:38,0E+00,8.927685745461211E-04|,0E+00,7.000924363606823E-01,1.8E+01,0E+00,0E+00,-1.9980000000000076E-05 | 0E+00
fr-PEOPLE-USDT-loong_kc_bnfutures_mode_1,PEOPLE-USDT-FTR,6.208817400000001E-01,0E+00,6.208817400000001E-01,0E+00,0E+00,-1.4526E-04 | 0E+00,-1.0068566747040002E-01,0E+00,-6.988476989999998E+02,-6.931410400000001E+02,0E+00,0E+00,0E+00,0E+00,0E+00,8.884364088032867E-04,0E+00,0E+00,2.840943647658013E-05,21_virtual@eisoky3tmanagedsub.com,precursor012,-7.583599999999999E+04,2026-01-07 12:14:23,0E+00,prod-strategy-ap71,2026-01-12 10:45:51,0E+00,-1.0928961748633004E-03|,0E+00,9.504335775047108E-01,0E+00,0E+00,0E+00,8.482400000000002E-04 | 0E+00
fr-PEOPLE-USDT-loong_kc_bnfutures_mode_2,PEOPLE-USDT-FTR,6.2088174E-01,0E+00,6.2088174E-01,0E+00,0E+00,-1.4526E-04 | 0E+00,-1.0068566747040002E-01,0E+00,-6.988476989999998E+02,-6.931410400000001E+02,0E+00,0E+00,0E+00,0E+00,0E+00,8.884364088032865E-04,0E+00,0E+00,2.840943647658013E-05,21_virtual@eisoky3tmanagedsub.com,precursor012,-7.583599999999999E+04,2026-01-12 04:05:02,0E+00,prod-strategy-ap71,2026-01-14 02:45:23,0E+00,-1.0928961748633004E-03|,0E+00,9.504335775047108E-01,0E+00,0E+00,0E+00,8.482400000000002E-04 | 0E+00
fr-PEOPLE-USDT-loong_kc_bnfutures_mode_3,PEOPLE-USDT-FTR,6.2088174E-01,0E+00,6.2088174E-01,0E+00,0E+00,-1.4526E-04 | 0E+00,-1.0068566747040002E-01,0E+00,-6.988476989999998E+02,-6.931410400000001E+02,0E+00,0E+00,0E+00,0E+00,0E+00,8.884364088032865E-04,0E+00,0E+00,2.840943647658013E-05,21_virtual@eisoky3tmanagedsub.com,precursor012,-7.583599999999999E+04,2026-01-13 19:40:22,0E+00,prod-strategy-ap71,2026-01-17 14:15:04,0E+00,-1.0928961748633004E-03|,0E+00,9.504335775047108E-01,0E+00,0E+00,0E+00,8.482400000000002E-04 | 0E+00
fr-PEOPLE-USDT-loong_kc_bnfutures_mode_0,PEOPLE-USDT-FTR,6.208817399999998E-01,0E+00,6.208817399999998E-01,0E+00,0E+00,-1.4526E-04 | 0E+00,-1.0068566747040002E-01,0E+00,-6.988476989999998E+02,-6.931410400000001E+02,0E+00,0E+00,0E+00,0E+00,0E+00,8.884364088032864E-04,0E+00,0E+00,2.840943647658013E-05,21_virtual@eisoky3tmanagedsub.com,precursor012,-7.583599999999999E+04,2026-01-03 10:53:16,0E+00,prod-strategy-ap71,2026-01-07 19:12:28,0E+00,-1.0928961748633004E-03|,0E+00,7.733900267949265E-01,0E+00,0E+00,0E+00,8.482400000000002E-04 | 0E+00
fr-SPX-USDT-loong_kc_bnfutures_mode_4,SPX-USDT-FTR,5.912834240442106E-01,-1.6921276459557895E+00,2.28341107E+00,5.322049319533107E+00,-7.334818972146603E+01,4.592E-05 | 0E+00,7.664963368600385E-01,7.624992394271493E+04,-1.4590321000000001E+03,-1.669199339852E+04,5.226062123151021E+01,3.029995481097699E+00,0E+00,7.754544443722072E-06,-2.219186011552027E-05,1.5650177059161343E-03,-9.619444312701359E-04,6.979743774605544E-05,5.931232201458722E-05,21_virtual@eisoky3tmanagedsub.com,precursor012,-4.4077E+04,2026-01-20 07:45:04,3.05E+02,prod-strategy-ap71,2026-01-25 11:28:48,-1.0027415857816091E+01,1.055966209081216E-03|,0E+00,1.1075897640883194E+00,0E+00,0E+00,0E+00,-4.7993E-04 | 0E+00
fr-NTRN-USDT-loong_kc_bnfutures_mode_0,NTRN-USDT-FTR,3.6239693E-01,0E+00,3.6239693E-01,0E+00,0E+00,5E-05 | 0E+00,1.194545E-02,0E+00,-2.60364437E+02,-2.38909E+02,0E+00,0E+00,0E+00,0E+00,0E+00,1.3918833700011035E-03,0E+00,0E+00,1.0584290317184048E-05,21_virtual@eisoky3tmanagedsub.com,precursor012,-1.1740000000000002E+04,2025-12-28 00:04:41,0E+00,prod-strategy-ap71,2025-12-28 08:42:47,0E+00,4.914004914005066E-04|,0E+00,8.411606886702099E-01,0E+00,0E+00,0E+00,1.3317899999999998E-03 | 0E+00
fr-TAO-USDT-loong_kc_bnfutures_mode_0,TAO-USDT-FTR,2.765473799999999E-01,0E+00,2.765473799999999E-01,0E+00,0E+00,2.693E-05 | 0E+00,9.673274287485713E-02,0E+00,-3.6290936635935E+03,-3.5920067907485004E+03,0E+00,0E+00,0E+00,0E+00,0E+00,7.620287753228304E-05,0E+00,0E+00,1.4752929150507087E-04,21_virtual@eisoky3tmanagedsub.com,precursor012,-1.555E+01,2026-01-03 13:21:25,0E+00,prod-strategy-ap71,2026-01-15 17:07:22,0E+00,4.332192522635836E-04|,0E+00,7.384269284703611E-01,0E+00,0E+00,0E+00,9.868000000000001E-05 | 0E+00
fr-VINE-USDT-loong_kc_bnfutures_mode_5,,0E+00,0E+00,0E+00,0E+00,0E+00,0E+00 | 0E+00,0E+00,0E+00,0E+00,0E+00,0E+00,0E+00,0E+00,0E+00,0E+00,0E+00,0E+00,0E+00,0E+00,,,0E+00,2025-12-01 15:14:53,0E+00,,0001-01-01 00:00:00,0E+00,0E+00|,0E+00,0E+00,0E+00,0E+00,0E+00,0E+00 | 0E+00
fr-C-USDT-loong_kc_bnfutures_mode_6,,0E+00,0E+00,0E+00,0E+00,0E+00,0E+00 | 0E+00,0E+00,0E+00,0E+00,0E+00,0E+00,0E+00,0E+00,0E+00,0E+00,0E+00,0E+00,0E+00,0E+00,,,0E+00,2025-12-21 15:30:55,0E+00,,0001-01-01 00:00:00,0E+00,0E+00|,0E+00,0E+00,0E+00,0E+00,0E+00,0E+00 | 0E+00
fr-SCR-USDT-loong_kc_bnfutures_mode_1,,0E+00,0E+00,0E+00,0E+00,0E+00,0E+00 | 0E+00,0E+00,0E+00,0E+00,0E+00,0E+00,0E+00,0E+00,0E+00,0E+00,0E+00,0E+00,0E+00,0E+00,,,0E+00,2025-12-16 13:34:24,0E+00,,0001-01-01 00:00:00,0E+00,0E+00|,0E+00,0E+00,0E+00,0E+00,0E+00,0E+00 | 0E+00
fr-SOLV-USDT-loong_kc_bnfutures_mode_5,SOLV-USDT-FTR,0E+00,0E+00,0E+00,0E+00,0E+00,5E-05 | 0E+00,2.91265486776E-01,0E+00,0E+00,-5.82530973552E+03,0E+00,0E+00,0E+00,0E+00,0E+00,0E+00,0E+00,0E+00,0E+00,21_virtual@eisoky3tmanagedsub.com,precursor012,-4.9013800000000006E+05,2026-01-26 06:14:08,0E+00,prod-strategy-ap71,2026-01-27 12:50:31,0E+00,-8.396305625524292E-04|,0E+00,7.544594544631007E-01,7E+00,0E+00,0E+00,2.099999999999999E-03 | 0E+00
fr-HYPER-USDT-loong_kc_bnfutures_mode_3,,0E+00,0E+00,0E+00,0E+00,0E+00,0E+00 | 0E+00,0E+00,0E+00,0E+00,0E+00,0E+00,0E+00,0E+00,0E+00,0E+00,0E+00,0E+00,0E+00,0E+00,,,0E+00,2025-11-26 07:07:51,0E+00,,0001-01-01 00:00:00,0E+00,0E+00|,0E+00,0E+00,0E+00,0E+00,0E+00,0E+00 | 0E+00
fr-ZEN-USDT-loong_kc_bnfutures_mode_1,ZEN-USDT-FTR,0E+00,0E+00,0E+00,0E+00,0E+00,2.961E-05 | 0E+00,2.7289027256399995E-01,0E+00,0E+00,-9.216152399999999E+03,0E+00,0E+00,0E+00,0E+00,0E+00,0E+00,0E+00,0E+00,0E+00,21_virtual@eisoky3tmanagedsub.com,precursor012,-1.0101E+03,2026-01-26 21:51:19,0E+00,prod-strategy-ap71,2026-01-27 12:50:49,0E+00,2.192261317550681E-04|,2E-01,9.240385726477762E-01,1E+01,0E+00,2E+00,-1.999999999999913E-07 | 0E+00
fr-ZEC-USDT-loong_kc_bnfutures_mode_1,,0E+00,0E+00,0E+00,0E+00,0E+00,0E+00 | 0E+00,0E+00,0E+00,0E+00,0E+00,0E+00,0E+00,0E+00,0E+00,0E+00,0E+00,0E+00,0E+00,0E+00,,,0E+00,2025-12-04 16:02:36,0E+00,,0001-01-01 00:00:00,0E+00,0E+00|,0E+00,0E+00,0E+00,0E+00,0E+00,0E+00 | 0E+00
fr-VINE-USDT-loong_kc_bnfutures_mode_7,,0E+00,0E+00,0E+00,0E+00,0E+00,0E+00 | 0E+00,0E+00,0E+00,0E+00,0E+00,0E+00,0E+00,0E+00,0E+00,0E+00,0E+00,0E+00,0E+00,0E+00,,,0E+00,2025-12-21 08:07:46,0E+00,,0001-01-01 00:00:00,0E+00,0E+00|,0E+00,0E+00,0E+00,0E+00,0E+00,0E+00 | 0E+00
fr-AKE-USDT-loong_kc_bnfutures_mode_0,,0E+00,0E+00,0E+00,0E+00,0E+00,0E+00 | 0E+00,0E+00,0E+00,0E+00,0E+00,0E+00,0E+00,0E+00,0E+00,0E+00,0E+00,0E+00,0E+00,0E+00,,,0E+00,2025-11-27 07:59:41,0E+00,,0001-01-01 00:00:00,0E+00,0E+00|,0E+00,0E+00,0E+00,0E+00,0E+00,0E+00 | 0E+00
fr-SAHARA-USDT-loong_kc_bnfutures_mode_2,,0E+00,0E+00,0E+00,0E+00,0E+00,0E+00 | 0E+00,0E+00,0E+00,0E+00,0E+00,0E+00,0E+00,0E+00,0E+00,0E+00,0E+00,0E+00,0E+00,0E+00,,,0E+00,2025-11-26 04:19:24,0E+00,,0001-01-01 00:00:00,0E+00,0E+00|,0E+00,0E+00,0E+00,0E+00,0E+00,0E+00 | 0E+00
fr-BAN-USDT-loong_kc_bnfutures_mode_3,,0E+00,0E+00,0E+00,0E+00,0E+00,0E+00 | 0E+00,0E+00,0E+00,0E+00,0E+00,0E+00,0E+00,0E+00,0E+00,0E+00,0E+00,0E+00,0E+00,0E+00,,,0E+00,2025-11-24 11:53:54,0E+00,,0001-01-01 00:00:00,0E+00,0E+00|,0E+00,0E+00,0E+00,0E+00,0E+00,0E+00 | 0E+00
fr-ETC-USDT-loong_kc_bnfutures_mode_2,,0E+00,0E+00,0E+00,0E+00,0E+00,0E+00 | 0E+00,0E+00,0E+00,0E+00,0E+00,0E+00,0E+00,0E+00,0E+00,0E+00,0E+00,0E+00,0E+00,0E+00,,,0E+00,2025-12-05 09:18:40,0E+00,,0001-01-01 00:00:00,0E+00,0E+00|,0E+00,0E+00,0E+00,0E+00,0E+00,0E+00 | 0E+00
fr-EGLD-USDT-loong_kc_bnfutures_mode_2,EGLD-USDT-FTR,0E+00,0E+00,0E+00,0E+00,0E+00,-2.4891E-04 | 0E+00,-4.7044052227499994E-01,0E+00,0E+00,-1.8900025E+03,0E+00,0E+00,0E+00,0E+00,0E+00,0E+00,0E+00,0E+00,0E+00,21_virtual@eisoky3tmanagedsub.com,precursor012,-3.275E+02,1970-01-01 00:00:00,0E+00,prod-strategy-ap71,2026-01-27 12:50:31,0E+00,3.2923236874025097E-03|,0E+00,6.321219646365062E-01,0E+00,0E+00,0E+00,1.5537800000000005E-03 | 0E+00
fr-1INCH-USDT-loong_kc_bnfutures_mode_0,,0E+00,0E+00,0E+00,0E+00,0E+00,0E+00 | 0E+00,0E+00,0E+00,0E+00,0E+00,0E+00,0E+00,0E+00,0E+00,0E+00,0E+00,0E+00,0E+00,0E+00,,,0E+00,2025-12-02 18:40:57,0E+00,,0001-01-01 00:00:00,0E+00,0E+00|,0E+00,0E+00,0E+00,0E+00,0E+00,0E+00 | 0E+00
fr-BARD-USDT-loong_kc_bnfutures_mode_13,BARD-USDT-FTR,0E+00,0E+00,0E+00,0E+00,0E+00,5E-05 | 0E+00,3.759978175825E-01,0E+00,0E+00,-7.519956351649999E+03,0E+00,0E+00,0E+00,0E+00,0E+00,0E+00,0E+00,0E+00,0E+00,21_virtual@eisoky3tmanagedsub.com,precursor012,-9.649E+03,2026-01-26 05:38:48,0E+00,prod-strategy-ap71,2026-01-27 12:50:46,0E+00,3.8570326562092916E-04|,6.666666666666666E-01,6.871703771848686E-01,1.2E+01,0E+00,1E+01,1.9990599999999987E-03 | 0E+00
fr-VINE-USDT-loong_kc_bnfutures_mode_4,,0E+00,0E+00,0E+00,0E+00,0E+00,0E+00 | 0E+00,0E+00,0E+00,0E+00,0E+00,0E+00,0E+00,0E+00,0E+00,0E+00,0E+00,0E+00,0E+00,0E+00,,,0E+00,2025-11-16 08:19:05,0E+00,,0001-01-01 00:00:00,0E+00,0E+00|,0E+00,0E+00,0E+00,0E+00,0E+00,0E+00 | 0E+00
fr-WIF-USDT-loong_kc_bnfutures_mode_7,,0E+00,0E+00,0E+00,0E+00,0E+00,0E+00 | 0E+00,0E+00,0E+00,0E+00,0E+00,0E+00,0E+00,0E+00,0E+00,0E+00,0E+00,0E+00,0E+00,0E+00,,,0E+00,2025-12-20 22:05:33,0E+00,,0001-01-01 00:00:00,0E+00,0E+00|,0E+00,0E+00,0E+00,0E+00,0E+00,0E+00 | 0E+00
fr-SIREN-USDT-loong_kc_bnfutures_mode_6,,0E+00,0E+00,0E+00,0E+00,0E+00,0E+00 | 0E+00,0E+00,0E+00,0E+00,0E+00,0E+00,0E+00,0E+00,0E+00,0E+00,0E+00,0E+00,0E+00,0E+00,,,0E+00,2025-12-08 22:33:08,0E+00,,0001-01-01 00:00:00,0E+00,0E+00|,0E+00,0E+00,0E+00,0E+00,0E+00,0E+00 | 0E+00
fr-NXPC-USDT-loong_kc_bnfutures_mode_2,NXPC-USDT-FTR,0E+00,0E+00,0E+00,0E+00,0E+00,5E-05 | 0E+00,1.2775048000000003E-01,0E+00,0E+00,-2.5550096000000003E+03,0E+00,0E+00,0E+00,0E+00,0E+00,0E+00,0E+00,0E+00,0E+00,21_virtual@eisoky3tmanagedsub.com,precursor012,-6.872E+03,2026-01-26 12:28:46,0E+00,prod-strategy-ap71,2026-01-27 12:50:38,0E+00,1.1824778285407511E-03|,0E+00,8.19706616365882E-01,1.8E+01,0E+00,0E+00,1.5249699999999992E-03 | 0E+00
fr-VANRY-USDT-loong_kc_bnfutures_mode_3,,0E+00,0E+00,0E+00,0E+00,0E+00,0E+00 | 0E+00,0E+00,0E+00,0E+00,0E+00,0E+00,0E+00,0E+00,0E+00,0E+00,0E+00,0E+00,0E+00,0E+00,,,0E+00,2025-11-16 17:32:30,0E+00,,0001-01-01 00:00:00,0E+00,0E+00|,0E+00,0E+00,0E+00,0E+00,0E+00,0E+00 | 0E+00
fr-PLAY-USDT-loong_kc_bnfutures_mode_3,PLAY-USDT-FTR,0E+00,0E+00,0E+00,0E+00,0E+00,1.4629E-04 | 0E+00,4.433437271126701E+00,0E+00,0E+00,-3.0305812230000003E+04,0E+00,0E+00,0E+00,0E+00,0E+00,0E+00,0E+00,0E+00,0E+00,21_virtual@eisoky3tmanagedsub.com,precursor012,-4.10481E+05,2026-01-26 06:26:01,0E+00,prod-strategy-ap71,2026-01-27 12:50:35,0E+00,0E+00|,7.959183673469388E-01,1.633735303997988E+00,1.9E+01,0E+00,3.9E+01,2.1433100000000004E-02 | 0E+00
fr-AGT-USDT-loong_kc_bnfutures_mode_3,,0E+00,0E+00,0E+00,0E+00,0E+00,0E+00 | 0E+00,0E+00,0E+00,0E+00,0E+00,0E+00,0E+00,0E+00,0E+00,0E+00,0E+00,0E+00,0E+00,0E+00,,,0E+00,2025-12-19 01:05:38,0E+00,,0001-01-01 00:00:00,0E+00,0E+00|,0E+00,0E+00,0E+00,0E+00,0E+00,0E+00 | 0E+00
fr-JTO-USDT-loong_kc_bnfutures_mode_1,,0E+00,0E+00,0E+00,0E+00,0E+00,0E+00 | 0E+00,0E+00,0E+00,0E+00,0E+00,0E+00,0E+00,0E+00,0E+00,0E+00,0E+00,0E+00,0E+00,0E+00,,,0E+00,2025-11-16 15:52:40,0E+00,,0001-01-01 00:00:00,0E+00,0E+00|,0E+00,0E+00,0E+00,0E+00,0E+00,0E+00 | 0E+00
fr-DUSK-USDT-loong_kc_bnfutures_mode_2,,0E+00,0E+00,0E+00,0E+00,0E+00,0E+00 | 0E+00,0E+00,0E+00,0E+00,0E+00,0E+00,0E+00,0E+00,0E+00,0E+00,0E+00,0E+00,0E+00,0E+00,,,0E+00,2025-11-24 13:13:43,0E+00,,0001-01-01 00:00:00,0E+00,0E+00|,0E+00,0E+00,0E+00,0E+00,0E+00,0E+00 | 0E+00
fr-GIGGLE-USDT-loong_kc_bnfutures_mode_1,,0E+00,0E+00,0E+00,0E+00,0E+00,0E+00 | 0E+00,0E+00,0E+00,0E+00,0E+00,0E+00,0E+00,0E+00,0E+00,0E+00,0E+00,0E+00,0E+00,0E+00,,,0E+00,2025-12-05 16:09:00,0E+00,,0001-01-01 00:00:00,0E+00,0E+00|,0E+00,0E+00,0E+00,0E+00,0E+00,0E+00 | 0E+00
fr-CROSS-USDT-loong_kc_bnfutures_mode_3,,0E+00,0E+00,0E+00,0E+00,0E+00,0E+00 | 0E+00,0E+00,0E+00,0E+00,0E+00,0E+00,0E+00,0E+00,0E+00,0E+00,0E+00,0E+00,0E+00,0E+00,,,0E+00,2025-11-24 10:12:03,0E+00,,0001-01-01 00:00:00,0E+00,0E+00|,0E+00,0E+00,0E+00,0E+00,0E+00,0E+00 | 0E+00
fr-A2Z-USDT-loong_kc_bnfutures_mode_3,,0E+00,0E+00,0E+00,0E+00,0E+00,0E+00 | 0E+00,0E+00,0E+00,0E+00,0E+00,0E+00,0E+00,0E+00,0E+00,0E+00,0E+00,0E+00,0E+00,0E+00,,,0E+00,2025-12-16 16:00:33,0E+00,,0001-01-01 00:00:00,0E+00,0E+00|,0E+00,0E+00,0E+00,0E+00,0E+00,0E+00 | 0E+00
fr-SIREN-USDT-loong_kc_bnfutures_mode_5,,0E+00,0E+00,0E+00,0E+00,0E+00,0E+00 | 0E+00,0E+00,0E+00,0E+00,0E+00,0E+00,0E+00,0E+00,0E+00,0E+00,0E+00,0E+00,0E+00,0E+00,,,0E+00,2025-11-15 17:01:34,0E+00,,0001-01-01 00:00:00,0E+00,0E+00|,0E+00,0E+00,0E+00,0E+00,0E+00,0E+00 | 0E+00
fr-MUBARAK-USDT-loong_kc_bnfutures_mode_3,,0E+00,0E+00,0E+00,0E+00,0E+00,0E+00 | 0E+00,0E+00,0E+00,0E+00,0E+00,0E+00,0E+00,0E+00,0E+00,0E+00,0E+00,0E+00,0E+00,0E+00,,,0E+00,2025-12-18 04:03:10,0E+00,,0001-01-01 00:00:00,0E+00,0E+00|,0E+00,0E+00,0E+00,0E+00,0E+00,0E+00 | 0E+00
fr-GUN-USDT-loong_kc_bnfutures_mode_1,GUN-USDT-FTR,0E+00,0E+00,0E+00,0E+00,0E+00,5E-05 | 0E+00,9.968989877700002E-02,0E+00,0E+00,-1.9937979755400002E+03,0E+00,0E+00,0E+00,0E+00,0E+00,0E+00,0E+00,0E+00,0E+00,21_virtual@eisoky3tmanagedsub.com,precursor012,-6.8443E+04,1970-01-01 00:00:00,0E+00,prod-strategy-ap71,2026-01-27 12:50:29,0E+00,1.3647219379051556E-03|,0E+00,1.4538549338147588E+00,4E+01,0E+00,0E+00,1.657209999999999E-03 | 0E+00
fr-C-USDT-loong_kc_bnfutures_mode_4,,0E+00,0E+00,0E+00,0E+00,0E+00,0E+00 | 0E+00,0E+00,0E+00,0E+00,0E+00,0E+00,0E+00,0E+00,0E+00,0E+00,0E+00,0E+00,0E+00,0E+00,,,0E+00,2025-11-26 04:12:36,0E+00,,0001-01-01 00:00:00,0E+00,0E+00|,0E+00,0E+00,0E+00,0E+00,0E+00,0E+00 | 0E+00
fr-H-USDT-loong_kc_bnfutures_mode_0,,0E+00,0E+00,0E+00,0E+00,0E+00,0E+00 | 0E+00,0E+00,0E+00,0E+00,0E+00,0E+00,0E+00,0E+00,0E+00,0E+00,0E+00,0E+00,0E+00,0E+00,,,0E+00,2025-12-02 16:11:32,0E+00,,0001-01-01 00:00:00,0E+00,0E+00|,0E+00,0E+00,0E+00,0E+00,0E+00,0E+00 | 0E+00
fr-MERL-USDT-loong_kc_bnfutures_mode_2,,0E+00,0E+00,0E+00,0E+00,0E+00,0E+00 | 0E+00,0E+00,0E+00,0E+00,0E+00,0E+00,0E+00,0E+00,0E+00,0E+00,0E+00,0E+00,0E+00,0E+00,,,0E+00,2025-12-01 16:14:06,0E+00,,0001-01-01 00:00:00,0E+00,0E+00|,0E+00,0E+00,0E+00,0E+00,0E+00,0E+00 | 0E+00
fr-Q-USDT-loong_kc_bnfutures_mode_0,,0E+00,0E+00,0E+00,0E+00,0E+00,0E+00 | 0E+00,0E+00,0E+00,0E+00,0E+00,0E+00,0E+00,0E+00,0E+00,0E+00,0E+00,0E+00,0E+00,0E+00,,,0E+00,2025-12-09 02:22:45,0E+00,,0001-01-01 00:00:00,0E+00,0E+00|,0E+00,0E+00,0E+00,0E+00,0E+00,0E+00 | 0E+00
fr-C-USDT-loong_kc_bnfutures_mode_3,,0E+00,0E+00,0E+00,0E+00,0E+00,0E+00 | 0E+00,0E+00,0E+00,0E+00,0E+00,0E+00,0E+00,0E+00,0E+00,0E+00,0E+00,0E+00,0E+00,0E+00,,,0E+00,2025-11-24 12:42:46,0E+00,,0001-01-01 00:00:00,0E+00,0E+00|,0E+00,0E+00,0E+00,0E+00,0E+00,0E+00 | 0E+00
fr-HOME-USDT-loong_kc_bnfutures_mode_5,,0E+00,0E+00,0E+00,0E+00,0E+00,0E+00 | 0E+00,0E+00,0E+00,0E+00,0E+00,0E+00,0E+00,0E+00,0E+00,0E+00,0E+00,0E+00,0E+00,0E+00,,,0E+00,2025-12-18 23:59:55,0E+00,,0001-01-01 00:00:00,0E+00,0E+00|,0E+00,0E+00,0E+00,0E+00,0E+00,0E+00 | 0E+00
fr-CAKE-USDT-loong_kc_bnfutures_mode_9,,0E+00,0E+00,0E+00,0E+00,0E+00,0E+00 | 0E+00,0E+00,0E+00,0E+00,0E+00,0E+00,0E+00,0E+00,0E+00,0E+00,0E+00,0E+00,0E+00,0E+00,,,0E+00,2025-12-19 16:37:43,0E+00,,0001-01-01 00:00:00,0E+00,0E+00|,0E+00,0E+00,0E+00,0E+00,0E+00,0E+00 | 0E+00
fr-JELLYJELLY-USDT-loong_kc_bnfutures_mode_2,,0E+00,0E+00,0E+00,0E+00,0E+00,0E+00 | 0E+00,0E+00,0E+00,0E+00,0E+00,0E+00,0E+00,0E+00,0E+00,0E+00,0E+00,0E+00,0E+00,0E+00,,,0E+00,2025-11-16 18:35:32,0E+00,,0001-01-01 00:00:00,0E+00,0E+00|,0E+00,0E+00,0E+00,0E+00,0E+00,0E+00 | 0E+00
fr-MUBARAK-USDT-loong_kc_bnfutures_mode_1,,0E+00,0E+00,0E+00,0E+00,0E+00,0E+00 | 0E+00,0E+00,0E+00,0E+00,0E+00,0E+00,0E+00,0E+00,0E+00,0E+00,0E+00,0E+00,0E+00,0E+00,,,0E+00,2025-11-18 02:00:13,0E+00,,0001-01-01 00:00:00,0E+00,0E+00|,0E+00,0E+00,0E+00,0E+00,0E+00,0E+00 | 0E+00
fr-MET-USDT-loong_kc_bnfutures_mode_1,,0E+00,0E+00,0E+00,0E+00,0E+00,0E+00 | 0E+00,0E+00,0E+00,0E+00,0E+00,0E+00,0E+00,0E+00,0E+00,0E+00,0E+00,0E+00,0E+00,0E+00,,,0E+00,2025-11-26 13:25:30,0E+00,,0001-01-01 00:00:00,0E+00,0E+00|,0E+00,0E+00,0E+00,0E+00,0E+00,0E+00 | 0E+00
fr-VIRTUAL-USDT-loong_kc_bnfutures_mode_1,,0E+00,0E+00,0E+00,0E+00,0E+00,0E+00 | 0E+00,0E+00,0E+00,0E+00,0E+00,0E+00,0E+00,0E+00,0E+00,0E+00,0E+00,0E+00,0E+00,0E+00,,,0E+00,2025-11-19 13:21:44,0E+00,,0001-01-01 00:00:00,0E+00,0E+00|,0E+00,0E+00,0E+00,0E+00,0E+00,0E+00 | 0E+00
fr-ZBT-USDT-loong_kc_bnfutures_mode_0,,0E+00,0E+00,0E+00,0E+00,0E+00,0E+00 | 0E+00,0E+00,0E+00,0E+00,0E+00,0E+00,0E+00,0E+00,0E+00,0E+00,0E+00,0E+00,0E+00,0E+00,,,0E+00,2025-12-13 16:02:05,0E+00,,0001-01-01 00:00:00,0E+00,0E+00|,0E+00,0E+00,0E+00,0E+00,0E+00,0E+00 | 0E+00
fr-MUBARAK-USDT-loong_kc_bnfutures_mode_4,,0E+00,0E+00,0E+00,0E+00,0E+00,0E+00 | 0E+00,0E+00,0E+00,0E+00,0E+00,0E+00,0E+00,0E+00,0E+00,0E+00,0E+00,0E+00,0E+00,0E+00,,,0E+00,2025-12-20 20:50:57,0E+00,,0001-01-01 00:00:00,0E+00,0E+00|,0E+00,0E+00,0E+00,0E+00,0E+00,0E+00 | 0E+00
fr-SWARMS-USDT-loong_kc_bnfutures_mode_1,,0E+00,0E+00,0E+00,0E+00,0E+00,0E+00 | 0E+00,0E+00,0E+00,0E+00,0E+00,0E+00,0E+00,0E+00,0E+00,0E+00,0E+00,0E+00,0E+00,0E+00,,,0E+00,2025-11-19 20:05:34,0E+00,,0001-01-01 00:00:00,0E+00,0E+00|,0E+00,0E+00,0E+00,0E+00,0E+00,0E+00 | 0E+00
fr-C-USDT-loong_kc_bnfutures_mode_5,,0E+00,0E+00,0E+00,0E+00,0E+00,0E+00 | 0E+00,0E+00,0E+00,0E+00,0E+00,0E+00,0E+00,0E+00,0E+00,0E+00,0E+00,0E+00,0E+00,0E+00,,,0E+00,2025-12-12 16:01:53,0E+00,,0001-01-01 00:00:00,0E+00,0E+00|,0E+00,0E+00,0E+00,0E+00,0E+00,0E+00 | 0E+00
fr-SAPIEN-USDT-loong_kc_bnfutures_mode_3,,0E+00,0E+00,0E+00,0E+00,0E+00,0E+00 | 0E+00,0E+00,0E+00,0E+00,0E+00,0E+00,0E+00,0E+00,0E+00,0E+00,0E+00,0E+00,0E+00,0E+00,,,0E+00,2025-11-17 22:43:59,0E+00,,0001-01-01 00:00:00,0E+00,0E+00|,0E+00,0E+00,0E+00,0E+00,0E+00,0E+00 | 0E+00
fr-AGT-USDT-loong_kc_bnfutures_mode_2,,0E+00,0E+00,0E+00,0E+00,0E+00,0E+00 | 0E+00,0E+00,0E+00,0E+00,0E+00,0E+00,0E+00,0E+00,0E+00,0E+00,0E+00,0E+00,0E+00,0E+00,,,0E+00,2025-12-16 15:03:29,0E+00,,0001-01-01 00:00:00,0E+00,0E+00|,0E+00,0E+00,0E+00,0E+00,0E+00,0E+00 | 0E+00
fr-FIL-USDT-loong_kc_bnfutures_mode_2,,0E+00,0E+00,0E+00,0E+00,0E+00,0E+00 | 0E+00,0E+00,0E+00,0E+00,0E+00,0E+00,0E+00,0E+00,0E+00,0E+00,0E+00,0E+00,0E+00,0E+00,,,0E+00,2025-11-16 17:52:32,0E+00,,0001-01-01 00:00:00,0E+00,0E+00|,0E+00,0E+00,0E+00,0E+00,0E+00,0E+00 | 0E+00
fr-BARD-USDT-loong_kc_bnfutures_mode_6,,0E+00,0E+00,0E+00,0E+00,0E+00,0E+00 | 0E+00,0E+00,0E+00,0E+00,0E+00,0E+00,0E+00,0E+00,0E+00,0E+00,0E+00,0E+00,0E+00,0E+00,,,0E+00,2025-12-20 15:26:18,0E+00,,0001-01-01 00:00:00,0E+00,0E+00|,0E+00,0E+00,0E+00,0E+00,0E+00,0E+00 | 0E+00
fr-KAS-USDT-loong_kc_bnfutures_mode_3,KAS-USDT-FTR,0E+00,0E+00,0E+00,0E+00,0E+00,-3.289E-05 | 0E+00,-1.4107158459179503E-01,0E+00,0E+00,-4.289193815500001E+03,0E+00,0E+00,0E+00,0E+00,0E+00,0E+00,0E+00,0E+00,0E+00,21_virtual@eisoky3tmanagedsub.com,precursor012,-1.08751E+05,2026-01-26 09:00:38,0E+00,prod-strategy-ap71,2026-01-27 12:50:47,0E+00,7.606490872209548E-04|,1.6666666666666666E-01,6.882281507779501E-01,5E+00,0E+00,1E+00,3.5232000000000015E-04 | 0E+00
fr-FOLKS-USDT-loong_kc_bnfutures_mode_1,,0E+00,0E+00,0E+00,0E+00,0E+00,0E+00 | 0E+00,0E+00,0E+00,0E+00,0E+00,0E+00,0E+00,0E+00,0E+00,0E+00,0E+00,0E+00,0E+00,0E+00,,,0E+00,2025-12-06 17:15:00,0E+00,,0001-01-01 00:00:00,0E+00,0E+00|,0E+00,0E+00,0E+00,0E+00,0E+00,0E+00 | 0E+00
fr-B2-USDT-loong_kc_bnfutures_mode_1,,0E+00,0E+00,0E+00,0E+00,0E+00,0E+00 | 0E+00,0E+00,0E+00,0E+00,0E+00,0E+00,0E+00,0E+00,0E+00,0E+00,0E+00,0E+00,0E+00,0E+00,,,0E+00,2025-12-12 16:02:56,0E+00,,0001-01-01 00:00:00,0E+00,0E+00|,0E+00,0E+00,0E+00,0E+00,0E+00,0E+00 | 0E+00
fr-COW-USDT-loong_kc_bnfutures_mode_3,,0E+00,0E+00,0E+00,0E+00,0E+00,0E+00 | 0E+00,0E+00,0E+00,0E+00,0E+00,0E+00,0E+00,0E+00,0E+00,0E+00,0E+00,0E+00,0E+00,0E+00,,,0E+00,2025-11-26 08:41:40,0E+00,,0001-01-01 00:00:00,0E+00,0E+00|,0E+00,0E+00,0E+00,0E+00,0E+00,0E+00 | 0E+00
fr-WIF-USDT-loong_kc_bnfutures_mode_4,,0E+00,0E+00,0E+00,0E+00,0E+00,0E+00 | 0E+00,0E+00,0E+00,0E+00,0E+00,0E+00,0E+00,0E+00,0E+00,0E+00,0E+00,0E+00,0E+00,0E+00,,,0E+00,2025-12-16 13:34:23,0E+00,,0001-01-01 00:00:00,0E+00,0E+00|,0E+00,0E+00,0E+00,0E+00,0E+00,0E+00 | 0E+00
fr-ZEC-USDT-loong_kc_bnfutures_mode_0,,0E+00,0E+00,0E+00,0E+00,0E+00,0E+00 | 0E+00,0E+00,0E+00,0E+00,0E+00,0E+00,0E+00,0E+00,0E+00,0E+00,0E+00,0E+00,0E+00,0E+00,,,0E+00,2025-11-16 20:14:25,0E+00,,0001-01-01 00:00:00,0E+00,0E+00|,0E+00,0E+00,0E+00,0E+00,0E+00,0E+00 | 0E+00
fr-TRB-USDT-loong_kc_bnfutures_mode_2,,0E+00,0E+00,0E+00,0E+00,0E+00,0E+00 | 0E+00,0E+00,0E+00,0E+00,0E+00,0E+00,0E+00,0E+00,0E+00,0E+00,0E+00,0E+00,0E+00,0E+00,,,0E+00,2025-11-17 20:27:39,0E+00,,0001-01-01 00:00:00,0E+00,0E+00|,0E+00,0E+00,0E+00,0E+00,0E+00,0E+00 | 0E+00
fr-AERO-USDT-loong_kc_bnfutures_mode_2,,0E+00,0E+00,0E+00,0E+00,0E+00,0E+00 | 0E+00,0E+00,0E+00,0E+00,0E+00,0E+00,0E+00,0E+00,0E+00,0E+00,0E+00,0E+00,0E+00,0E+00,,,0E+00,2025-11-15 17:23:28,0E+00,,0001-01-01 00:00:00,0E+00,0E+00|,0E+00,0E+00,0E+00,0E+00,0E+00,0E+00 | 0E+00
fr-BULLA-USDT-loong_kc_bnfutures_mode_3,BULLA-USDT-FTR,0E+00,0E+00,0E+00,0E+00,0E+00,5E-05 | 0E+00,4.505412013500001E+00,0E+00,0E+00,-9.010824027000001E+04,0E+00,0E+00,0E+00,0E+00,0E+00,0E+00,0E+00,0E+00,0E+00,21_virtual@eisoky3tmanagedsub.com,precursor012,-2.8983029999999995E+06,2026-01-26 05:04:56,0E+00,prod-strategy-ap71,2026-01-27 12:50:39,0E+00,2.906038101388342E-03|,1E+00,1.4551500508356854E+00,4E+01,0E+00,1.8E+01,2.5436280000000012E-02 | 0E+00
fr-BARD-USDT-loong_kc_bnfutures_mode_3,,0E+00,0E+00,0E+00,0E+00,0E+00,0E+00 | 0E+00,0E+00,0E+00,0E+00,0E+00,0E+00,0E+00,0E+00,0E+00,0E+00,0E+00,0E+00,0E+00,0E+00,,,0E+00,2025-11-24 10:42:25,0E+00,,0001-01-01 00:00:00,0E+00,0E+00|,0E+00,0E+00,0E+00,0E+00,0E+00,0E+00 | 0E+00
fr-BARD-USDT-loong_kc_bnfutures_mode_2,,0E+00,0E+00,0E+00,0E+00,0E+00,0E+00 | 0E+00,0E+00,0E+00,0E+00,0E+00,0E+00,0E+00,0E+00,0E+00,0E+00,0E+00,0E+00,0E+00,0E+00,,,0E+00,2025-11-18 09:18:29,0E+00,,0001-01-01 00:00:00,0E+00,0E+00|,0E+00,0E+00,0E+00,0E+00,0E+00,0E+00 | 0E+00
fr-JTO-USDT-loong_kc_bnfutures_mode_2,,0E+00,0E+00,0E+00,0E+00,0E+00,0E+00 | 0E+00,0E+00,0E+00,0E+00,0E+00,0E+00,0E+00,0E+00,0E+00,0E+00,0E+00,0E+00,0E+00,0E+00,,,0E+00,2025-11-26 07:36:50,0E+00,,0001-01-01 00:00:00,0E+00,0E+00|,0E+00,0E+00,0E+00,0E+00,0E+00,0E+00 | 0E+00
fr-CATI-USDT-loong_kc_bnfutures_mode_2,,0E+00,0E+00,0E+00,0E+00,0E+00,0E+00 | 0E+00,0E+00,0E+00,0E+00,0E+00,0E+00,0E+00,0E+00,0E+00,0E+00,0E+00,0E+00,0E+00,0E+00,,,0E+00,2025-12-06 16:06:01,0E+00,,0001-01-01 00:00:00,0E+00,0E+00|,0E+00,0E+00,0E+00,0E+00,0E+00,0E+00 | 0E+00
fr-AIO-USDT-loong_kc_bnfutures_mode_4,,0E+00,0E+00,0E+00,0E+00,0E+00,0E+00 | 0E+00,0E+00,0E+00,0E+00,0E+00,0E+00,0E+00,0E+00,0E+00,0E+00,0E+00,0E+00,0E+00,0E+00,,,0E+00,2025-12-09 06:01:21,0E+00,,0001-01-01 00:00:00,0E+00,0E+00|,0E+00,0E+00,0E+00,0E+00,0E+00,0E+00 | 0E+00
fr-AGT-USDT-loong_kc_bnfutures_mode_1,,0E+00,0E+00,0E+00,0E+00,0E+00,0E+00 | 0E+00,0E+00,0E+00,0E+00,0E+00,0E+00,0E+00,0E+00,0E+00,0E+00,0E+00,0E+00,0E+00,0E+00,,,0E+00,2025-12-03 16:17:46,0E+00,,0001-01-01 00:00:00,0E+00,0E+00|,0E+00,0E+00,0E+00,0E+00,0E+00,0E+00 | 0E+00
fr-EDEN-USDT-loong_kc_bnfutures_mode_0,,0E+00,0E+00,0E+00,0E+00,0E+00,0E+00 | 0E+00,0E+00,0E+00,0E+00,0E+00,0E+00,0E+00,0E+00,0E+00,0E+00,0E+00,0E+00,0E+00,0E+00,,,0E+00,2025-12-09 04:37:05,0E+00,,0001-01-01 00:00:00,0E+00,0E+00|,0E+00,0E+00,0E+00,0E+00,0E+00,0E+00 | 0E+00
fr-APE-USDT-loong_kc_bnfutures_mode_1,,0E+00,0E+00,0E+00,0E+00,0E+00,0E+00 | 0E+00,0E+00,0E+00,0E+00,0E+00,0E+00,0E+00,0E+00,0E+00,0E+00,0E+00,0E+00,0E+00,0E+00,,,0E+00,2025-12-17 05:55:28,0E+00,,0001-01-01 00:00:00,0E+00,0E+00|,0E+00,0E+00,0E+00,0E+00,0E+00,0E+00 | 0E+00
fr-CAKE-USDT-loong_kc_bnfutures_mode_4,,0E+00,0E+00,0E+00,0E+00,0E+00,0E+00 | 0E+00,0E+00,0E+00,0E+00,0E+00,0E+00,0E+00,0E+00,0E+00,0E+00,0E+00,0E+00,0E+00,0E+00,,,0E+00,2025-12-17 04:28:33,0E+00,,0001-01-01 00:00:00,0E+00,0E+00|,0E+00,0E+00,0E+00,0E+00,0E+00,0E+00 | 0E+00
fr-YB-USDT-loong_kc_bnfutures_mode_2,,0E+00,0E+00,0E+00,0E+00,0E+00,0E+00 | 0E+00,0E+00,0E+00,0E+00,0E+00,0E+00,0E+00,0E+00,0E+00,0E+00,0E+00,0E+00,0E+00,0E+00,,,0E+00,2025-12-17 16:00:06,0E+00,,0001-01-01 00:00:00,0E+00,0E+00|,0E+00,0E+00,0E+00,0E+00,0E+00,0E+00 | 0E+00
fr-AIN-USDT-loong_kc_bnfutures_mode_2,,0E+00,0E+00,0E+00,0E+00,0E+00,0E+00 | 0E+00,0E+00,0E+00,0E+00,0E+00,0E+00,0E+00,0E+00,0E+00,0E+00,0E+00,0E+00,0E+00,0E+00,,,0E+00,2025-12-08 19:47:19,0E+00,,0001-01-01 00:00:00,0E+00,0E+00|,0E+00,0E+00,0E+00,0E+00,0E+00,0E+00 | 0E+00
fr-SKATE-USDT-loong_kc_bnfutures_mode_3,,0E+00,0E+00,0E+00,0E+00,0E+00,0E+00 | 0E+00,0E+00,0E+00,0E+00,0E+00,0E+00,0E+00,0E+00,0E+00,0E+00,0E+00,0E+00,0E+00,0E+00,,,0E+00,2025-12-01 04:39:01,0E+00,,0001-01-01 00:00:00,0E+00,0E+00|,0E+00,0E+00,0E+00,0E+00,0E+00,0E+00 | 0E+00
fr-HIPPO-USDT-loong_kc_bnfutures_mode_1,,0E+00,0E+00,0E+00,0E+00,0E+00,0E+00 | 0E+00,0E+00,0E+00,0E+00,0E+00,0E+00,0E+00,0E+00,0E+00,0E+00,0E+00,0E+00,0E+00,0E+00,,,0E+00,2025-11-16 19:20:49,0E+00,,0001-01-01 00:00:00,0E+00,0E+00|,0E+00,0E+00,0E+00,0E+00,0E+00,0E+00 | 0E+00
fr-HYPER-USDT-loong_kc_bnfutures_mode_4,,0E+00,0E+00,0E+00,0E+00,0E+00,0E+00 | 0E+00,0E+00,0E+00,0E+00,0E+00,0E+00,0E+00,0E+00,0E+00,0E+00,0E+00,0E+00,0E+00,0E+00,,,0E+00,2025-12-15 16:02:32,0E+00,,0001-01-01 00:00:00,0E+00,0E+00|,0E+00,0E+00,0E+00,0E+00,0E+00,0E+00 | 0E+00
fr-COW-USDT-loong_kc_bnfutures_mode_4,,0E+00,0E+00,0E+00,0E+00,0E+00,0E+00 | 0E+00,0E+00,0E+00,0E+00,0E+00,0E+00,0E+00,0E+00,0E+00,0E+00,0E+00,0E+00,0E+00,0E+00,,,0E+00,2025-12-16 11:27:25,0E+00,,0001-01-01 00:00:00,0E+00,0E+00|,0E+00,0E+00,0E+00,0E+00,0E+00,0E+00 | 0E+00
fr-SOL-USDT-loong_kc_bnfutures_mode_0,,0E+00,0E+00,0E+00,0E+00,0E+00,0E+00 | 0E+00,0E+00,0E+00,0E+00,0E+00,0E+00,0E+00,0E+00,0E+00,0E+00,0E+00,0E+00,0E+00,0E+00,,,0E+00,2025-12-09 03:56:10,0E+00,,0001-01-01 00:00:00,0E+00,0E+00|,0E+00,0E+00,0E+00,0E+00,0E+00,0E+00 | 0E+00
fr-CROSS-USDT-loong_kc_bnfutures_mode_4,,0E+00,0E+00,0E+00,0E+00,0E+00,0E+00 | 0E+00,0E+00,0E+00,0E+00,0E+00,0E+00,0E+00,0E+00,0E+00,0E+00,0E+00,0E+00,0E+00,0E+00,,,0E+00,2025-12-07 10:18:52,0E+00,,0001-01-01 00:00:00,0E+00,0E+00|,0E+00,0E+00,0E+00,0E+00,0E+00,0E+00 | 0E+00
fr-PAXG-USDT-loong_kc_bnfutures_mode_2,,0E+00,0E+00,0E+00,0E+00,0E+00,0E+00 | 0E+00,0E+00,0E+00,0E+00,0E+00,0E+00,0E+00,0E+00,0E+00,0E+00,0E+00,0E+00,0E+00,0E+00,,,0E+00,2025-12-05 15:36:31,0E+00,,0001-01-01 00:00:00,0E+00,0E+00|,0E+00,0E+00,0E+00,0E+00,0E+00,0E+00 | 0E+00
fr-WIF-USDT-loong_kc_bnfutures_mode_6,,0E+00,0E+00,0E+00,0E+00,0E+00,0E+00 | 0E+00,0E+00,0E+00,0E+00,0E+00,0E+00,0E+00,0E+00,0E+00,0E+00,0E+00,0E+00,0E+00,0E+00,,,0E+00,2025-12-19 00:59:28,0E+00,,0001-01-01 00:00:00,0E+00,0E+00|,0E+00,0E+00,0E+00,0E+00,0E+00,0E+00 | 0E+00
fr-EPIC-USDT-loong_kc_bnfutures_mode_2,,0E+00,0E+00,0E+00,0E+00,0E+00,0E+00 | 0E+00,0E+00,0E+00,0E+00,0E+00,0E+00,0E+00,0E+00,0E+00,0E+00,0E+00,0E+00,0E+00,0E+00,,,0E+00,2025-11-16 16:58:55,0E+00,,0001-01-01 00:00:00,0E+00,0E+00|,0E+00,0E+00,0E+00,0E+00,0E+00,0E+00 | 0E+00
fr-EPIC-USDT-loong_kc_bnfutures_mode_3,,0E+00,0E+00,0E+00,0E+00,0E+00,0E+00 | 0E+00,0E+00,0E+00,0E+00,0E+00,0E+00,0E+00,0E+00,0E+00,0E+00,0E+00,0E+00,0E+00,0E+00,,,0E+00,2025-12-05 16:08:16,0E+00,,0001-01-01 00:00:00,0E+00,0E+00|,0E+00,0E+00,0E+00,0E+00,0E+00,0E+00 | 0E+00
fr-AVAAI-USDT-loong_kc_bnfutures_mode_0,,0E+00,0E+00,0E+00,0E+00,0E+00,0E+00 | 0E+00,0E+00,0E+00,0E+00,0E+00,0E+00,0E+00,0E+00,0E+00,0E+00,0E+00,0E+00,0E+00,0E+00,,,0E+00,2025-11-16 18:15:56,0E+00,,0001-01-01 00:00:00,0E+00,0E+00|,0E+00,0E+00,0E+00,0E+00,0E+00,0E+00 | 0E+00
fr-XPIN-USDT-loong_kc_bnfutures_mode_0,,0E+00,0E+00,0E+00,0E+00,0E+00,0E+00 | 0E+00,0E+00,0E+00,0E+00,0E+00,0E+00,0E+00,0E+00,0E+00,0E+00,0E+00,0E+00,0E+00,0E+00,,,0E+00,2025-11-16 16:51:42,0E+00,,0001-01-01 00:00:00,0E+00,0E+00|,0E+00,0E+00,0E+00,0E+00,0E+00,0E+00 | 0E+00
fr-SNX-USDT-loong_kc_bnfutures_mode_2,SNX-USDT-FTR,0E+00,0E+00,0E+00,0E+00,0E+00,1E-04 | 0E+00,2.2004816000000002E-01,0E+00,0E+00,-2.2004816E+03,0E+00,0E+00,0E+00,0E+00,0E+00,0E+00,0E+00,0E+00,0E+00,21_virtual@eisoky3tmanagedsub.com,precursor012,-5.3216E+03,2025-12-22 22:24:04,0E+00,prod-strategy-ap71,2026-01-27 04:50:34,0E+00,0E+00|,0E+00,1.370718767115077E+00,0E+00,0E+00,0E+00,-9.624499999999997E-04 | 0E+00
fr-SOLV-USDT-loong_kc_bnfutures_mode_1,,0E+00,0E+00,0E+00,0E+00,0E+00,0E+00 | 0E+00,0E+00,0E+00,0E+00,0E+00,0E+00,0E+00,0E+00,0E+00,0E+00,0E+00,0E+00,0E+00,0E+00,,,0E+00,2025-12-13 16:07:11,0E+00,,0001-01-01 00:00:00,0E+00,0E+00|,0E+00,0E+00,0E+00,0E+00,0E+00,0E+00 | 0E+00
fr-S-USDT-loong_kc_bnfutures_mode_2,,0E+00,0E+00,0E+00,0E+00,0E+00,0E+00 | 0E+00,0E+00,0E+00,0E+00,0E+00,0E+00,0E+00,0E+00,0E+00,0E+00,0E+00,0E+00,0E+00,0E+00,,,0E+00,2025-12-09 07:59:41,0E+00,,0001-01-01 00:00:00,0E+00,0E+00|,0E+00,0E+00,0E+00,0E+00,0E+00,0E+00 | 0E+00
fr-CHILLGUY-USDT-loong_kc_bnfutures_mode_3,,0E+00,0E+00,0E+00,0E+00,0E+00,0E+00 | 0E+00,0E+00,0E+00,0E+00,0E+00,0E+00,0E+00,0E+00,0E+00,0E+00,0E+00,0E+00,0E+00,0E+00,,,0E+00,2025-11-26 06:30:20,0E+00,,0001-01-01 00:00:00,0E+00,0E+00|,0E+00,0E+00,0E+00,0E+00,0E+00,0E+00 | 0E+00
fr-HOME-USDT-loong_kc_bnfutures_mode_11,HOME-USDT-FTR,0E+00,0E+00,0E+00,0E+00,0E+00,5E-05 | 0E+00,7.38411779919E-01,0E+00,0E+00,-1.4768235598379999E+04,0E+00,0E+00,0E+00,0E+00,0E+00,0E+00,0E+00,0E+00,0E+00,21_virtual@eisoky3tmanagedsub.com,precursor012,-4.86838E+05,2026-01-26 08:07:11,0E+00,prod-strategy-ap71,2026-01-27 12:50:42,0E+00,-1.641012176309964E-04|,0E+00,7.188809157860414E-01,2.8E+01,0E+00,0E+00,2.099999999999999E-03 | 0E+00
fr-A-USDT-loong_kc_bnfutures_mode_2,,0E+00,0E+00,0E+00,0E+00,0E+00,0E+00 | 0E+00,0E+00,0E+00,0E+00,0E+00,0E+00,0E+00,0E+00,0E+00,0E+00,0E+00,0E+00,0E+00,0E+00,,,0E+00,2025-11-16 18:11:36,0E+00,,0001-01-01 00:00:00,0E+00,0E+00|,0E+00,0E+00,0E+00,0E+00,0E+00,0E+00 | 0E+00
fr-ZKJ-USDT-loong_kc_bnfutures_mode_3,,0E+00,0E+00,0E+00,0E+00,0E+00,0E+00 | 0E+00,0E+00,0E+00,0E+00,0E+00,0E+00,0E+00,0E+00,0E+00,0E+00,0E+00,0E+00,0E+00,0E+00,,,0E+00,2025-11-16 17:56:24,0E+00,,0001-01-01 00:00:00,0E+00,0E+00|,0E+00,0E+00,0E+00,0E+00,0E+00,0E+00 | 0E+00
fr-TUT-USDT-loong_kc_bnfutures_mode_9,,0E+00,0E+00,0E+00,0E+00,0E+00,0E+00 | 0E+00,0E+00,0E+00,0E+00,0E+00,0E+00,0E+00,0E+00,0E+00,0E+00,0E+00,0E+00,0E+00,0E+00,,,0E+00,2025-12-23 00:26:29,0E+00,,0001-01-01 00:00:00,0E+00,0E+00|,0E+00,0E+00,0E+00,0E+00,0E+00,0E+00 | 0E+00
fr-WIF-USDT-loong_kc_bnfutures_mode_5,,0E+00,0E+00,0E+00,0E+00,0E+00,0E+00 | 0E+00,0E+00,0E+00,0E+00,0E+00,0E+00,0E+00,0E+00,0E+00,0E+00,0E+00,0E+00,0E+00,0E+00,,,0E+00,2025-12-17 17:09:23,0E+00,,0001-01-01 00:00:00,0E+00,0E+00|,0E+00,0E+00,0E+00,0E+00,0E+00,0E+00 | 0E+00
fr-LINEA-USDT-loong_kc_bnfutures_mode_2,,0E+00,0E+00,0E+00,0E+00,0E+00,0E+00 | 0E+00,0E+00,0E+00,0E+00,0E+00,0E+00,0E+00,0E+00,0E+00,0E+00,0E+00,0E+00,0E+00,0E+00,,,0E+00,2025-12-02 16:18:01,0E+00,,0001-01-01 00:00:00,0E+00,0E+00|,0E+00,0E+00,0E+00,0E+00,0E+00,0E+00 | 0E+00
fr-IOTX-USDT-loong_kc_bnfutures_mode_1,,0E+00,0E+00,0E+00,0E+00,0E+00,0E+00 | 0E+00,0E+00,0E+00,0E+00,0E+00,0E+00,0E+00,0E+00,0E+00,0E+00,0E+00,0E+00,0E+00,0E+00,,,0E+00,2025-11-17 21:05:06,0E+00,,0001-01-01 00:00:00,0E+00,0E+00|,0E+00,0E+00,0E+00,0E+00,0E+00,0E+00 | 0E+00
fr-ONDO-USDT-loong_kc_bnfutures_mode_8,,0E+00,0E+00,0E+00,0E+00,0E+00,0E+00 | 0E+00,0E+00,0E+00,0E+00,0E+00,0E+00,0E+00,0E+00,0E+00,0E+00,0E+00,0E+00,0E+00,0E+00,,,0E+00,2025-12-21 13:13:56,0E+00,,0001-01-01 00:00:00,0E+00,0E+00|,0E+00,0E+00,0E+00,0E+00,0E+00,0E+00 | 0E+00
fr-MON-USDT-loong_kc_bnfutures_mode_0,,0E+00,0E+00,0E+00,0E+00,0E+00,0E+00 | 0E+00,0E+00,0E+00,0E+00,0E+00,0E+00,0E+00,0E+00,0E+00,0E+00,0E+00,0E+00,0E+00,0E+00,,,0E+00,2025-12-12 16:03:58,0E+00,,0001-01-01 00:00:00,0E+00,0E+00|,0E+00,0E+00,0E+00,0E+00,0E+00,0E+00 | 0E+00
fr-EPIC-USDT-loong_kc_bnfutures_mode_4,,0E+00,0E+00,0E+00,0E+00,0E+00,0E+00 | 0E+00,0E+00,0E+00,0E+00,0E+00,0E+00,0E+00,0E+00,0E+00,0E+00,0E+00,0E+00,0E+00,0E+00,,,0E+00,2025-12-06 04:25:03,0E+00,,0001-01-01 00:00:00,0E+00,0E+00|,0E+00,0E+00,0E+00,0E+00,0E+00,0E+00 | 0E+00
fr-FF-USDT-loong_kc_bnfutures_mode_2,,0E+00,0E+00,0E+00,0E+00,0E+00,0E+00 | 0E+00,0E+00,0E+00,0E+00,0E+00,0E+00,0E+00,0E+00,0E+00,0E+00,0E+00,0E+00,0E+00,0E+00,,,0E+00,2025-12-20 07:29:07,0E+00,,0001-01-01 00:00:00,0E+00,0E+00|,0E+00,0E+00,0E+00,0E+00,0E+00,0E+00 | 0E+00
fr-MUBARAK-USDT-loong_kc_bnfutures_mode_12,MUBARAK-USDT-FTR,0E+00,0E+00,0E+00,0E+00,0E+00,-6.854E-05 | 0E+00,-2.3460580246300003E-01,0E+00,0E+00,-3.4229034500000002E+03,0E+00,0E+00,0E+00,0E+00,0E+00,0E+00,0E+00,0E+00,0E+00,21_virtual@eisoky3tmanagedsub.com,precursor012,-1.90691E+05,2026-01-26 09:08:34,0E+00,prod-strategy-ap71,2026-01-27 12:50:30,0E+00,-5.561735261401246E-04|,0E+00,8.258632975395782E-01,2.6E+01,0E+00,0E+00,1.875429999999999E-03 | 0E+00
fr-TIA-USDT-loong_kc_bnfutures_mode_2,TIA-USDT-FTR,0E+00,0E+00,0E+00,0E+00,0E+00,5E-05 | 0E+00,9.97113992385E-02,0E+00,0E+00,-1.99422798477E+03,0E+00,0E+00,0E+00,0E+00,0E+00,0E+00,0E+00,0E+00,0E+00,21_virtual@eisoky3tmanagedsub.com,precursor012,-4.529E+03,1970-01-01 00:00:00,0E+00,prod-strategy-ap71,2026-01-27 12:50:34,0E+00,9.082652134424496E-04|,0E+00,7.946272925293643E-01,0E+00,0E+00,0E+00,-1.0678999999999992E-04 | 0E+00
fr-ARPA-USDT-loong_kc_bnfutures_mode_0,ARPA-USDT-FTR,0E+00,0E+00,0E+00,0E+00,0E+00,-1.67343E-03 | 0E+00,0E+00,0E+00,0E+00,0E+00,0E+00,0E+00,0E+00,0E+00,0E+00,0E+00,0E+00,0E+00,0E+00,21_virtual@eisoky3tmanagedsub.com,precursor012,0E+00,1970-01-01 00:00:00,0E+00,prod-strategy-ap71,2026-01-20 02:11:05,0E+00,2.704852824184645E-03|,0E+00,1.0304641208464176E+00,0E+00,0E+00,0E+00,-5.465715E-02 | 0E+00
fr-AIXBT-USDT-loong_kc_bnfutures_mode_2,,0E+00,0E+00,0E+00,0E+00,0E+00,0E+00 | 0E+00,0E+00,0E+00,0E+00,0E+00,0E+00,0E+00,0E+00,0E+00,0E+00,0E+00,0E+00,0E+00,0E+00,,,0E+00,2025-11-27 03:38:37,0E+00,,0001-01-01 00:00:00,0E+00,0E+00|,0E+00,0E+00,0E+00,0E+00,0E+00,0E+00 | 0E+00
fr-BAT-USDT-loong_kc_bnfutures_mode_0,,0E+00,0E+00,0E+00,0E+00,0E+00,0E+00 | 0E+00,0E+00,0E+00,0E+00,0E+00,0E+00,0E+00,0E+00,0E+00,0E+00,0E+00,0E+00,0E+00,0E+00,,,0E+00,2025-11-16 20:04:43,0E+00,,0001-01-01 00:00:00,0E+00,0E+00|,0E+00,0E+00,0E+00,0E+00,0E+00,0E+00 | 0E+00
fr-PNUT-USDT-loong_kc_bnfutures_mode_1,,0E+00,0E+00,0E+00,0E+00,0E+00,0E+00 | 0E+00,0E+00,0E+00,0E+00,0E+00,0E+00,0E+00,0E+00,0E+00,0E+00,0E+00,0E+00,0E+00,0E+00,,,0E+00,2025-11-26 09:06:39,0E+00,,0001-01-01 00:00:00,0E+00,0E+00|,0E+00,0E+00,0E+00,0E+00,0E+00,0E+00 | 0E+00
fr-UB-USDT-loong_kc_bnfutures_mode_1,,0E+00,0E+00,0E+00,0E+00,0E+00,0E+00 | 0E+00,0E+00,0E+00,0E+00,0E+00,0E+00,0E+00,0E+00,0E+00,0E+00,0E+00,0E+00,0E+00,0E+00,,,0E+00,2025-11-17 11:24:50,0E+00,,0001-01-01 00:00:00,0E+00,0E+00|,0E+00,0E+00,0E+00,0E+00,0E+00,0E+00 | 0E+00
fr-CAKE-USDT-loong_kc_bnfutures_mode_7,,0E+00,0E+00,0E+00,0E+00,0E+00,0E+00 | 0E+00,0E+00,0E+00,0E+00,0E+00,0E+00,0E+00,0E+00,0E+00,0E+00,0E+00,0E+00,0E+00,0E+00,,,0E+00,2025-12-18 14:44:15,0E+00,,0001-01-01 00:00:00,0E+00,0E+00|,0E+00,0E+00,0E+00,0E+00,0E+00,0E+00 | 0E+00
fr-ALLO-USDT-loong_kc_bnfutures_mode_0,,0E+00,0E+00,0E+00,0E+00,0E+00,0E+00 | 0E+00,0E+00,0E+00,0E+00,0E+00,0E+00,0E+00,0E+00,0E+00,0E+00,0E+00,0E+00,0E+00,0E+00,,,0E+00,2025-12-09 09:07:53,0E+00,,0001-01-01 00:00:00,0E+00,0E+00|,0E+00,0E+00,0E+00,0E+00,0E+00,0E+00 | 0E+00
fr-EPT-USDT-loong_kc_bnfutures_mode_2,,0E+00,0E+00,0E+00,0E+00,0E+00,0E+00 | 0E+00,0E+00,0E+00,0E+00,0E+00,0E+00,0E+00,0E+00,0E+00,0E+00,0E+00,0E+00,0E+00,0E+00,,,0E+00,2025-12-16 09:06:59,0E+00,,0001-01-01 00:00:00,0E+00,0E+00|,0E+00,0E+00,0E+00,0E+00,0E+00,0E+00 | 0E+00
fr-EPIC-USDT-loong_kc_bnfutures_mode_5,,0E+00,0E+00,0E+00,0E+00,0E+00,0E+00 | 0E+00,0E+00,0E+00,0E+00,0E+00,0E+00,0E+00,0E+00,0E+00,0E+00,0E+00,0E+00,0E+00,0E+00,,,0E+00,2025-12-16 10:47:42,0E+00,,0001-01-01 00:00:00,0E+00,0E+00|,0E+00,0E+00,0E+00,0E+00,0E+00,0E+00 | 0E+00
fr-SWELL-USDT-loong_kc_bnfutures_mode_1,,0E+00,0E+00,0E+00,0E+00,0E+00,0E+00 | 0E+00,0E+00,0E+00,0E+00,0E+00,0E+00,0E+00,0E+00,0E+00,0E+00,0E+00,0E+00,0E+00,0E+00,,,0E+00,2025-11-16 00:31:37,0E+00,,0001-01-01 00:00:00,0E+00,0E+00|,0E+00,0E+00,0E+00,0E+00,0E+00,0E+00 | 0E+00
fr-SPX-USDT-loong_kc_bnfutures_mode_2,,0E+00,0E+00,0E+00,0E+00,0E+00,0E+00 | 0E+00,0E+00,0E+00,0E+00,0E+00,0E+00,0E+00,0E+00,0E+00,0E+00,0E+00,0E+00,0E+00,0E+00,,,0E+00,2025-11-16 18:58:41,0E+00,,0001-01-01 00:00:00,0E+00,0E+00|,0E+00,0E+00,0E+00,0E+00,0E+00,0E+00 | 0E+00
fr-DEGO-USDT-loong_kc_bnfutures_mode_1,,0E+00,0E+00,0E+00,0E+00,0E+00,0E+00 | 0E+00,0E+00,0E+00,0E+00,0E+00,0E+00,0E+00,0E+00,0E+00,0E+00,0E+00,0E+00,0E+00,0E+00,,,0E+00,2025-11-26 04:42:29,0E+00,,0001-01-01 00:00:00,0E+00,0E+00|,0E+00,0E+00,0E+00,0E+00,0E+00,0E+00 | 0E+00
fr-RENDER-USDT-loong_kc_bnfutures_mode_1,,0E+00,0E+00,0E+00,0E+00,0E+00,0E+00 | 0E+00,0E+00,0E+00,0E+00,0E+00,0E+00,0E+00,0E+00,0E+00,0E+00,0E+00,0E+00,0E+00,0E+00,,,0E+00,2025-12-01 11:54:17,0E+00,,0001-01-01 00:00:00,0E+00,0E+00|,0E+00,0E+00,0E+00,0E+00,0E+00,0E+00 | 0E+00
fr-AIO-USDT-loong_kc_bnfutures_mode_3,,0E+00,0E+00,0E+00,0E+00,0E+00,0E+00 | 0E+00,0E+00,0E+00,0E+00,0E+00,0E+00,0E+00,0E+00,0E+00,0E+00,0E+00,0E+00,0E+00,0E+00,,,0E+00,2025-11-26 04:55:02,0E+00,,0001-01-01 00:00:00,0E+00,0E+00|,0E+00,0E+00,0E+00,0E+00,0E+00,0E+00 | 0E+00
fr-DEXE-USDT-loong_kc_bnfutures_mode_3,,0E+00,0E+00,0E+00,0E+00,0E+00,0E+00 | 0E+00,0E+00,0E+00,0E+00,0E+00,0E+00,0E+00,0E+00,0E+00,0E+00,0E+00,0E+00,0E+00,0E+00,,,0E+00,2025-12-16 20:11:24,0E+00,,0001-01-01 00:00:00,0E+00,0E+00|,0E+00,0E+00,0E+00,0E+00,0E+00,0E+00 | 0E+00
fr-VFY-USDT-loong_kc_bnfutures_mode_2,,0E+00,0E+00,0E+00,0E+00,0E+00,0E+00 | 0E+00,0E+00,0E+00,0E+00,0E+00,0E+00,0E+00,0E+00,0E+00,0E+00,0E+00,0E+00,0E+00,0E+00,,,0E+00,2025-12-01 11:18:04,0E+00,,0001-01-01 00:00:00,0E+00,0E+00|,0E+00,0E+00,0E+00,0E+00,0E+00,0E+00 | 0E+00
fr-CAKE-USDT-loong_kc_bnfutures_mode_2,,0E+00,0E+00,0E+00,0E+00,0E+00,0E+00 | 0E+00,0E+00,0E+00,0E+00,0E+00,0E+00,0E+00,0E+00,0E+00,0E+00,0E+00,0E+00,0E+00,0E+00,,,0E+00,2025-12-16 15:18:52,0E+00,,0001-01-01 00:00:00,0E+00,0E+00|,0E+00,0E+00,0E+00,0E+00,0E+00,0E+00 | 0E+00
fr-NIL-USDT-loong_kc_bnfutures_mode_5,,0E+00,0E+00,0E+00,0E+00,0E+00,0E+00 | 0E+00,0E+00,0E+00,0E+00,0E+00,0E+00,0E+00,0E+00,0E+00,0E+00,0E+00,0E+00,0E+00,0E+00,,,0E+00,2025-12-12 16:05:05,0E+00,,0001-01-01 00:00:00,0E+00,0E+00|,0E+00,0E+00,0E+00,0E+00,0E+00,0E+00 | 0E+00
fr-BARD-USDT-loong_kc_bnfutures_mode_4,,0E+00,0E+00,0E+00,0E+00,0E+00,0E+00 | 0E+00,0E+00,0E+00,0E+00,0E+00,0E+00,0E+00,0E+00,0E+00,0E+00,0E+00,0E+00,0E+00,0E+00,,,0E+00,2025-12-09 09:04:06,0E+00,,0001-01-01 00:00:00,0E+00,0E+00|,0E+00,0E+00,0E+00,0E+00,0E+00,0E+00 | 0E+00
fr-IOTA-USDT-loong_kc_bnfutures_mode_1,IOTA-USDT-FTR,0E+00,0E+00,0E+00,0E+00,0E+00,-1.3476E-04 | 0E+00,-2.707780257018E-01,0E+00,0E+00,-2.0093353049999998E+03,0E+00,0E+00,0E+00,0E+00,0E+00,0E+00,0E+00,0E+00,0E+00,21_virtual@eisoky3tmanagedsub.com,precursor012,-2.35423E+04,2025-11-17 21:16:55,0E+00,prod-strategy-ap71,2026-01-27 12:50:45,0E+00,1.1709601873537423E-03|,0E+00,8.800229058280055E-01,0E+00,0E+00,0E+00,1.6131000000000007E-04 | 0E+00
fr-FARTCOIN-USDT-loong_kc_bnfutures_mode_0,,0E+00,0E+00,0E+00,0E+00,0E+00,0E+00 | 0E+00,0E+00,0E+00,0E+00,0E+00,0E+00,0E+00,0E+00,0E+00,0E+00,0E+00,0E+00,0E+00,0E+00,,,0E+00,2025-11-18 09:06:32,0E+00,,0001-01-01 00:00:00,0E+00,0E+00|,0E+00,0E+00,0E+00,0E+00,0E+00,0E+00 | 0E+00
fr-LYN-USDT-loong_kc_bnfutures_mode_0,,0E+00,0E+00,0E+00,0E+00,0E+00,0E+00 | 0E+00,0E+00,0E+00,0E+00,0E+00,0E+00,0E+00,0E+00,0E+00,0E+00,0E+00,0E+00,0E+00,0E+00,,,0E+00,2025-11-16 12:18:23,0E+00,,0001-01-01 00:00:00,0E+00,0E+00|,0E+00,0E+00,0E+00,0E+00,0E+00,0E+00 | 0E+00
fr-AAVE-USDT-loong_kc_bnfutures_mode_1,,0E+00,0E+00,0E+00,0E+00,0E+00,0E+00 | 0E+00,0E+00,0E+00,0E+00,0E+00,0E+00,0E+00,0E+00,0E+00,0E+00,0E+00,0E+00,0E+00,0E+00,,,0E+00,2025-11-16 16:33:33,0E+00,,0001-01-01 00:00:00,0E+00,0E+00|,0E+00,0E+00,0E+00,0E+00,0E+00,0E+00 | 0E+00
fr-LTC-USDT-loong_kc_bnfutures_mode_1,,0E+00,0E+00,0E+00,0E+00,0E+00,0E+00 | 0E+00,0E+00,0E+00,0E+00,0E+00,0E+00,0E+00,0E+00,0E+00,0E+00,0E+00,0E+00,0E+00,0E+00,,,0E+00,2025-11-16 17:44:54,0E+00,,0001-01-01 00:00:00,0E+00,0E+00|,0E+00,0E+00,0E+00,0E+00,0E+00,0E+00 | 0E+00
fr-ETC-USDT-loong_kc_bnfutures_mode_5,,0E+00,0E+00,0E+00,0E+00,0E+00,0E+00 | 0E+00,0E+00,0E+00,0E+00,0E+00,0E+00,0E+00,0E+00,0E+00,0E+00,0E+00,0E+00,0E+00,0E+00,,,0E+00,2025-12-18 20:18:45,0E+00,,0001-01-01 00:00:00,0E+00,0E+00|,0E+00,0E+00,0E+00,0E+00,0E+00,0E+00 | 0E+00
fr-IOTX-USDT-loong_kc_bnfutures_mode_2,,0E+00,0E+00,0E+00,0E+00,0E+00,0E+00 | 0E+00,0E+00,0E+00,0E+00,0E+00,0E+00,0E+00,0E+00,0E+00,0E+00,0E+00,0E+00,0E+00,0E+00,,,0E+00,2025-11-26 04:27:05,0E+00,,0001-01-01 00:00:00,0E+00,0E+00|,0E+00,0E+00,0E+00,0E+00,0E+00,0E+00 | 0E+00
fr-OPEN-USDT-loong_kc_bnfutures_mode_0,,0E+00,0E+00,0E+00,0E+00,0E+00,0E+00 | 0E+00,0E+00,0E+00,0E+00,0E+00,0E+00,0E+00,0E+00,0E+00,0E+00,0E+00,0E+00,0E+00,0E+00,,,0E+00,2025-12-21 16:07:38,0E+00,,0001-01-01 00:00:00,0E+00,0E+00|,0E+00,0E+00,0E+00,0E+00,0E+00,0E+00 | 0E+00
fr-PENGU-USDT-loong_kc_bnfutures_mode_0,,0E+00,0E+00,0E+00,0E+00,0E+00,0E+00 | 0E+00,0E+00,0E+00,0E+00,0E+00,0E+00,0E+00,0E+00,0E+00,0E+00,0E+00,0E+00,0E+00,0E+00,,,0E+00,2025-12-08 21:05:33,0E+00,,0001-01-01 00:00:00,0E+00,0E+00|,0E+00,0E+00,0E+00,0E+00,0E+00,0E+00 | 0E+00
fr-NEAR-USDT-loong_kc_bnfutures_mode_2,,0E+00,0E+00,0E+00,0E+00,0E+00,0E+00 | 0E+00,0E+00,0E+00,0E+00,0E+00,0E+00,0E+00,0E+00,0E+00,0E+00,0E+00,0E+00,0E+00,0E+00,,,0E+00,2025-11-19 08:06:49,0E+00,,0001-01-01 00:00:00,0E+00,0E+00|,0E+00,0E+00,0E+00,0E+00,0E+00,0E+00 | 0E+00
fr-JELLYJELLY-USDT-loong_kc_bnfutures_mode_4,,0E+00,0E+00,0E+00,0E+00,0E+00,0E+00 | 0E+00,0E+00,0E+00,0E+00,0E+00,0E+00,0E+00,0E+00,0E+00,0E+00,0E+00,0E+00,0E+00,0E+00,,,0E+00,2025-12-16 11:48:26,0E+00,,0001-01-01 00:00:00,0E+00,0E+00|,0E+00,0E+00,0E+00,0E+00,0E+00,0E+00 | 0E+00
fr-BARD-USDT-loong_kc_bnfutures_mode_5,,0E+00,0E+00,0E+00,0E+00,0E+00,0E+00 | 0E+00,0E+00,0E+00,0E+00,0E+00,0E+00,0E+00,0E+00,0E+00,0E+00,0E+00,0E+00,0E+00,0E+00,,,0E+00,2025-12-17 16:38:55,0E+00,,0001-01-01 00:00:00,0E+00,0E+00|,0E+00,0E+00,0E+00,0E+00,0E+00,0E+00 | 0E+00
fr-TON-USDT-loong_kc_bnfutures_mode_3,,0E+00,0E+00,0E+00,0E+00,0E+00,0E+00 | 0E+00,0E+00,0E+00,0E+00,0E+00,0E+00,0E+00,0E+00,0E+00,0E+00,0E+00,0E+00,0E+00,0E+00,,,0E+00,2025-12-08 17:05:37,0E+00,,0001-01-01 00:00:00,0E+00,0E+00|,0E+00,0E+00,0E+00,0E+00,0E+00,0E+00 | 0E+00
fr-ZRC-USDT-loong_kc_bnfutures_mode_0,,0E+00,0E+00,0E+00,0E+00,0E+00,0E+00 | 0E+00,0E+00,0E+00,0E+00,0E+00,0E+00,0E+00,0E+00,0E+00,0E+00,0E+00,0E+00,0E+00,0E+00,,,0E+00,2025-12-18 15:49:47,0E+00,,0001-01-01 00:00:00,0E+00,0E+00|,0E+00,0E+00,0E+00,0E+00,0E+00,0E+00 | 0E+00
fr-LYN-USDT-loong_kc_bnfutures_mode_1,,0E+00,0E+00,0E+00,0E+00,0E+00,0E+00 | 0E+00,0E+00,0E+00,0E+00,0E+00,0E+00,0E+00,0E+00,0E+00,0E+00,0E+00,0E+00,0E+00,0E+00,,,0E+00,2025-11-24 10:58:24,0E+00,,0001-01-01 00:00:00,0E+00,0E+00|,0E+00,0E+00,0E+00,0E+00,0E+00,0E+00 | 0E+00
fr-TUT-USDT-loong_kc_bnfutures_mode_5,,0E+00,0E+00,0E+00,0E+00,0E+00,0E+00 | 0E+00,0E+00,0E+00,0E+00,0E+00,0E+00,0E+00,0E+00,0E+00,0E+00,0E+00,0E+00,0E+00,0E+00,,,0E+00,2025-12-01 04:31:10,0E+00,,0001-01-01 00:00:00,0E+00,0E+00|,0E+00,0E+00,0E+00,0E+00,0E+00,0E+00 | 0E+00
fr-PENDLE-USDT-loong_kc_bnfutures_mode_2,,0E+00,0E+00,0E+00,0E+00,0E+00,0E+00 | 0E+00,0E+00,0E+00,0E+00,0E+00,0E+00,0E+00,0E+00,0E+00,0E+00,0E+00,0E+00,0E+00,0E+00,,,0E+00,2025-12-09 07:12:09,0E+00,,0001-01-01 00:00:00,0E+00,0E+00|,0E+00,0E+00,0E+00,0E+00,0E+00,0E+00 | 0E+00
fr-DEGO-USDT-loong_kc_bnfutures_mode_2,,0E+00,0E+00,0E+00,0E+00,0E+00,0E+00 | 0E+00,0E+00,0E+00,0E+00,0E+00,0E+00,0E+00,0E+00,0E+00,0E+00,0E+00,0E+00,0E+00,0E+00,,,0E+00,2025-12-16 07:30:19,0E+00,,0001-01-01 00:00:00,0E+00,0E+00|,0E+00,0E+00,0E+00,0E+00,0E+00,0E+00 | 0E+00
fr-STABLE-USDT-loong_kc_bnfutures_mode_0,,0E+00,0E+00,0E+00,0E+00,0E+00,0E+00 | 0E+00,0E+00,0E+00,0E+00,0E+00,0E+00,0E+00,0E+00,0E+00,0E+00,0E+00,0E+00,0E+00,0E+00,,,0E+00,2025-12-16 07:49:53,0E+00,,0001-01-01 00:00:00,0E+00,0E+00|,0E+00,0E+00,0E+00,0E+00,0E+00,0E+00 | 0E+00
fr-CATI-USDT-loong_kc_bnfutures_mode_1,,0E+00,0E+00,0E+00,0E+00,0E+00,0E+00 | 0E+00,0E+00,0E+00,0E+00,0E+00,0E+00,0E+00,0E+00,0E+00,0E+00,0E+00,0E+00,0E+00,0E+00,,,0E+00,2025-11-24 15:52:48,0E+00,,0001-01-01 00:00:00,0E+00,0E+00|,0E+00,0E+00,0E+00,0E+00,0E+00,0E+00 | 0E+00
fr-XMR-USDT-loong_kc_bnfutures_mode_1,,0E+00,0E+00,0E+00,0E+00,0E+00,0E+00 | 0E+00,0E+00,0E+00,0E+00,0E+00,0E+00,0E+00,0E+00,0E+00,0E+00,0E+00,0E+00,0E+00,0E+00,,,0E+00,2025-12-02 16:19:38,0E+00,,0001-01-01 00:00:00,0E+00,0E+00|,0E+00,0E+00,0E+00,0E+00,0E+00,0E+00 | 0E+00
fr-CETUS-USDT-loong_kc_bnfutures_mode_3,,0E+00,0E+00,0E+00,0E+00,0E+00,0E+00 | 0E+00,0E+00,0E+00,0E+00,0E+00,0E+00,0E+00,0E+00,0E+00,0E+00,0E+00,0E+00,0E+00,0E+00,,,0E+00,2025-11-26 04:59:21,0E+00,,0001-01-01 00:00:00,0E+00,0E+00|,0E+00,0E+00,0E+00,0E+00,0E+00,0E+00 | 0E+00
fr-CROSS-USDT-loong_kc_bnfutures_mode_2,,0E+00,0E+00,0E+00,0E+00,0E+00,0E+00 | 0E+00,0E+00,0E+00,0E+00,0E+00,0E+00,0E+00,0E+00,0E+00,0E+00,0E+00,0E+00,0E+00,0E+00,,,0E+00,2025-11-17 22:06:18,0E+00,,0001-01-01 00:00:00,0E+00,0E+00|,0E+00,0E+00,0E+00,0E+00,0E+00,0E+00 | 0E+00
fr-YGG-USDT-loong_kc_bnfutures_mode_1,YGG-USDT-FTR,0E+00,0E+00,0E+00,0E+00,0E+00,2.711E-05 | 0E+00,5.24250296070732E-02,0E+00,0E+00,-1.93378936212E+03,0E+00,0E+00,0E+00,0E+00,0E+00,0E+00,0E+00,0E+00,0E+00,21_virtual@eisoky3tmanagedsub.com,precursor012,-3.0716E+04,1970-01-01 00:00:00,0E+00,prod-strategy-ap71,2026-01-27 12:50:40,0E+00,1.5880578053040217E-04|,0E+00,7.835866737153224E-01,0E+00,0E+00,0E+00,-4.8038E-04 | 0E+00
fr-FF-USDT-loong_kc_bnfutures_mode_1,,0E+00,0E+00,0E+00,0E+00,0E+00,0E+00 | 0E+00,0E+00,0E+00,0E+00,0E+00,0E+00,0E+00,0E+00,0E+00,0E+00,0E+00,0E+00,0E+00,0E+00,,,0E+00,2025-12-12 16:09:30,0E+00,,0001-01-01 00:00:00,0E+00,0E+00|,0E+00,0E+00,0E+00,0E+00,0E+00,0E+00 | 0E+00
fr-RUNE-USDT-loong_kc_bnfutures_mode_2,,0E+00,0E+00,0E+00,0E+00,0E+00,0E+00 | 0E+00,0E+00,0E+00,0E+00,0E+00,0E+00,0E+00,0E+00,0E+00,0E+00,0E+00,0E+00,0E+00,0E+00,,,0E+00,2025-12-12 16:02:46,0E+00,,0001-01-01 00:00:00,0E+00,0E+00|,0E+00,0E+00,0E+00,0E+00,0E+00,0E+00 | 0E+00
fr-HOME-USDT-loong_kc_bnfutures_mode_4,,0E+00,0E+00,0E+00,0E+00,0E+00,0E+00 | 0E+00,0E+00,0E+00,0E+00,0E+00,0E+00,0E+00,0E+00,0E+00,0E+00,0E+00,0E+00,0E+00,0E+00,,,0E+00,2025-11-18 09:56:40,0E+00,,0001-01-01 00:00:00,0E+00,0E+00|,0E+00,0E+00,0E+00,0E+00,0E+00,0E+00 | 0E+00
fr-BAT-USDT-loong_kc_bnfutures_mode_2,,0E+00,0E+00,0E+00,0E+00,0E+00,0E+00 | 0E+00,0E+00,0E+00,0E+00,0E+00,0E+00,0E+00,0E+00,0E+00,0E+00,0E+00,0E+00,0E+00,0E+00,,,0E+00,2025-12-17 15:44:06,0E+00,,0001-01-01 00:00:00,0E+00,0E+00|,0E+00,0E+00,0E+00,0E+00,0E+00,0E+00 | 0E+00
fr-MMT-USDT-loong_kc_bnfutures_mode_0,,0E+00,0E+00,0E+00,0E+00,0E+00,0E+00 | 0E+00,0E+00,0E+00,0E+00,0E+00,0E+00,0E+00,0E+00,0E+00,0E+00,0E+00,0E+00,0E+00,0E+00,,,0E+00,2025-12-03 16:18:29,0E+00,,0001-01-01 00:00:00,0E+00,0E+00|,0E+00,0E+00,0E+00,0E+00,0E+00,0E+00 | 0E+00
fr-TUT-USDT-loong_kc_bnfutures_mode_4,,0E+00,0E+00,0E+00,0E+00,0E+00,0E+00 | 0E+00,0E+00,0E+00,0E+00,0E+00,0E+00,0E+00,0E+00,0E+00,0E+00,0E+00,0E+00,0E+00,0E+00,,,0E+00,2025-11-16 15:55:02,0E+00,,0001-01-01 00:00:00,0E+00,0E+00|,0E+00,0E+00,0E+00,0E+00,0E+00,0E+00 | 0E+00
fr-WIF-USDT-loong_kc_bnfutures_mode_9,,0E+00,0E+00,0E+00,0E+00,0E+00,0E+00 | 0E+00,0E+00,0E+00,0E+00,0E+00,0E+00,0E+00,0E+00,0E+00,0E+00,0E+00,0E+00,0E+00,0E+00,,,0E+00,2025-12-22 12:33:12,0E+00,,0001-01-01 00:00:00,0E+00,0E+00|,0E+00,0E+00,0E+00,0E+00,0E+00,0E+00 | 0E+00
fr-SPK-USDT-loong_kc_bnfutures_mode_2,SPK-USDT-FTR,0E+00,0E+00,0E+00,0E+00,0E+00,5E-05 | 0E+00,9.674478885599999E-02,0E+00,0E+00,-1.9348957771199998E+03,0E+00,0E+00,0E+00,0E+00,0E+00,0E+00,0E+00,0E+00,0E+00,21_virtual@eisoky3tmanagedsub.com,precursor012,-8.6553E+04,2025-12-17 17:06:48,0E+00,prod-strategy-ap71,2026-01-27 12:50:40,0E+00,1.3416815742397503E-03|,0E+00,7.117274164212587E-01,0E+00,0E+00,0E+00,1.2469999999999994E-03 | 0E+00
fr-COMP-USDT-loong_kc_bnfutures_mode_3,,0E+00,0E+00,0E+00,0E+00,0E+00,0E+00 | 0E+00,0E+00,0E+00,0E+00,0E+00,0E+00,0E+00,0E+00,0E+00,0E+00,0E+00,0E+00,0E+00,0E+00,,,0E+00,2025-11-26 17:38:28,0E+00,,0001-01-01 00:00:00,0E+00,0E+00|,0E+00,0E+00,0E+00,0E+00,0E+00,0E+00 | 0E+00
fr-WIF-USDT-loong_kc_bnfutures_mode_3,,0E+00,0E+00,0E+00,0E+00,0E+00,0E+00 | 0E+00,0E+00,0E+00,0E+00,0E+00,0E+00,0E+00,0E+00,0E+00,0E+00,0E+00,0E+00,0E+00,0E+00,,,0E+00,2025-12-02 16:19:06,0E+00,,0001-01-01 00:00:00,0E+00,0E+00|,0E+00,0E+00,0E+00,0E+00,0E+00,0E+00 | 0E+00
fr-SKATE-USDT-loong_kc_bnfutures_mode_4,,0E+00,0E+00,0E+00,0E+00,0E+00,0E+00 | 0E+00,0E+00,0E+00,0E+00,0E+00,0E+00,0E+00,0E+00,0E+00,0E+00,0E+00,0E+00,0E+00,0E+00,,,0E+00,2025-12-08 20:50:44,0E+00,,0001-01-01 00:00:00,0E+00,0E+00|,0E+00,0E+00,0E+00,0E+00,0E+00,0E+00 | 0E+00
fr-BOME-USDT-loong_kc_bnfutures_mode_1,,0E+00,0E+00,0E+00,0E+00,0E+00,0E+00 | 0E+00,0E+00,0E+00,0E+00,0E+00,0E+00,0E+00,0E+00,0E+00,0E+00,0E+00,0E+00,0E+00,0E+00,,,0E+00,2025-11-26 09:48:43,0E+00,,0001-01-01 00:00:00,0E+00,0E+00|,0E+00,0E+00,0E+00,0E+00,0E+00,0E+00 | 0E+00
fr-RUNE-USDT-loong_kc_bnfutures_mode_1,,0E+00,0E+00,0E+00,0E+00,0E+00,0E+00 | 0E+00,0E+00,0E+00,0E+00,0E+00,0E+00,0E+00,0E+00,0E+00,0E+00,0E+00,0E+00,0E+00,0E+00,,,0E+00,2025-11-26 04:53:52,0E+00,,0001-01-01 00:00:00,0E+00,0E+00|,0E+00,0E+00,0E+00,0E+00,0E+00,0E+00 | 0E+00
fr-DOGS-USDT-loong_kc_bnfutures_mode_1,,0E+00,0E+00,0E+00,0E+00,0E+00,0E+00 | 0E+00,0E+00,0E+00,0E+00,0E+00,0E+00,0E+00,0E+00,0E+00,0E+00,0E+00,0E+00,0E+00,0E+00,,,0E+00,2025-11-16 11:43:27,0E+00,,0001-01-01 00:00:00,0E+00,0E+00|,0E+00,0E+00,0E+00,0E+00,0E+00,0E+00 | 0E+00
fr-ETC-USDT-loong_kc_bnfutures_mode_3,,0E+00,0E+00,0E+00,0E+00,0E+00,0E+00 | 0E+00,0E+00,0E+00,0E+00,0E+00,0E+00,0E+00,0E+00,0E+00,0E+00,0E+00,0E+00,0E+00,0E+00,,,0E+00,2025-12-17 12:27:59,0E+00,,0001-01-01 00:00:00,0E+00,0E+00|,0E+00,0E+00,0E+00,0E+00,0E+00,0E+00 | 0E+00
fr-MUBARAK-USDT-loong_kc_bnfutures_mode_2,,0E+00,0E+00,0E+00,0E+00,0E+00,0E+00 | 0E+00,0E+00,0E+00,0E+00,0E+00,0E+00,0E+00,0E+00,0E+00,0E+00,0E+00,0E+00,0E+00,0E+00,,,0E+00,2025-12-12 16:03:48,0E+00,,0001-01-01 00:00:00,0E+00,0E+00|,0E+00,0E+00,0E+00,0E+00,0E+00,0E+00 | 0E+00
fr-TURTLE-USDT-loong_kc_bnfutures_mode_1,,0E+00,0E+00,0E+00,0E+00,0E+00,0E+00 | 0E+00,0E+00,0E+00,0E+00,0E+00,0E+00,0E+00,0E+00,0E+00,0E+00,0E+00,0E+00,0E+00,0E+00,,,0E+00,2025-11-26 04:21:01,0E+00,,0001-01-01 00:00:00,0E+00,0E+00|,0E+00,0E+00,0E+00,0E+00,0E+00,0E+00 | 0E+00
fr-B2-USDT-loong_kc_bnfutures_mode_0,,0E+00,0E+00,0E+00,0E+00,0E+00,0E+00 | 0E+00,0E+00,0E+00,0E+00,0E+00,0E+00,0E+00,0E+00,0E+00,0E+00,0E+00,0E+00,0E+00,0E+00,,,0E+00,2025-11-18 15:02:25,0E+00,,0001-01-01 00:00:00,0E+00,0E+00|,0E+00,0E+00,0E+00,0E+00,0E+00,0E+00 | 0E+00
fr-SKY-USDT-loong_kc_bnfutures_mode_0,,0E+00,0E+00,0E+00,0E+00,0E+00,0E+00 | 0E+00,0E+00,0E+00,0E+00,0E+00,0E+00,0E+00,0E+00,0E+00,0E+00,0E+00,0E+00,0E+00,0E+00,,,0E+00,2025-11-16 16:48:17,0E+00,,0001-01-01 00:00:00,0E+00,0E+00|,0E+00,0E+00,0E+00,0E+00,0E+00,0E+00 | 0E+00
fr-BAN-USDT-loong_kc_bnfutures_mode_2,,0E+00,0E+00,0E+00,0E+00,0E+00,0E+00 | 0E+00,0E+00,0E+00,0E+00,0E+00,0E+00,0E+00,0E+00,0E+00,0E+00,0E+00,0E+00,0E+00,0E+00,,,0E+00,2025-11-17 04:06:44,0E+00,,0001-01-01 00:00:00,0E+00,0E+00|,0E+00,0E+00,0E+00,0E+00,0E+00,0E+00 | 0E+00
fr-TUT-USDT-loong_kc_bnfutures_mode_8,,0E+00,0E+00,0E+00,0E+00,0E+00,0E+00 | 0E+00,0E+00,0E+00,0E+00,0E+00,0E+00,0E+00,0E+00,0E+00,0E+00,0E+00,0E+00,0E+00,0E+00,,,0E+00,2025-12-22 18:50:11,0E+00,,0001-01-01 00:00:00,0E+00,0E+00|,0E+00,0E+00,0E+00,0E+00,0E+00,0E+00 | 0E+00
fr-ICP-USDT-loong_kc_bnfutures_mode_1,,0E+00,0E+00,0E+00,0E+00,0E+00,0E+00 | 0E+00,0E+00,0E+00,0E+00,0E+00,0E+00,0E+00,0E+00,0E+00,0E+00,0E+00,0E+00,0E+00,0E+00,,,0E+00,2025-12-16 16:07:03,0E+00,,0001-01-01 00:00:00,0E+00,0E+00|,0E+00,0E+00,0E+00,0E+00,0E+00,0E+00 | 0E+00
fr-BAT-USDT-loong_kc_bnfutures_mode_1,,0E+00,0E+00,0E+00,0E+00,0E+00,0E+00 | 0E+00,0E+00,0E+00,0E+00,0E+00,0E+00,0E+00,0E+00,0E+00,0E+00,0E+00,0E+00,0E+00,0E+00,,,0E+00,2025-12-17 04:10:26,0E+00,,0001-01-01 00:00:00,0E+00,0E+00|,0E+00,0E+00,0E+00,0E+00,0E+00,0E+00 | 0E+00
fr-CC-USDT-loong_kc_bnfutures_mode_2,,0E+00,0E+00,0E+00,0E+00,0E+00,0E+00 | 0E+00,0E+00,0E+00,0E+00,0E+00,0E+00,0E+00,0E+00,0E+00,0E+00,0E+00,0E+00,0E+00,0E+00,,,0E+00,2025-12-16 07:27:33,0E+00,,0001-01-01 00:00:00,0E+00,0E+00|,0E+00,0E+00,0E+00,0E+00,0E+00,0E+00 | 0E+00
fr-CAKE-USDT-loong_kc_bnfutures_mode_15,,0E+00,0E+00,0E+00,0E+00,0E+00,0E+00 | 0E+00,0E+00,0E+00,0E+00,0E+00,0E+00,0E+00,0E+00,0E+00,0E+00,0E+00,0E+00,0E+00,0E+00,,,0E+00,2025-12-23 22:36:06,0E+00,,0001-01-01 00:00:00,0E+00,0E+00|,0E+00,0E+00,0E+00,0E+00,0E+00,0E+00 | 0E+00
fr-TAO-USDT-loong_kc_bnfutures_mode_2,,0E+00,0E+00,0E+00,0E+00,0E+00,0E+00 | 0E+00,0E+00,0E+00,0E+00,0E+00,0E+00,0E+00,0E+00,0E+00,0E+00,0E+00,0E+00,0E+00,0E+00,,,0E+00,2025-11-19 15:37:16,0E+00,,0001-01-01 00:00:00,0E+00,0E+00|,0E+00,0E+00,0E+00,0E+00,0E+00,0E+00 | 0E+00
fr-LYN-USDT-loong_kc_bnfutures_mode_2,,0E+00,0E+00,0E+00,0E+00,0E+00,0E+00 | 0E+00,0E+00,0E+00,0E+00,0E+00,0E+00,0E+00,0E+00,0E+00,0E+00,0E+00,0E+00,0E+00,0E+00,,,0E+00,2025-12-04 16:03:34,0E+00,,0001-01-01 00:00:00,0E+00,0E+00|,0E+00,0E+00,0E+00,0E+00,0E+00,0E+00 | 0E+00
fr-VINE-USDT-loong_kc_bnfutures_mode_6,,0E+00,0E+00,0E+00,0E+00,0E+00,0E+00 | 0E+00,0E+00,0E+00,0E+00,0E+00,0E+00,0E+00,0E+00,0E+00,0E+00,0E+00,0E+00,0E+00,0E+00,,,0E+00,2025-12-16 16:05:14,0E+00,,0001-01-01 00:00:00,0E+00,0E+00|,0E+00,0E+00,0E+00,0E+00,0E+00,0E+00 | 0E+00
fr-CAKE-USDT-loong_kc_bnfutures_mode_13,,0E+00,0E+00,0E+00,0E+00,0E+00,0E+00 | 0E+00,0E+00,0E+00,0E+00,0E+00,0E+00,0E+00,0E+00,0E+00,0E+00,0E+00,0E+00,0E+00,0E+00,,,0E+00,2025-12-22 14:48:11,0E+00,,0001-01-01 00:00:00,0E+00,0E+00|,0E+00,0E+00,0E+00,0E+00,0E+00,0E+00 | 0E+00
fr-HYPER-USDT-loong_kc_bnfutures_mode_2,,0E+00,0E+00,0E+00,0E+00,0E+00,0E+00 | 0E+00,0E+00,0E+00,0E+00,0E+00,0E+00,0E+00,0E+00,0E+00,0E+00,0E+00,0E+00,0E+00,0E+00,,,0E+00,2025-11-24 13:07:46,0E+00,,0001-01-01 00:00:00,0E+00,0E+00|,0E+00,0E+00,0E+00,0E+00,0E+00,0E+00 | 0E+00
fr-APR-USDT-loong_kc_bnfutures_mode_0,,0E+00,0E+00,0E+00,0E+00,0E+00,0E+00 | 0E+00,0E+00,0E+00,0E+00,0E+00,0E+00,0E+00,0E+00,0E+00,0E+00,0E+00,0E+00,0E+00,0E+00,,,0E+00,2025-12-03 16:14:34,0E+00,,0001-01-01 00:00:00,0E+00,0E+00|,0E+00,0E+00,0E+00,0E+00,0E+00,0E+00 | 0E+00
fr-NIL-USDT-loong_kc_bnfutures_mode_4,,0E+00,0E+00,0E+00,0E+00,0E+00,0E+00 | 0E+00,0E+00,0E+00,0E+00,0E+00,0E+00,0E+00,0E+00,0E+00,0E+00,0E+00,0E+00,0E+00,0E+00,,,0E+00,2025-11-17 20:27:28,0E+00,,0001-01-01 00:00:00,0E+00,0E+00|,0E+00,0E+00,0E+00,0E+00,0E+00,0E+00 | 0E+00
fr-CAKE-USDT-loong_kc_bnfutures_mode_12,,0E+00,0E+00,0E+00,0E+00,0E+00,0E+00 | 0E+00,0E+00,0E+00,0E+00,0E+00,0E+00,0E+00,0E+00,0E+00,0E+00,0E+00,0E+00,0E+00,0E+00,,,0E+00,2025-12-21 13:29:26,0E+00,,0001-01-01 00:00:00,0E+00,0E+00|,0E+00,0E+00,0E+00,0E+00,0E+00,0E+00 | 0E+00
fr-PTB-USDT-loong_kc_bnfutures_mode_2,PTB-USDT-FTR,0E+00,0E+00,0E+00,0E+00,0E+00,5E-05 | 0E+00,7.879982759999998E-02,0E+00,0E+00,-1.5759965519999996E+03,0E+00,0E+00,0E+00,0E+00,0E+00,0E+00,0E+00,0E+00,0E+00,21_virtual@eisoky3tmanagedsub.com,precursor012,-7.62456E+05,1970-01-01 00:00:00,0E+00,prod-strategy-ap71,2026-01-27 12:50:37,0E+00,7.008216529724498E-02|,0E+00,1.1287233423855298E+00,0E+00,0E+00,0E+00,4.256660000000001E-03 | 0E+00
fr-MERL-USDT-loong_kc_bnfutures_mode_1,,0E+00,0E+00,0E+00,0E+00,0E+00,0E+00 | 0E+00,0E+00,0E+00,0E+00,0E+00,0E+00,0E+00,0E+00,0E+00,0E+00,0E+00,0E+00,0E+00,0E+00,,,0E+00,2025-11-25 17:59:04,0E+00,,0001-01-01 00:00:00,0E+00,0E+00|,0E+00,0E+00,0E+00,0E+00,0E+00,0E+00 | 0E+00
fr-DRIFT-USDT-loong_kc_bnfutures_mode_3,,0E+00,0E+00,0E+00,0E+00,0E+00,0E+00 | 0E+00,0E+00,0E+00,0E+00,0E+00,0E+00,0E+00,0E+00,0E+00,0E+00,0E+00,0E+00,0E+00,0E+00,,,0E+00,2025-12-16 10:44:16,0E+00,,0001-01-01 00:00:00,0E+00,0E+00|,0E+00,0E+00,0E+00,0E+00,0E+00,0E+00 | 0E+00
fr-COOKIE-USDT-loong_kc_bnfutures_mode_1,,0E+00,0E+00,0E+00,0E+00,0E+00,0E+00 | 0E+00,0E+00,0E+00,0E+00,0E+00,0E+00,0E+00,0E+00,0E+00,0E+00,0E+00,0E+00,0E+00,0E+00,,,0E+00,2025-12-04 11:15:53,0E+00,,0001-01-01 00:00:00,0E+00,0E+00|,0E+00,0E+00,0E+00,0E+00,0E+00,0E+00 | 0E+00
fr-MUBARAK-USDT-loong_kc_bnfutures_mode_5,,0E+00,0E+00,0E+00,0E+00,0E+00,0E+00 | 0E+00,0E+00,0E+00,0E+00,0E+00,0E+00,0E+00,0E+00,0E+00,0E+00,0E+00,0E+00,0E+00,0E+00,,,0E+00,2025-12-21 08:43:11,0E+00,,0001-01-01 00:00:00,0E+00,0E+00|,0E+00,0E+00,0E+00,0E+00,0E+00,0E+00 | 0E+00
fr-PARTI-USDT-loong_kc_bnfutures_mode_3,PARTI-USDT-FTR,0E+00,0E+00,0E+00,0E+00,0E+00,5E-05 | 0E+00,1.2200349271131E+01,0E+00,0E+00,-2.4400698542262E+05,0E+00,0E+00,0E+00,0E+00,0E+00,0E+00,0E+00,0E+00,0E+00,21_virtual@eisoky3tmanagedsub.com,precursor012,-2.800719E+06,2026-01-25 21:06:01,0E+00,prod-strategy-ap71,2026-01-27 12:50:34,0E+00,-1.1479738261976902E-04|,7.692307692307693E-02,8.020437447595206E-01,1.9E+01,0E+00,1E+00,2.099999999999999E-03 | 0E+00
fr-NEO-USDT-loong_kc_bnfutures_mode_2,NEO-USDT-FTR,0E+00,0E+00,0E+00,0E+00,0E+00,-1.7172E-04 | 0E+00,-9.950905155167998E-01,0E+00,0E+00,-5.79484344E+03,0E+00,0E+00,0E+00,0E+00,0E+00,0E+00,0E+00,0E+00,0E+00,21_virtual@eisoky3tmanagedsub.com,precursor012,-1.62868E+03,2026-01-27 00:08:56,0E+00,prod-strategy-ap71,2026-01-27 12:50:31,0E+00,1.4904386951630766E-03|,1E+00,7.407779208988934E-01,6E+00,0E+00,1E+00,5.3531E-04 | 0E+00
fr-WIF-USDT-loong_kc_bnfutures_mode_0,,0E+00,0E+00,0E+00,0E+00,0E+00,0E+00 | 0E+00,0E+00,0E+00,0E+00,0E+00,0E+00,0E+00,0E+00,0E+00,0E+00,0E+00,0E+00,0E+00,0E+00,,,0E+00,2025-12-23 08:29:04,0E+00,,0001-01-01 00:00:00,0E+00,0E+00|,0E+00,0E+00,0E+00,0E+00,0E+00,0E+00 | 0E+00
fr-POPCAT-USDT-loong_kc_bnfutures_mode_2,,0E+00,0E+00,0E+00,0E+00,0E+00,0E+00 | 0E+00,0E+00,0E+00,0E+00,0E+00,0E+00,0E+00,0E+00,0E+00,0E+00,0E+00,0E+00,0E+00,0E+00,,,0E+00,2025-12-08 19:45:20,0E+00,,0001-01-01 00:00:00,0E+00,0E+00|,0E+00,0E+00,0E+00,0E+00,0E+00,0E+00 | 0E+00
fr-ONDO-USDT-loong_kc_bnfutures_mode_6,,0E+00,0E+00,0E+00,0E+00,0E+00,0E+00 | 0E+00,0E+00,0E+00,0E+00,0E+00,0E+00,0E+00,0E+00,0E+00,0E+00,0E+00,0E+00,0E+00,0E+00,,,0E+00,2025-12-18 19:16:38,0E+00,,0001-01-01 00:00:00,0E+00,0E+00|,0E+00,0E+00,0E+00,0E+00,0E+00,0E+00 | 0E+00
fr-TUT-USDT-loong_kc_bnfutures_mode_7,,0E+00,0E+00,0E+00,0E+00,0E+00,0E+00 | 0E+00,0E+00,0E+00,0E+00,0E+00,0E+00,0E+00,0E+00,0E+00,0E+00,0E+00,0E+00,0E+00,0E+00,,,0E+00,2025-12-19 18:42:53,0E+00,,0001-01-01 00:00:00,0E+00,0E+00|,0E+00,0E+00,0E+00,0E+00,0E+00,0E+00 | 0E+00
fr-SEI-USDT-loong_kc_bnfutures_mode_0,,0E+00,0E+00,0E+00,0E+00,0E+00,0E+00 | 0E+00,0E+00,0E+00,0E+00,0E+00,0E+00,0E+00,0E+00,0E+00,0E+00,0E+00,0E+00,0E+00,0E+00,,,0E+00,2025-12-15 16:07:01,0E+00,,0001-01-01 00:00:00,0E+00,0E+00|,0E+00,0E+00,0E+00,0E+00,0E+00,0E+00 | 0E+00
fr-DRIFT-USDT-loong_kc_bnfutures_mode_2,,0E+00,0E+00,0E+00,0E+00,0E+00,0E+00 | 0E+00,0E+00,0E+00,0E+00,0E+00,0E+00,0E+00,0E+00,0E+00,0E+00,0E+00,0E+00,0E+00,0E+00,,,0E+00,2025-12-09 01:55:54,0E+00,,0001-01-01 00:00:00,0E+00,0E+00|,0E+00,0E+00,0E+00,0E+00,0E+00,0E+00 | 0E+00
fr-TIA-USDT-loong_kc_bnfutures_mode_0,,0E+00,0E+00,0E+00,0E+00,0E+00,0E+00 | 0E+00,0E+00,0E+00,0E+00,0E+00,0E+00,0E+00,0E+00,0E+00,0E+00,0E+00,0E+00,0E+00,0E+00,,,0E+00,2025-11-27 09:45:32,0E+00,,0001-01-01 00:00:00,0E+00,0E+00|,0E+00,0E+00,0E+00,0E+00,0E+00,0E+00 | 0E+00
fr-HMSTR-USDT-loong_kc_bnfutures_mode_0,HMSTR-USDT-FTR,0E+00,0E+00,0E+00,0E+00,0E+00,-3.4841E-04 | 0E+00,-5.04846528613349E-01,0E+00,0E+00,-1.4490012589E+03,0E+00,0E+00,0E+00,0E+00,0E+00,0E+00,0E+00,0E+00,0E+00,21_virtual@eisoky3tmanagedsub.com,precursor012,-6.226906999999999E+06,2026-01-27 04:00:13,0E+00,prod-strategy-ap71,2026-01-27 12:50:30,0E+00,1.2842465753424293E-03|,0E+00,7.29604514325608E+00,0E+00,0E+00,0E+00,1.5907599999999994E-03 | 0E+00
fr-FARTCOIN-USDT-loong_kc_bnfutures_mode_1,,0E+00,0E+00,0E+00,0E+00,0E+00,0E+00 | 0E+00,0E+00,0E+00,0E+00,0E+00,0E+00,0E+00,0E+00,0E+00,0E+00,0E+00,0E+00,0E+00,0E+00,,,0E+00,2025-12-05 16:10:05,0E+00,,0001-01-01 00:00:00,0E+00,0E+00|,0E+00,0E+00,0E+00,0E+00,0E+00,0E+00 | 0E+00
fr-ONDO-USDT-loong_kc_bnfutures_mode_7,,0E+00,0E+00,0E+00,0E+00,0E+00,0E+00 | 0E+00,0E+00,0E+00,0E+00,0E+00,0E+00,0E+00,0E+00,0E+00,0E+00,0E+00,0E+00,0E+00,0E+00,,,0E+00,2025-12-19 17:58:40,0E+00,,0001-01-01 00:00:00,0E+00,0E+00|,0E+00,0E+00,0E+00,0E+00,0E+00,0E+00 | 0E+00
fr-JELLYJELLY-USDT-loong_kc_bnfutures_mode_3,,0E+00,0E+00,0E+00,0E+00,0E+00,0E+00 | 0E+00,0E+00,0E+00,0E+00,0E+00,0E+00,0E+00,0E+00,0E+00,0E+00,0E+00,0E+00,0E+00,0E+00,,,0E+00,2025-12-09 01:19:10,0E+00,,0001-01-01 00:00:00,0E+00,0E+00|,0E+00,0E+00,0E+00,0E+00,0E+00,0E+00 | 0E+00
fr-COMMON-USDT-loong_kc_bnfutures_mode_0,,0E+00,0E+00,0E+00,0E+00,0E+00,0E+00 | 0E+00,0E+00,0E+00,0E+00,0E+00,0E+00,0E+00,0E+00,0E+00,0E+00,0E+00,0E+00,0E+00,0E+00,,,0E+00,2025-12-12 16:03:56,0E+00,,0001-01-01 00:00:00,0E+00,0E+00|,0E+00,0E+00,0E+00,0E+00,0E+00,0E+00 | 0E+00
fr-XMR-USDT-loong_kc_bnfutures_mode_0,,0E+00,0E+00,0E+00,0E+00,0E+00,0E+00 | 0E+00,0E+00,0E+00,0E+00,0E+00,0E+00,0E+00,0E+00,0E+00,0E+00,0E+00,0E+00,0E+00,0E+00,,,0E+00,2025-11-16 23:45:29,0E+00,,0001-01-01 00:00:00,0E+00,0E+00|,0E+00,0E+00,0E+00,0E+00,0E+00,0E+00 | 0E+00
fr-TON-USDT-loong_kc_bnfutures_mode_2,,0E+00,0E+00,0E+00,0E+00,0E+00,0E+00 | 0E+00,0E+00,0E+00,0E+00,0E+00,0E+00,0E+00,0E+00,0E+00,0E+00,0E+00,0E+00,0E+00,0E+00,,,0E+00,2025-11-16 16:47:55,0E+00,,0001-01-01 00:00:00,0E+00,0E+00|,0E+00,0E+00,0E+00,0E+00,0E+00,0E+00 | 0E+00
fr-YB-USDT-loong_kc_bnfutures_mode_1,,0E+00,0E+00,0E+00,0E+00,0E+00,0E+00 | 0E+00,0E+00,0E+00,0E+00,0E+00,0E+00,0E+00,0E+00,0E+00,0E+00,0E+00,0E+00,0E+00,0E+00,,,0E+00,2025-12-05 16:05:21,0E+00,,0001-01-01 00:00:00,0E+00,0E+00|,0E+00,0E+00,0E+00,0E+00,0E+00,0E+00 | 0E+00
fr-ATH-USDT-loong_kc_bnfutures_mode_1,,0E+00,0E+00,0E+00,0E+00,0E+00,0E+00 | 0E+00,0E+00,0E+00,0E+00,0E+00,0E+00,0E+00,0E+00,0E+00,0E+00,0E+00,0E+00,0E+00,0E+00,,,0E+00,2025-12-09 00:19:19,0E+00,,0001-01-01 00:00:00,0E+00,0E+00|,0E+00,0E+00,0E+00,0E+00,0E+00,0E+00 | 0E+00
fr-ENS-USDT-loong_kc_bnfutures_mode_1,,0E+00,0E+00,0E+00,0E+00,0E+00,0E+00 | 0E+00,0E+00,0E+00,0E+00,0E+00,0E+00,0E+00,0E+00,0E+00,0E+00,0E+00,0E+00,0E+00,0E+00,,,0E+00,2025-11-16 18:03:30,0E+00,,0001-01-01 00:00:00,0E+00,0E+00|,0E+00,0E+00,0E+00,0E+00,0E+00,0E+00 | 0E+00
fr-ZRC-USDT-loong_kc_bnfutures_mode_2,,0E+00,0E+00,0E+00,0E+00,0E+00,0E+00 | 0E+00,0E+00,0E+00,0E+00,0E+00,0E+00,0E+00,0E+00,0E+00,0E+00,0E+00,0E+00,0E+00,0E+00,,,0E+00,2025-12-25 19:33:28,0E+00,,0001-01-01 00:00:00,0E+00,0E+00|,0E+00,0E+00,0E+00,0E+00,0E+00,0E+00 | 0E+00
fr-LINEA-USDT-loong_kc_bnfutures_mode_1,,0E+00,0E+00,0E+00,0E+00,0E+00,0E+00 | 0E+00,0E+00,0E+00,0E+00,0E+00,0E+00,0E+00,0E+00,0E+00,0E+00,0E+00,0E+00,0E+00,0E+00,,,0E+00,2025-11-16 14:52:33,0E+00,,0001-01-01 00:00:00,0E+00,0E+00|,0E+00,0E+00,0E+00,0E+00,0E+00,0E+00 | 0E+00
fr-INJ-USDT-loong_kc_bnfutures_mode_0,INJ-USDT-FTR,-9.959617999999715E-02,0E+00,-9.959617999999715E-02,0E+00,0E+00,-9.534E-05 | 0E+00,-1.849148297730598E-01,0E+00,-6.891127662365099E+04,-1.9395304150729999E+03,0E+00,0E+00,0E+00,0E+00,0E+00,-1.4452813077883804E-06,0E+00,0E+00,2.8013693664027573E-03,21_virtual@eisoky3tmanagedsub.com,precursor012,-4.393E+02,2025-12-30 19:06:03,0E+00,prod-strategy-ap71,2026-01-04 19:11:28,0E+00,4.5289855072461194E-04|,0E+00,7.149805300580163E-01,0E+00,0E+00,0E+00,-1.1650000000000043E-05 | 0E+00
fr-ZEN-USDT-loong_kc_bnfutures_mode_0,ZEN-USDT-FTR,-1.2968444999999995E-01,0E+00,-1.2968444999999995E-01,0E+00,0E+00,2.961E-05 | 0E+00,2.7289027256399995E-01,0E+00,-2.049326399053E+03,-9.216152399999999E+03,0E+00,0E+00,0E+00,0E+00,0E+00,-6.328150072137241E-05,0E+00,0E+00,8.330886434481188E-05,21_virtual@eisoky3tmanagedsub.com,precursor012,-1.0101E+03,2025-12-26 19:48:29,0E+00,prod-strategy-ap71,2026-01-27 04:50:33,0E+00,2.192261317550681E-04|,0E+00,9.240385726477762E-01,0E+00,0E+00,0E+00,-1.999999999999913E-07 | 0E+00
fr-AIN-USDT-loong_kc_bnfutures_mode_4,AIN-USDT-FTR,-4.607591E-01,0E+00,-4.607591E-01,0E+00,0E+00,5E-05 | 0E+00,-7.0036375E-03,0E+00,1.8010898665E+02,1.4007274999999998E+02,0E+00,0E+00,0E+00,0E+00,0E+00,-2.558223820865631E-03,0E+00,0E+00,7.321759551353112E-06,21_virtual@eisoky3tmanagedsub.com,precursor012,3.5150000000000005E+03,2025-12-27 13:38:10,0E+00,prod-strategy-ap71,2026-01-10 10:47:08,0E+00,1.5052684395382432E-03|,0E+00,1.3084958011366574E+00,0E+00,0E+00,0E+00,2.716570000000002E-03 | 0E+00
fr-AIN-USDT-loong_kc_bnfutures_mode_3,AIN-USDT-FTR,-4.607591E-01,0E+00,-4.607591E-01,0E+00,0E+00,5E-05 | 0E+00,-7.0036375E-03,0E+00,1.8010898665E+02,1.4007274999999998E+02,0E+00,0E+00,0E+00,0E+00,0E+00,-2.558223820865631E-03,0E+00,0E+00,7.321759551353112E-06,21_virtual@eisoky3tmanagedsub.com,precursor012,3.5150000000000005E+03,2025-12-16 08:40:37,0E+00,prod-strategy-ap71,2025-12-27 20:42:49,0E+00,1.5052684395382432E-03|,0E+00,1.3084958011366574E+00,0E+00,0E+00,0E+00,2.716570000000002E-03 | 0E+00
fr-AIN-USDT-loong_kc_bnfutures_mode_5,AIN-USDT-FTR,-4.607591E-01,0E+00,-4.607591E-01,0E+00,0E+00,5E-05 | 0E+00,-7.0036375E-03,0E+00,1.8010898665E+02,1.4007274999999998E+02,0E+00,0E+00,0E+00,0E+00,0E+00,-2.558223820865631E-03,0E+00,0E+00,7.321759551353112E-06,21_virtual@eisoky3tmanagedsub.com,precursor012,3.5150000000000005E+03,2026-01-11 23:23:34,0E+00,prod-strategy-ap71,2026-01-16 17:01:02,0E+00,1.5052684395382432E-03|,0E+00,1.3084958011366574E+00,0E+00,0E+00,0E+00,2.716570000000002E-03 | 0E+00
fr-ENS-USDT-loong_kc_bnfutures_mode_3,ENS-USDT-FTR,-4.718085E-01,0E+00,-4.718085E-01,0E+00,0E+00,-5.987E-05 | 0E+00,-1.177294287682782E-01,0E+00,-1.993979576486E+03,-1.96641771786E+03,0E+00,0E+00,0E+00,0E+00,0E+00,-2.3661651581781518E-04,0E+00,0E+00,8.105891483199573E-05,21_virtual@eisoky3tmanagedsub.com,precursor012,-2.246E+02,2026-01-02 22:06:02,0E+00,prod-strategy-ap71,2026-01-10 10:47:07,0E+00,9.13659205116435E-04|,0E+00,6.484262137216943E-01,0E+00,0E+00,0E+00,-2.0335000000000006E-04 | 0E+00
fr-ENS-USDT-loong_kc_bnfutures_mode_2,ENS-USDT-FTR,-4.718085E-01,0E+00,-4.718085E-01,0E+00,0E+00,-5.987E-05 | 0E+00,-1.177294287682782E-01,0E+00,-1.993979576486E+03,-1.96641771786E+03,0E+00,0E+00,0E+00,0E+00,0E+00,-2.3661651581781518E-04,0E+00,0E+00,8.105891483199573E-05,21_virtual@eisoky3tmanagedsub.com,precursor012,-2.246E+02,2025-12-22 16:38:43,0E+00,prod-strategy-ap71,2025-12-29 11:12:34,0E+00,9.13659205116435E-04|,0E+00,6.484262137216943E-01,0E+00,0E+00,0E+00,-2.0335000000000006E-04 | 0E+00
fr-ENS-USDT-loong_kc_bnfutures_mode_4,ENS-USDT-FTR,-4.7180850000000013E-01,0E+00,-4.7180850000000013E-01,0E+00,0E+00,-5.987E-05 | 0E+00,-1.177294287682782E-01,0E+00,-1.993979576486E+03,-1.96641771786E+03,0E+00,0E+00,0E+00,0E+00,0E+00,-2.3661651581781523E-04,0E+00,0E+00,8.105891483199573E-05,21_virtual@eisoky3tmanagedsub.com,precursor012,-2.246E+02,1970-01-01 00:00:00,0E+00,prod-strategy-ap71,2026-01-21 06:33:29,0E+00,9.13659205116435E-04|,0E+00,6.322584556352805E-01,0E+00,0E+00,0E+00,-2.0335000000000006E-04 | 0E+00
fr-MON-USDT-loong_kc_bnfutures_mode_1,MON-USDT-FTR,-5.2625438E-01,0E+00,-5.2625438E-01,0E+00,0E+00,5E-05 | 0E+00,7.84399498545E-02,0E+00,-1.4686469136300002E+03,-1.5687989970899998E+03,0E+00,0E+00,0E+00,0E+00,0E+00,-3.583260041035163E-04,0E+00,0E+00,5.970318176478244E-05,21_virtual@eisoky3tmanagedsub.com,precursor012,-8.2069E+04,2026-01-03 13:21:46,0E+00,prod-strategy-ap71,2026-01-08 19:12:20,0E+00,0E+00|,0E+00,8.392777248910787E-01,0E+00,0E+00,0E+00,-3.751899999999998E-04 | 0E+00
fr-MON-USDT-loong_kc_bnfutures_mode_2,MON-USDT-FTR,-5.2625438E-01,0E+00,-5.2625438E-01,0E+00,0E+00,5E-05 | 0E+00,7.84399498545E-02,0E+00,-1.4686469136300002E+03,-1.5687989970899998E+03,0E+00,0E+00,0E+00,0E+00,0E+00,-3.583260041035163E-04,0E+00,0E+00,5.970318176478244E-05,21_virtual@eisoky3tmanagedsub.com,precursor012,-8.2069E+04,2026-01-08 12:22:42,0E+00,prod-strategy-ap71,2026-01-11 06:22:27,0E+00,0E+00|,0E+00,8.392777248910787E-01,0E+00,0E+00,0E+00,-3.751899999999998E-04 | 0E+00
fr-ICP-USDT-loong_kc_bnfutures_mode_0,ICP-USDT-FTR,-6.9387E-01,0E+00,-6.9387E-01,0E+00,0E+00,5.11E-06 | 0E+00,6.8125065914752E-03,0E+00,-1.37492367188E+03,-1.3331715443199998E+03,0E+00,0E+00,0E+00,0E+00,0E+00,-5.046607416768364E-04,0E+00,0E+00,5.589316065905967E-05,21_virtual@eisoky3tmanagedsub.com,precursor012,-4.07E+02,2026-01-03 12:46:17,0E+00,prod-strategy-ap71,2026-01-13 13:45:11,0E+00,3.050640634532087E-04|,0E+00,8.389174819806585E-01,0E+00,0E+00,0E+00,-4.3944000000000003E-04 | 0E+00
fr-MANA-USDT-loong_kc_bnfutures_mode_0,MANA-USDT-FTR,-1.1555482108441257E+00,1.3765732891558744E+00,-2.5321215E+00,6.010014086496085E-02,-8.615999966859818E-01,-6.441E-05 | 0E+00,-1.1407779463858561E-01,8.671649858802557E+02,-1.8132258988800002E+03,-1.7711193081600002E+03,4.78244319373493E-01,-1.2642912883520128E+00,0E+00,-1.3325586591473517E-03,1.58744104244306E-03,-1.396473269857909E-03,-9.935825485520209E-04,6.93064662936701E-05,7.371094741476896E-05,21_virtual@eisoky3tmanagedsub.com,precursor012,-1.2384E+04,2026-01-17 12:32:12,3E+00,prod-strategy-ap71,2026-01-19 02:59:08,0E+00,1.4664804469275428E-03|,0E+00,1.036501801020658E+00,0E+00,0E+00,0E+00,-1.2709399999999997E-03 | 0E+00
fr-STX-USDT-loong_kc_bnfutures_mode_0,STX-USDT-FTR,-1.23880438E+00,0E+00,-1.23880438E+00,0E+00,0E+00,-9.369E-05 | 0E+00,-1.5639892808400002E-01,0E+00,-1.7626801500000001E+03,-1.6693236000000002E+03,0E+00,0E+00,0E+00,0E+00,0E+00,-7.027958986206317E-04,0E+00,0E+00,7.165617032382009E-05,21_virtual@eisoky3tmanagedsub.com,precursor012,-5.598000000000001E+03,2026-01-09 01:37:49,0E+00,prod-strategy-ap71,2026-01-19 08:00:58,0E+00,6.709158000672844E-04|,0E+00,7.955218760262189E-01,0E+00,0E+00,0E+00,-6.5653E-04 | 0E+00
fr-SPX-USDT-loong_kc_bnfutures_mode_5,SPX-USDT-FTR,-1.39117668472362E+00,-1.65033372472362E+00,2.5915704E-01,1.1290476210706402E-01,-2.808100014925003E+00,4.592E-05 | 0E+00,7.664963368600385E-01,1.6170784894824028E+03,-1.5132838324800002E+03,-1.669199339852E+04,1.0685890212890874E+00,4.7300000000000003E-01,0E+00,-8.603025108378691E-04,-1.0205650099593259E-03,1.712547470855406E-04,-1.736526725937604E-03,6.982021147483247E-05,6.151775411351294E-05,21_virtual@eisoky3tmanagedsub.com,precursor012,-4.4077E+04,2026-01-25 14:25:25,5E+00,prod-strategy-ap71,2026-01-27 12:50:49,-5.433260828419852E-01,1.055966209081216E-03|,8.333333333333333E-02,1.1075897640883194E+00,1.9E+01,0E+00,1E+00,-4.7993E-04 | 0E+00
fr-IR-USDT-loong_kc_bnfutures_mode_3,IR-USDT-FTR,-1.3972411751558855E+00,-9.194621815155886E+00,7.79738064E+00,2.9322381042220513E-01,-1.3681660046102484E+01,5E-05 | 0E+00,1.726796720215E+00,4.219631284698844E+03,-2.5278000827800002E+04,-3.45359344043E+04,1.6692899543140363E-01,2.43728E-01,0E+00,-3.311287363477795E-04,-2.179010722689745E-03,3.084650836558511E-04,-3.242382834660149E-03,6.949038686993539E-05,1.0275969425096788E-03,21_virtual@eisoky3tmanagedsub.com,precursor012,-6.13865E+05,2026-01-25 07:39:35,1.4E+01,prod-strategy-ap71,2026-01-27 12:50:29,-3.0406910076271174E+00,-4.8145506419394746E-04|,6.086956521739131E-01,1.586933407050759E+00,0E+00,1E+00,1.4E+01,2.6556500000000003E-03 | 0E+00
fr-DOGE-USDT-loong_kc_bnfutures_mode_0,DOGE-USDT-FTR,-1.4063147607506608E+00,-1.4476011580750662E+01,1.306969682E+01,1.2998562981956638E+00,-3.1251120176166296E+01,-2.938E-05 | 0E+00,-1.411484790889992E+00,1.6126919001698494E+04,-3.5790893039999995E+04,-4.80423686484E+04,4.505872201533224E-01,2.011586788062668E+01,0E+00,-8.720294066104921E-05,-8.976303272327493E-04,3.651682232514644E-04,-1.9378233482089738E-03,8.060165106916966E-05,1.4549652287829226E-03,21_virtual@eisoky3tmanagedsub.com,precursor012,-3.93295E+05,2026-01-03 21:26:26,7.2E+02,prod-strategy-ap71,2026-01-27 12:50:41,-8.377760092980122E+00,6.549324600901851E-04|,0E+00,5.537271372665206E-01,6E+00,0E+00,0E+00,3.1741E-04 | 0E+00
fr-BOME-USDT-loong_kc_bnfutures_mode_0,BOME-USDT-FTR,-1.5733743199999999E+00,0E+00,-1.5733743199999999E+00,0E+00,0E+00,5E-05 | 0E+00,7.907024754000001E-02,0E+00,-1.5440134793999998E+03,-1.5814049508E+03,0E+00,0E+00,0E+00,0E+00,0E+00,-1.019015922459051E-03,0E+00,0E+00,6.276697043542497E-05,21_virtual@eisoky3tmanagedsub.com,precursor012,-2.7739080000000005E+06,2026-01-04 12:37:09,0E+00,prod-strategy-ap71,2026-01-14 07:44:39,0E+00,1.755309812181416E-04|,0E+00,8.78855514762835E-01,0E+00,0E+00,0E+00,-9.687399999999998E-04 | 0E+00
fr-XRP-USDT-loong_kc_bnfutures_mode_1,XRP-USDT-FTR,-1.6889194761882536E+00,-5.403085606188253E+00,3.7141661299999997E+00,8.099184900784167E-01,-1.1150219939649174E+01,-2.327E-05 | 0E+00,-3.5525585417644306E-01,1.161117252254486E+04,-4.871108070599999E+03,-1.5266689049266999E+04,2.3836819783624E+00,8.875048927086592E+00,0E+00,-1.454564104451087E-04,-4.653350551546228E-04,7.624889606570578E-04,-9.603009444566707E-04,6.975337662977933E-05,1.9801944758534223E-04,21_virtual@eisoky3tmanagedsub.com,precursor012,-8.0533E+03,2026-01-17 21:31:40,7.16E+02,prod-strategy-ap71,2026-01-27 12:50:32,-3.0427530696918335E+00,6.751410939396241E-04|,0E+00,5.620577752070728E-01,3E+00,0E+00,0E+00,1.8574E-04 | 0E+00
fr-SNX-USDT-loong_kc_bnfutures_mode_1,SNX-USDT-FTR,-2.19246517E+00,0E+00,-2.19246517E+00,0E+00,0E+00,1E-04 | 0E+00,2.2004816000000002E-01,0E+00,-2.19700553088E+03,-2.2004816E+03,0E+00,0E+00,0E+00,0E+00,0E+00,-9.979333866864772E-04,0E+00,0E+00,8.931229101497061E-05,21_virtual@eisoky3tmanagedsub.com,precursor012,-5.3216E+03,2025-12-18 23:30:23,0E+00,prod-strategy-ap71,2026-01-26 12:52:06,0E+00,0E+00|,0E+00,1.370718767115077E+00,0E+00,0E+00,0E+00,-9.624499999999997E-04 | 0E+00
fr-SNX-USDT-loong_kc_bnfutures_mode_0,SNX-USDT-FTR,-2.19246517E+00,0E+00,-2.19246517E+00,0E+00,0E+00,1E-04 | 0E+00,2.2004816000000002E-01,0E+00,-2.19700553088E+03,-2.2004816E+03,0E+00,0E+00,0E+00,0E+00,0E+00,-9.979333866864772E-04,0E+00,0E+00,8.931229101497061E-05,21_virtual@eisoky3tmanagedsub.com,precursor012,-5.3216E+03,2025-12-09 16:02:21,0E+00,prod-strategy-ap71,2026-01-10 10:47:07,0E+00,0E+00|,0E+00,1.370718767115077E+00,0E+00,0E+00,0E+00,-9.624499999999997E-04 | 0E+00
fr-SAND-USDT-loong_kc_bnfutures_mode_3,SAND-USDT-FTR,-2.55724025E+00,0E+00,-2.55724025E+00,0E+00,0E+00,-2.8139E-04 | 0E+00,-2.574292137872E-01,0E+00,-9.2881624108E+02,-9.148484800000001E+02,0E+00,0E+00,0E+00,0E+00,0E+00,-2.7532251665049663E-03,0E+00,0E+00,3.77580781007597E-05,21_virtual@eisoky3tmanagedsub.com,precursor012,-6.916E+03,2026-01-17 02:23:23,0E+00,prod-strategy-ap71,2026-01-18 03:24:05,0E+00,1.3607499244026044E-03|,0E+00,1.4069825385417833E+00,0E+00,0E+00,0E+00,-2.36122E-03 | 0E+00
fr-SAND-USDT-loong_kc_bnfutures_mode_0,SAND-USDT-FTR,-2.55724025E+00,0E+00,-2.55724025E+00,0E+00,0E+00,-2.8139E-04 | 0E+00,-2.574292137872E-01,0E+00,-9.2881624108E+02,-9.148484800000001E+02,0E+00,0E+00,0E+00,0E+00,0E+00,-2.7532251665049663E-03,0E+00,0E+00,3.77580781007597E-05,21_virtual@eisoky3tmanagedsub.com,precursor012,-6.916E+03,2026-01-03 08:05:43,0E+00,prod-strategy-ap71,2026-01-12 10:45:52,0E+00,1.3607499244026044E-03|,0E+00,1.4069825385417833E+00,0E+00,0E+00,0E+00,-2.36122E-03 | 0E+00
fr-SAND-USDT-loong_kc_bnfutures_mode_2,SAND-USDT-FTR,-2.55724025E+00,0E+00,-2.55724025E+00,0E+00,0E+00,-2.8139E-04 | 0E+00,-2.574292137872E-01,0E+00,-9.2881624108E+02,-9.148484800000001E+02,0E+00,0E+00,0E+00,0E+00,0E+00,-2.7532251665049663E-03,0E+00,0E+00,3.77580781007597E-05,21_virtual@eisoky3tmanagedsub.com,precursor012,-6.916E+03,2026-01-13 13:05:35,0E+00,prod-strategy-ap71,2026-01-17 10:11:40,0E+00,1.3607499244026044E-03|,0E+00,1.4069825385417833E+00,0E+00,0E+00,0E+00,-2.36122E-03 | 0E+00
fr-SAND-USDT-loong_kc_bnfutures_mode_1,SAND-USDT-FTR,-2.5572402500000004E+00,0E+00,-2.5572402500000004E+00,0E+00,0E+00,-2.8139E-04 | 0E+00,-2.574292137872E-01,0E+00,-9.2881624108E+02,-9.148484800000001E+02,0E+00,0E+00,0E+00,0E+00,0E+00,-2.7532251665049667E-03,0E+00,0E+00,3.77580781007597E-05,21_virtual@eisoky3tmanagedsub.com,precursor012,-6.916E+03,2026-01-12 03:30:15,0E+00,prod-strategy-ap71,2026-01-13 02:45:20,0E+00,1.3607499244026044E-03|,0E+00,1.4069825385417833E+00,0E+00,0E+00,0E+00,-2.36122E-03 | 0E+00
fr-TON-USDT-loong_kc_bnfutures_mode_1,TON-USDT-FTR,-2.5767237499999998E+00,0E+00,-2.5767237499999998E+00,0E+00,0E+00,1.959E-05 | 0E+00,3.2103568555199996E-02,0E+00,-1.6471975755360002E+03,-1.6387732799999999E+03,0E+00,0E+00,0E+00,0E+00,0E+00,-1.564307638785548E-03,0E+00,0E+00,6.696159256663276E-05,21_virtual@eisoky3tmanagedsub.com,precursor012,-1.0832E+03,2026-01-12 03:00:26,0E+00,prod-strategy-ap71,2026-01-13 12:18:33,0E+00,6.60807506773109E-04|,0E+00,4.610369083900792E-01,0E+00,0E+00,0E+00,-1.5104100000000002E-03 | 0E+00
fr-TON-USDT-loong_kc_bnfutures_mode_0,TON-USDT-FTR,-2.5767237499999998E+00,0E+00,-2.5767237499999998E+00,0E+00,0E+00,1.959E-05 | 0E+00,3.2103568555199996E-02,0E+00,-1.6471975755360002E+03,-1.6387732799999999E+03,0E+00,0E+00,0E+00,0E+00,0E+00,-1.564307638785548E-03,0E+00,0E+00,6.696159256663276E-05,21_virtual@eisoky3tmanagedsub.com,precursor012,-1.0832E+03,2026-01-03 15:12:02,0E+00,prod-strategy-ap71,2026-01-12 10:45:51,0E+00,6.60807506773109E-04|,0E+00,4.610369083900792E-01,0E+00,0E+00,0E+00,-1.5104100000000002E-03 | 0E+00
fr-EUL-USDT-loong_kc_bnfutures_mode_0,EUL-USDT-FTR,-2.6522609747524357E+00,6.509119652475643E-01,-3.30317294E+00,3.171076689613983E-01,-1.1632100196555257E+01,5E-05 | 0E+00,7.347501034559999E-02,4.603514639616013E+03,-1.5791892E+03,-1.4695002069119996E+03,2.9151127930814194E+00,-2.7871659986972808E+00,0E+00,-5.7613827312031E-04,1.4139456832526942E-04,-2.0916891655540703E-03,-2.5267868372686464E-03,6.888381894835222E-05,6.419692777997027E-05,21_virtual@eisoky3tmanagedsub.com,precursor012,-8.004E+02,2025-11-30 17:13:41,5E+00,prod-strategy-ap71,2026-01-25 11:28:49,-1.521317085791292E+00,0E+00|,0E+00,1.0522214539303447E+00,0E+00,0E+00,0E+00,-6.146999999999945E-05 | 0E+00
fr-TWT-USDT-loong_kc_bnfutures_mode_3,TWT-USDT-FTR,-3.0634700803729027E+00,-4.1397961003729025E+00,1.07632602E+00,2.8566861926810816E-01,-8.233000099891797E+00,-9.8E-07 | 0E+00,-1.8809423219999998E-03,4.119101354837418E+03,-1.880736E+03,-1.9193289E+03,2.1901539369892515E+00,3.8411270240783693E+00,0E+00,-7.437229182950801E-04,-1.0050240923329505E-03,5.722897950589557E-04,-1.9987369551426725E-03,6.935217045160172E-05,7.645535643556212E-05,21_virtual@eisoky3tmanagedsub.com,precursor012,-2.278E+03,2026-01-22 06:07:18,5E+00,prod-strategy-ap71,2026-01-25 18:07:58,-4.332522792876745E+00,1.3042447237372468E-03|,0E+00,4.9828793258083226E-01,0E+00,0E+00,0E+00,9.662700000000004E-04 | 0E+00
fr-LDO-USDT-loong_kc_bnfutures_mode_1,LDO-USDT-FTR,-3.1790970070032865E+00,-7.266326847003286E+00,4.087229839999999E+00,5.636900123208761E-01,-1.3197800118476152E+01,-4.691E-05 | 0E+00,-1.7728130278460912E+00,5.266439285635948E+03,-3.63147888E+04,-3.7791793388319995E+04,1.4502188941922053E-01,2.866985263633728E+00,0E+00,-6.036520758293324E-04,-1.37974188116475E-03,1.1255000992873733E-04,-2.5060196088223683E-03,1.070343702353739E-04,1.4762625491223432E-03,21_virtual@eisoky3tmanagedsub.com,precursor012,-7.3511E+04,2026-01-03 08:37:00,4.8E+02,prod-strategy-ap71,2026-01-27 12:50:45,-7.604067641810155E+00,5.841121495329116E-04|,0E+00,7.328436662164644E-01,8E+00,0E+00,0E+00,1.1012000000000004E-04 | 0E+00
fr-BRETT-USDT-loong_kc_bnfutures_mode_0,BRETT-USDT-FTR,-3.4043447300000005E+00,0E+00,-3.4043447300000005E+00,0E+00,0E+00,-3.1134E-04 | 0E+00,-6.386870697498E-01,0E+00,-2.07019071E+03,-2.05141347E+03,0E+00,0E+00,0E+00,0E+00,0E+00,-1.6444594759098309E-03,0E+00,0E+00,8.415703672532423E-05,21_virtual@eisoky3tmanagedsub.com,precursor012,-1.56477E+05,2026-01-04 23:28:57,0E+00,prod-strategy-ap71,2026-01-19 08:10:37,0E+00,0E+00|,0E+00,9.59345163419798E-01,0E+00,0E+00,0E+00,-1.547510000000001E-03 | 0E+00
fr-BIGTIME-USDT-loong_kc_bnfutures_mode_0,BIGTIME-USDT-FTR,-3.651887839726935E+00,-1.8196375997269352E+00,-1.8322502399999998E+00,1.5178489097525016E-01,-3.6072099655866623E+00,-8.586E-05 | 0E+00,-1.77579262413E-01,2.1739798761084676E+03,-4.1972036754E+02,-2.0682420500000003E+03,5.179591090254356E+00,1.5680365552902223E-01,0E+00,-1.6798167636510033E-03,-8.370075637425758E-04,-4.365407022630093E-03,-1.6592655733519246E-03,6.981890340537682E-05,1.7062400200525663E-05,21_virtual@eisoky3tmanagedsub.com,precursor012,-9.7055E+04,2026-01-19 07:59:34,4E+00,prod-strategy-ap71,2026-01-21 22:10:33,-8.003102445992054E-01,0E+00|,0E+00,9.569961764743061E-01,0E+00,0E+00,0E+00,-1.0662099999999997E-03 | 0E+00
fr-RENDER-USDT-loong_kc_bnfutures_mode_2,RENDER-USDT-FTR,-4.1179446E+00,0E+00,-4.1179446E+00,0E+00,0E+00,-9.43E-06 | 0E+00,-2.653614844403084E-02,0E+00,-2.8565959999999995E+03,-2.814013620788E+03,0E+00,0E+00,0E+00,0E+00,0E+00,-1.4415565239186785E-03,0E+00,0E+00,1.1612584933366563E-04,21_virtual@eisoky3tmanagedsub.com,precursor012,-1.4956E+03,2025-12-18 17:17:20,0E+00,prod-strategy-ap71,2026-01-02 00:02:57,0E+00,1.0626992561104665E-03|,0E+00,9.295278357588246E-01,0E+00,0E+00,0E+00,-1.3424399999999996E-03 | 0E+00
fr-INJ-USDT-loong_kc_bnfutures_mode_1,INJ-USDT-FTR,-5.738298948024233E+00,-5.6387027680242365E+00,-9.959617999999626E-02,3.55096694547683E-01,-8.590599946677685E+00,-9.534E-05 | 0E+00,-1.849148297730598E-01,5.089024393081665E+03,-6.891127662365099E+04,-1.9395304150729999E+03,7.384893507160865E-02,7.536519050598153E-03,0E+00,-1.1275833057167563E-03,-1.1080125250902389E-03,-1.4452813077883675E-06,-1.688064210962769E-03,6.97769684559625E-05,2.8013693664027573E-03,21_virtual@eisoky3tmanagedsub.com,precursor012,-4.393E+02,2026-01-04 18:31:23,6.7E+02,prod-strategy-ap71,2026-01-27 09:40:14,-3.8066530377152774E+00,4.5289855072461194E-04|,4.131455399061033E-01,7.186819178691478E-01,0E+00,0E+00,8.8E+01,-1.1650000000000043E-05 | 0E+00
fr-TUT-USDT-loong_kc_bnfutures_mode_18,TUT-USDT-FTR,-6.126858867204E+00,-2.9714240247204E+01,2.358738138E+01,8.994676714355592E-01,-5.3090450052171946E+01,5E-05 | 0E+00,4.2250851392100003E-01,1.2939593050986528E+04,-8.9517099E+03,-8.45017027842E+03,1.445488425734901E+00,8.935504229564668E+00,0E+00,-4.734970290844565E-04,-2.296381356826253E-03,2.634958197204313E-03,-4.10294588423121E-03,6.951282531771606E-05,3.6390337139941497E-04,21_virtual@eisoky3tmanagedsub.com,precursor012,-5.94798E+05,2026-01-19 10:06:56,1.17E+02,prod-strategy-ap71,2026-01-22 02:10:29,-1.246349336954935E+01,0E+00|,0E+00,7.796516323996134E-01,0E+00,0E+00,0E+00,2.099999999999999E-03 | 0E+00
fr-ZEC-USDT-loong_kc_bnfutures_mode_2,ZEC-USDT-FTR,-6.96389116E+00,0E+00,-6.96389116E+00,0E+00,0E+00,1E-04 | 0E+00,1.5122641700000003E-01,0E+00,-1.4285091745704701E+03,-1.5122641700000001E+03,0E+00,0E+00,0E+00,0E+00,0E+00,-4.87493625100023E-03,0E+00,0E+00,5.807150929915518E-05,21_virtual@eisoky3tmanagedsub.com,precursor012,-4.073E+00,2025-12-21 03:47:23,0E+00,prod-strategy-ap71,2026-01-02 21:57:44,0E+00,4.6863637587857276E-04|,0E+00,1.0005220496551932E+00,0E+00,0E+00,0E+00,-4.61335E-03 | 0E+00
fr-JUP-USDT-loong_kc_bnfutures_mode_0,JUP-USDT-FTR,-7.02271929565256E+00,4.6744659643474415E+00,-1.1697185260000001E+01,9.48693365091458E-01,-9.845900041982532E+00,-1.5902E-04 | 0E+00,-3.04262141454E-01,1.21092420129776E+04,-1.9008199670400002E+03,-1.9133577E+03,6.370535991282955E+00,-4.18977978515625E-01,0E+00,-5.799470592896103E-04,3.8602465450255003E-04,-6.153757569274234E-03,-8.130897071369602E-04,7.834457054163535E-05,7.727180640976546E-05,21_virtual@eisoky3tmanagedsub.com,precursor012,-9.981E+03,2026-01-14 14:41:53,5.26E+02,prod-strategy-ap71,2026-01-20 07:23:42,2.324614395238347E+00,1.044386422976551E-03|,0E+00,8.090486766116413E-01,0E+00,0E+00,0E+00,-2.1404500000000008E-03 | 0E+00
fr-POL-USDT-loong_kc_bnfutures_mode_0,POL-USDT-FTR,-7.089965607142677E+00,-3.1876974371426754E+00,-3.902268170000001E+00,3.760085767135024E-01,-8.176352795679122E+00,-1.9266E-04 | 0E+00,-3.8015234054459995E-01,5.39657050678134E+03,-1.17708976E+03,-1.9731773099999998E+03,4.584672036210169E+00,8.367185603618622E-01,0E+00,-1.3137909711794583E-03,-5.906894819843472E-04,-3.3151831768547546E-03,-1.5151016345296895E-03,6.967546819614594E-05,4.7850850495471065E-05,21_virtual@eisoky3tmanagedsub.com,precursor012,-1.6783E+04,2026-01-20 02:10:01,8.3E+01,prod-strategy-ap71,2026-01-26 00:16:47,4.7780758538593704E-01,5.955926146514745E-04|,0E+00,8.419774056640711E-01,0E+00,0E+00,0E+00,-1.0465300000000004E-03 | 0E+00
fr-ETHFI-USDT-loong_kc_bnfutures_mode_2,ETHFI-USDT-FTR,-7.175230746267208E+00,-7.794862146267208E+00,6.196313999999999E-01,3.743435207288712E-01,-1.101984989643097E+01,5E-05 | 0E+00,9.638440000000001E-01,5.39454967212677E+03,-2.0041215599999998E+03,-1.927688E+04,2.6917277772944925E+00,7.746224581718444E+00,0E+00,-1.3300889198112462E-03,-1.4449514083710584E-03,3.0917855102561746E-04,-2.042774757153447E-03,6.939291386324161E-05,8.147120500165615E-05,21_virtual@eisoky3tmanagedsub.com,precursor012,-3.248E+04,2026-01-23 05:52:38,1.05E+02,prod-strategy-ap71,2026-01-27 12:50:47,-4.243380359092493E+00,5.054759898903693E-04|,0E+00,7.733739817367089E-01,8E+00,0E+00,0E+00,-1.1562999999999992E-04 | 0E+00
fr-WLFI-USDT-loong_kc_bnfutures_mode_0,WLFI-USDT-FTR,-7.189483709999999E+00,0E+00,-7.189483709999999E+00,0E+00,0E+00,4.106E-05 | 0E+00,8.738004878399999E-02,0E+00,-2.14546539888E+03,-2.1281063999999997E+03,0E+00,0E+00,0E+00,0E+00,0E+00,-3.351013590689057E-03,0E+00,0E+00,8.721709043243489E-05,21_virtual@eisoky3tmanagedsub.com,precursor012,-1.3452000000000002E+04,2026-01-03 14:18:37,0E+00,prod-strategy-ap71,2026-01-15 17:06:35,0E+00,0E+00|,0E+00,1.1497908843343279E+00,0E+00,0E+00,0E+00,-3.18964E-03 | 0E+00
fr-ONDO-USDT-loong_kc_bnfutures_mode_1,ONDO-USDT-FTR,-7.48149005E+00,0E+00,-7.48149005E+00,0E+00,0E+00,3.884E-05 | 0E+00,2.949627642528E-01,0E+00,-7.499860009110001E+03,-7.59430392E+03,0E+00,0E+00,0E+00,0E+00,0E+00,-9.975506264000011E-04,0E+00,0E+00,3.0488301931441903E-04,21_virtual@eisoky3tmanagedsub.com,precursor012,-2.27647E+04,2025-12-09 16:06:04,0E+00,prod-strategy-ap71,2026-01-17 06:11:50,0E+00,5.397301349323591E-04|,0E+00,7.455509936585327E-01,0E+00,0E+00,0E+00,-9.574000000000001E-04 | 0E+00
fr-ONDO-USDT-loong_kc_bnfutures_mode_0,ONDO-USDT-FTR,-7.481490050000001E+00,0E+00,-7.481490050000001E+00,0E+00,0E+00,3.884E-05 | 0E+00,2.949627642528E-01,0E+00,-7.499860009110001E+03,-7.59430392E+03,0E+00,0E+00,0E+00,0E+00,0E+00,-9.975506264000014E-04,0E+00,0E+00,3.0488301931441903E-04,21_virtual@eisoky3tmanagedsub.com,precursor012,-2.27647E+04,2026-01-03 03:07:26,0E+00,prod-strategy-ap71,2026-01-10 14:46:23,0E+00,5.397301349323591E-04|,0E+00,7.455509936585327E-01,0E+00,0E+00,0E+00,-9.574000000000001E-04 | 0E+00
fr-XLM-USDT-loong_kc_bnfutures_mode_1,XLM-USDT-FTR,-7.736864423585033E+00,1.0319171206414968E+01,-1.805603563E+01,3.080802747805137E+00,-1.9970653746509967E+01,-1.843E-05 | 0E+00,-3.57626850628944E-02,4.407724767303467E+04,-1.96292936151E+03,-1.94046039408E+03,2.2454831303316933E+01,-9.211320545578003E+00,0E+00,-1.7552966285411346E-04,2.3411559820982135E-04,-9.19851523139388E-03,-4.5308304852999026E-04,6.989553364716767E-05,7.979666683260033E-05,21_virtual@eisoky3tmanagedsub.com,precursor012,-9.399E+03,2026-01-04 22:53:10,6.83E+02,prod-strategy-ap71,2026-01-21 22:50:31,5.894626052247204E+00,7.75043596202174E-04|,0E+00,5.728059716212767E-01,0E+00,0E+00,0E+00,-5.295699999999999E-04 | 0E+00
fr-LINEA-USDT-loong_kc_bnfutures_mode_0,LINEA-USDT-FTR,-7.849749267243823E+00,3.608752052275617E+01,-4.3937269789999995E+01,3.013467348893755E+00,-3.6604348180349916E+01,-3.653E-05 | 0E+00,-8.40429859633E-02,4.320544170039892E+04,-1.85031091654E+03,-2.30065661E+03,2.3350368478175113E+01,-4.976466E+00,0E+00,-1.8168427305237676E-04,8.352540583429094E-04,-2.3745884757660488E-02,-8.472161547190465E-04,6.974740288017774E-05,7.52185211750492E-05,21_virtual@eisoky3tmanagedsub.com,precursor012,-3.63166E+05,2026-01-03 07:21:22,8.8E+02,prod-strategy-ap71,2026-01-20 12:52:11,1.7882925364654263E+01,1.2626262626262985E-03|,0E+00,2.2550876924135115E+00,0E+00,0E+00,0E+00,-4.029370000000001E-03 | 0E+00
fr-SSV-USDT-loong_kc_bnfutures_mode_1,SSV-USDT-FTR,-8.394867050427516E+00,-9.090184000427517E+00,6.953169499999998E-01,4.580243711352523E-01,-1.706404005177319E+01,8.08E-05 | 0E+00,1.6662572033256512E-01,6.5686091988012195E+03,-1.95209454E+03,-2.0621995090664E+03,3.3649032176490894E+00,3.234050154276192E+00,0E+00,-1.2780280872790532E-03,-1.3838826036547413E-03,3.5619020275524146E-04,-2.5978163010348374E-03,6.972927712290181E-05,7.935621153187618E-05,21_virtual@eisoky3tmanagedsub.com,precursor012,-4.9258E+02,2026-01-22 06:46:39,6E+00,prod-strategy-ap71,2026-01-25 19:50:24,-6.076804301457897E+00,2.389486260454543E-04|,0E+00,1.4004618312316957E+00,0E+00,0E+00,0E+00,8.595400000000002E-04 | 0E+00
fr-S-USDT-loong_kc_bnfutures_mode_1,S-USDT-FTR,-8.758981070846772E+00,-8.949329590846773E+00,1.903485199999999E-01,4.844445763155818E-01,-1.4530740050598979E+01,5E-05 | 0E+00,9.8142615059E-02,6.946774166107178E+03,-1.759841216E+03,-1.96285230118E+03,3.9473869022665156E+00,4.451694335937499E-02,0E+00,-1.260870277542809E-03,-1.2882712719394164E-03,1.0816232639024628E-04,-2.091724835606926E-03,6.973662375252572E-05,7.154076246707302E-05,21_virtual@eisoky3tmanagedsub.com,precursor012,-2.9482E+04,2026-01-22 21:20:20,5E+00,prod-strategy-ap71,2026-01-27 12:04:26,-2.5355753580252127E+00,7.513148009017367E-04|,7.936507936507936E-01,7.240251764964797E-01,0E+00,0E+00,5E+01,2.3103E-04 | 0E+00
fr-MUBARAK-USDT-loong_kc_bnfutures_mode_10,MUBARAK-USDT-FTR,-9.027946867624362E+00,-1.6138707137624362E+01,7.11076027E+00,8.271358598467486E-01,-3.342221993301064E+01,-6.854E-05 | 0E+00,-2.3460580246300003E-01,1.1916953154936433E+04,-1.9751156864799998E+03,-3.4229034500000002E+03,6.033546913990906E+00,1.190503597360611E+01,0E+00,-7.575717341713859E-04,-1.3542645446197063E-03,3.600174065081025E-03,-2.8045943873804646E-03,6.940833358098073E-05,8.029206321955784E-05,21_virtual@eisoky3tmanagedsub.com,precursor012,-1.90691E+05,2026-01-22 04:03:13,4.9E+01,prod-strategy-ap71,2026-01-24 15:29:24,-1.03702944180201E+01,-5.561735261401246E-04|,0E+00,8.258632975395782E-01,0E+00,0E+00,0E+00,1.875429999999999E-03 | 0E+00
fr-ARKM-USDT-loong_kc_bnfutures_mode_0,ARKM-USDT-FTR,-9.26424551E+00,0E+00,-9.26424551E+00,0E+00,0E+00,-1.138E-04 | 0E+00,-1.9859438287999998E-01,0E+00,-1.8482113256E+03,-1.7451175999999998E+03,0E+00,0E+00,0E+00,0E+00,0E+00,-5.01254666156343E-03,0E+00,0E+00,7.513316896522996E-05,21_virtual@eisoky3tmanagedsub.com,precursor012,-1.0627999999999998E+04,2026-01-08 07:01:28,0E+00,prod-strategy-ap71,2026-01-16 22:11:40,0E+00,6.082725060827521E-04|,0E+00,8.218579380273288E-01,0E+00,0E+00,0E+00,-3.95157E-03 | 0E+00
fr-TRB-USDT-loong_kc_bnfutures_mode_4,TRB-USDT-FTR,-1.0083784322665949E+01,-2.384829327266595E+01,1.376450895E+01,1.8614537040775758E+00,-3.9864400986465625E+01,2.318E-05 | 0E+00,4.626999589686951E-02,2.6739024378091097E+04,-5.104371635649799E+04,-1.9961171655250002E+03,5.238455638954892E-01,2.7696216870139164E+01,0E+00,-3.771186330540992E-04,-8.918909282347003E-04,2.6966118324665725E-04,-1.4908696900373427E-03,6.961561789826474E-05,2.07502037916634E-03,21_virtual@eisoky3tmanagedsub.com,precursor012,-1.025E+02,2026-01-11 11:04:20,5.49E+02,prod-strategy-ap71,2026-01-26 03:59:23,-1.4686280054184229E+01,-1.0274324463177553E-04|,0E+00,6.821422420108441E-01,0E+00,0E+00,0E+00,2.2313000000000004E-04 | 0E+00
fr-AVAX-USDT-loong_kc_bnfutures_mode_1,AVAX-USDT-FTR,-1.0154953400000002E+01,0E+00,-1.0154953400000002E+01,0E+00,0E+00,-1.8834E-04 | 0E+00,-2.9831190925482E-01,0E+00,-1.6058789325E+03,-1.5839009729999998E+03,0E+00,0E+00,0E+00,0E+00,0E+00,-6.323610824254961E-03,0E+00,0E+00,6.528191419563803E-05,21_virtual@eisoky3tmanagedsub.com,precursor012,-1.35E+02,1970-01-01 00:00:00,0E+00,prod-strategy-ap71,2026-01-19 18:11:14,0E+00,6.818956699625733E-04|,0E+00,5.643391376178416E-01,0E+00,0E+00,0E+00,-1.4994899999999998E-03 | 0E+00
fr-PROM-USDT-loong_kc_bnfutures_mode_1,,-1.072193312E+01,0E+00,-1.072193312E+01,0E+00,0E+00,0E+00 | 0E+00,0E+00,0E+00,-1.3407191731359999E+03,0E+00,0E+00,0E+00,0E+00,0E+00,0E+00,-7.997150585175071E-03,0E+00,0E+00,5.450268525838022E-05,,,0E+00,2026-01-04 11:28:07,0E+00,,0001-01-01 00:00:00,0E+00,0E+00|,0E+00,0E+00,0E+00,0E+00,0E+00,0E+00 | 0E+00
fr-PROM-USDT-loong_kc_bnfutures_mode_2,,-1.072193312E+01,0E+00,-1.072193312E+01,0E+00,0E+00,0E+00 | 0E+00,0E+00,0E+00,-1.3407191731359999E+03,0E+00,0E+00,0E+00,0E+00,0E+00,0E+00,-7.997150585175071E-03,0E+00,0E+00,5.450268525838022E-05,,,0E+00,2026-01-06 12:41:02,0E+00,,0001-01-01 00:00:00,0E+00,0E+00|,0E+00,0E+00,0E+00,0E+00,0E+00,0E+00 | 0E+00
fr-PROM-USDT-loong_kc_bnfutures_mode_3,,-1.072193312E+01,0E+00,-1.072193312E+01,0E+00,0E+00,0E+00 | 0E+00,0E+00,0E+00,-1.3407191731359999E+03,0E+00,0E+00,0E+00,0E+00,0E+00,0E+00,-7.997150585175071E-03,0E+00,0E+00,5.450268525838022E-05,,,0E+00,2026-01-12 11:27:52,0E+00,,0001-01-01 00:00:00,0E+00,0E+00|,0E+00,0E+00,0E+00,0E+00,0E+00,0E+00 | 0E+00
fr-PROM-USDT-loong_kc_bnfutures_mode_0,,-1.072193312E+01,0E+00,-1.072193312E+01,0E+00,0E+00,0E+00 | 0E+00,0E+00,0E+00,-1.3407191731359999E+03,0E+00,0E+00,0E+00,0E+00,0E+00,0E+00,-7.997150585175071E-03,0E+00,0E+00,5.450268525838022E-05,,,0E+00,2026-01-03 08:42:24,0E+00,,0001-01-01 00:00:00,0E+00,0E+00|,0E+00,0E+00,0E+00,0E+00,0E+00,0E+00 | 0E+00
fr-AIXBT-USDT-loong_kc_bnfutures_mode_1,AIXBT-USDT-FTR,-1.15431235E+01,0E+00,-1.15431235E+01,0E+00,0E+00,5E-05 | 0E+00,1.0259720625E-01,0E+00,-1.9399572500000002E+03,-2.051944125E+03,0E+00,0E+00,0E+00,0E+00,0E+00,-5.950194778776697E-03,0E+00,0E+00,7.886280850608639E-05,21_virtual@eisoky3tmanagedsub.com,precursor012,-6.8915E+04,2026-01-11 15:26:11,0E+00,prod-strategy-ap71,2026-01-19 08:01:38,0E+00,0E+00|,0E+00,9.732027044789474E-01,0E+00,0E+00,0E+00,-5.497599999999999E-03 | 0E+00
fr-AIXBT-USDT-loong_kc_bnfutures_mode_0,AIXBT-USDT-FTR,-1.15431235E+01,0E+00,-1.15431235E+01,0E+00,0E+00,5E-05 | 0E+00,1.0259720625E-01,0E+00,-1.9399572500000002E+03,-2.051944125E+03,0E+00,0E+00,0E+00,0E+00,0E+00,-5.950194778776697E-03,0E+00,0E+00,7.886280850608639E-05,21_virtual@eisoky3tmanagedsub.com,precursor012,-6.8915E+04,2026-01-04 23:29:50,0E+00,prod-strategy-ap71,2026-01-11 22:46:27,0E+00,0E+00|,0E+00,9.732027044789474E-01,0E+00,0E+00,0E+00,-5.497599999999999E-03 | 0E+00
fr-ARKM-USDT-loong_kc_bnfutures_mode_1,ARKM-USDT-FTR,-1.3715597547422636E+01,-4.451352037422638E+00,-9.264245509999999E+00,7.365910742228152E-01,-1.1270195887889713E+01,-1.138E-04 | 0E+00,-1.9859438287999998E-01,7.210517276227474E+03,-1.8482113256E+03,-1.7451175999999998E+03,3.9013489292879777E+00,2.469774790658951E+01,0E+00,-1.9021655481836117E-03,-6.173415674487608E-04,-5.012546661563429E-03,-1.5630218271644241E-03,1.021550945660029E-04,7.513316896522996E-05,21_virtual@eisoky3tmanagedsub.com,precursor012,-1.0627999999999998E+04,2026-01-16 15:23:00,6.73E+02,prod-strategy-ap71,2026-01-21 02:13:40,-3.7009401923329968E+00,6.082725060827521E-04|,0E+00,8.123955630132644E-01,0E+00,0E+00,0E+00,-3.95157E-03 | 0E+00
fr-SOL-USDT-loong_kc_bnfutures_mode_1,SOL-USDT-FTR,-1.3956244604337222E+01,-3.0484830843372217E+00,-1.0907761520000001E+01,4.5439944230020046E-01,-6.562000062316656E+00,6.765E-05 | 0E+00,1.4074033182E-01,6.498856594085693E+03,-6.39632832E+04,-2.0804188E+03,1.0160292388001893E-01,-1.4499198198318475E-01,0E+00,-2.1474923168851193E-03,-4.6907991278211987E-04,-1.7053160773335664E-04,-1.0097160888714526E-03,6.991990602065727E-05,2.6002243886674163E-03,21_virtual@eisoky3tmanagedsub.com,precursor012,-1.676E+01,2026-01-02 16:42:44,7.07E+02,prod-strategy-ap71,2026-01-26 04:05:03,-1.2405110227834253E+00,5.64197630370078E-04|,0E+00,5.548771004693538E-01,0E+00,0E+00,0E+00,-1.6432999999999997E-04 | 0E+00
fr-ETC-USDT-loong_kc_bnfutures_mode_6,ETC-USDT-FTR,-1.5060623275916019E+01,-2.877902945916018E+00,-1.218272033E+01,1.1882037893810775E+00,-2.1531370010226965E+01,4.596E-05 | 0E+00,2.50113790311E-01,1.6842104728460312E+04,-4.09825100133828E+04,-5.441988475E+03,4.1095835084187227E-01,1.0911669230163097E+01,0E+00,-8.942245353970582E-04,-1.7087549283866215E-04,-2.9726632961284567E-04,-1.278425134944244E-03,7.05496022342869E-05,1.6660139491652074E-03,21_virtual@eisoky3tmanagedsub.com,precursor012,-4.8055E+02,2026-01-03 07:21:21,7.58E+02,prod-strategy-ap71,2026-01-26 11:28:28,-5.004990532027296E-01,7.323744816023492E-04|,2.4019607843137256E-01,5.164616230960246E-01,0E+00,0E+00,4.9E+01,-2.6927E-04 | 0E+00
fr-EIGEN-USDT-loong_kc_bnfutures_mode_1,EIGEN-USDT-FTR,-1.5088591459153808E+01,6.984025100846196E+00,-2.2072616560000004E+01,2.7877558150794357E-01,-3.960750123485923E+00,5E-05 | 0E+00,9.79584108326E-02,4.0312666301727295E+03,-1.980304430742E+03,-1.959168216652E+03,2.0356802558191798E+00,-8.303383951187135E+00,0E+00,-3.7428909678711327E-03,1.7324641958864795E-03,-1.1146072400458963E-02,-9.825076053866014E-04,6.915334734284216E-05,8.050299515897103E-05,21_virtual@eisoky3tmanagedsub.com,precursor012,-6.0518E+03,2026-01-18 01:14:00,5.39E+02,prod-strategy-ap71,2026-01-19 08:02:47,6.064365478519766E+00,3.087372645877995E-04|,0E+00,8.32376513491508E-01,0E+00,0E+00,0E+00,-8.968570000000002E-03 | 0E+00
fr-TIA-USDT-loong_kc_bnfutures_mode_1,TIA-USDT-FTR,-1.5826056436038417E+01,-7.56583332603842E+00,-8.260223109999998E+00,8.284258227322425E-01,-1.2961400046944618E+01,5E-05 | 0E+00,9.97113992385E-02,9.276527647271752E+03,-7.492981421541E+04,-1.99422798477E+03,1.238028913377974E-01,4.36479906258583E+00,0E+00,-1.7060323687703228E-03,-8.155889373394525E-04,-1.102394713838915E-04,-1.3972253993935538E-03,8.930343919967558E-05,3.046033921554977E-03,21_virtual@eisoky3tmanagedsub.com,precursor012,-4.529E+03,2026-01-03 15:26:07,6.33E+02,prod-strategy-ap71,2026-01-27 08:50:33,-7.239087078908336E+00,9.082652134424496E-04|,0E+00,7.946272925293643E-01,0E+00,0E+00,0E+00,-1.0678999999999992E-04 | 0E+00
fr-DYDX-USDT-loong_kc_bnfutures_mode_2,DYDX-USDT-FTR,-1.6315912795705078E+01,-2.1644150715705077E+01,5.328237919999999E+00,2.8533116201288067E-01,-2.3870200172066685E+01,1E-04 | 0E+00,9.249070311895001E-01,4.147622640311718E+03,-1.937526700984E+03,-9.249070311895E+03,2.1406789584914057E+00,1.9260367891311643E+00,0E+00,-3.933798759107661E-03,-5.21844743187109E-03,2.7500203828385848E-03,-5.7551523468086525E-03,6.879390599320201E-05,7.876400224547756E-05,21_virtual@eisoky3tmanagedsub.com,precursor012,-5.56363E+04,2026-01-21 17:14:08,5.5E+02,prod-strategy-ap71,2026-01-27 12:50:52,-5.240949744736634E-01,-1.8039687312085828E-03|,0E+00,2.8622295224721044E+00,0E+00,0E+00,0E+00,1.6035400000000005E-03 | 0E+00
fr-WLD-USDT-loong_kc_bnfutures_mode_0,WLD-USDT-FTR,-1.700312747769214E+01,-6.886744287692142E+00,-1.0116383189999999E+01,2.9750958774093306E+00,-3.743224092840689E+01,2.31E-06 | 0E+00,4.459604578275E-03,4.249098225855827E+04,-1.9794685674999998E+03,-1.9305647525E+03,2.1465853490274366E+01,-1.1432878622448445E+01,0E+00,-4.001584942006718E-04,-1.620754315771332E-04,-5.110656140792698E-03,-8.809455309983454E-04,7.001711232058197E-05,8.046901579020342E-05,21_virtual@eisoky3tmanagedsub.com,precursor012,-4.25E+03,2026-01-03 17:58:42,6.31E+02,prod-strategy-ap71,2026-01-25 00:14:03,-6.179432831114152E+00,8.802816901407606E-04|,0E+00,7.085774535009276E-01,0E+00,0E+00,0E+00,-2.849099999999999E-04 | 0E+00
fr-XLM-USDT-loong_kc_bnfutures_mode_0,XLM-USDT-FTR,-1.805603563E+01,0E+00,-1.805603563E+01,0E+00,0E+00,-1.843E-05 | 0E+00,-3.57626850628944E-02,0E+00,-1.96292936151E+03,-1.94046039408E+03,0E+00,0E+00,0E+00,0E+00,0E+00,-9.19851523139388E-03,0E+00,0E+00,7.979666683260033E-05,21_virtual@eisoky3tmanagedsub.com,precursor012,-9.399E+03,2025-12-08 21:56:31,0E+00,prod-strategy-ap71,2026-01-05 03:11:40,0E+00,7.75043596202174E-04|,0E+00,5.728059716212767E-01,0E+00,0E+00,0E+00,-5.295699999999999E-04 | 0E+00
fr-POPCAT-USDT-loong_kc_bnfutures_mode_0,POPCAT-USDT-FTR,-1.878524279771303E+01,-1.5502762517713029E+01,-3.28248028E+00,2.1204520704923198E+00,-2.0812903061509157E+01,5E-05 | 0E+00,9.816092550000001E-02,3.02762893832922E+04,-1.9024440648000002E+03,-1.9632185100000002E+03,1.5914417639645599E+01,-7.440672897148132E+00,0E+00,-6.204605379442423E-04,-5.120430156235771E-04,-1.7254017296666644E-03,-6.874324260156742E-04,7.003672225640965E-05,7.733782895260347E-05,21_virtual@eisoky3tmanagedsub.com,precursor012,-2.6840000000000004E+04,2026-01-03 06:41:15,3.04E+02,prod-strategy-ap71,2026-01-19 08:01:46,-9.832586055581164E+00,5.464480874317612E-04|,0E+00,1.011631151933755E+00,0E+00,0E+00,0E+00,-2.9009500000000002E-03 | 0E+00
fr-PAXG-USDT-loong_kc_bnfutures_mode_0,PAXG-USDT-FTR,-2.0141146506040236E+01,3.613920972395976E+01,-5.6280356229999995E+01,1.264714664350322E+01,-2.7871920473247883E+01,5E-05 | 0E+00,9.854335800000001E-02,1.806537356787324E+05,-1.98277764284478E+03,-1.9708671600000002E+03,9.111144476066433E+01,5.111105603539356E+01,0E+00,-1.1149034051451043E-04,2.0004684424698713E-04,-2.8384603000290057E-02,-1.5428366520365915E-04,7.000766740851911E-05,8.060353575204672E-05,21_virtual@eisoky3tmanagedsub.com,precursor012,-3.87E-01,2026-01-03 04:48:55,5.07E+02,prod-strategy-ap71,2026-01-24 15:29:23,1.0033734632356817E+01,3.651426215667275E-04|,0E+00,3.8248439467584905E-01,0E+00,0E+00,0E+00,-2.888999999999993E-05 | 0E+00
fr-EIGEN-USDT-loong_kc_bnfutures_mode_0,EIGEN-USDT-FTR,-2.2072616560000004E+01,0E+00,-2.2072616560000004E+01,0E+00,0E+00,5E-05 | 0E+00,9.79584108326E-02,0E+00,-1.980304430742E+03,-1.959168216652E+03,0E+00,0E+00,0E+00,0E+00,0E+00,-1.1146072400458963E-02,0E+00,0E+00,8.050299515897103E-05,21_virtual@eisoky3tmanagedsub.com,precursor012,-6.0518E+03,2025-11-27 15:52:01,0E+00,prod-strategy-ap71,2026-01-17 10:11:40,0E+00,3.087372645877995E-04|,0E+00,8.470164447071526E-01,0E+00,0E+00,0E+00,-8.968570000000002E-03 | 0E+00
fr-TRX-USDT-loong_kc_bnfutures_mode_0,TRX-USDT-FTR,-2.2477640609999998E+01,0E+00,-2.2477640609999998E+01,0E+00,0E+00,-2.0018E-04 | 0E+00,-3.9839673465E-01,0E+00,-1.98274742895E+03,-1.9901924999999999E+03,0E+00,0E+00,0E+00,0E+00,0E+00,-1.133661316706558E-02,0E+00,0E+00,8.06023075019921E-05,21_virtual@eisoky3tmanagedsub.com,precursor012,-6.735E+03,2026-01-03 14:10:34,0E+00,prod-strategy-ap71,2026-01-05 19:11:32,0E+00,8.800433252100781E-04|,0E+00,1.7880471023447395E-01,0E+00,0E+00,0E+00,-1.6245799999999998E-03 | 0E+00
fr-TRX-USDT-loong_kc_bnfutures_mode_1,TRX-USDT-FTR,-2.2477640609999998E+01,0E+00,-2.2477640609999998E+01,0E+00,0E+00,-2.0018E-04 | 0E+00,-3.9839673465E-01,0E+00,-1.98274742895E+03,-1.9901924999999999E+03,0E+00,0E+00,0E+00,0E+00,0E+00,-1.133661316706558E-02,0E+00,0E+00,8.06023075019921E-05,21_virtual@eisoky3tmanagedsub.com,precursor012,-6.735E+03,2026-01-05 22:03:06,0E+00,prod-strategy-ap71,2026-01-17 18:11:32,0E+00,8.800433252100781E-04|,0E+00,1.920403188857685E-01,0E+00,0E+00,0E+00,-1.6245799999999998E-03 | 0E+00
fr-MELANIA-USDT-loong_kc_bnfutures_mode_0,MELANIA-USDT-FTR,-2.3144234025329382E+01,-1.282953526753294E+02,1.0515111865000003E+02,6.186053021536509E+00,-2.53246902332059E+02,5E-05 | 0E+00,8.531170140000001E-02,7.95914936454948E+04,-3.126932688507E+04,-1.706234028E+03,2.5453535964503584E+00,3.323308221396104E+01,0E+00,-2.907877835339435E-04,-1.6119229178781901E-03,3.3627560656000555E-03,-3.1818337705789967E-03,7.772253966095363E-05,1.2711552990415094E-03,21_virtual@eisoky3tmanagedsub.com,precursor012,-1.016826E+04,2026-01-11 19:48:35,7.34E+02,prod-strategy-ap71,2026-01-23 19:29:52,-6.419789147125684E+01,-1.1890606420927874E-04|,0E+00,1.644220521477926E+00,0E+00,0E+00,0E+00,2.631100000000001E-04 | 0E+00
fr-ENA-USDT-loong_kc_bnfutures_mode_0,ENA-USDT-FTR,-2.392697379883927E+01,3.3142225311607296E+00,-2.724119633E+01,3.332331454828818E+00,-2.6797112787142375E+01,5E-05 | 0E+00,1.1851714E-01,4.765600417279452E+04,-2.3138843597600003E+03,-2.3703428E+03,2.0595672368751167E+01,-4.304564822912216E-01,0E+00,-5.020767941870064E-04,6.954470037277541E-05,-1.1772929020889143E-02,-5.623029721497317E-04,6.992469286233512E-05,9.406362906655866E-05,21_virtual@eisoky3tmanagedsub.com,precursor012,-1.4126E+04,2026-01-03 11:32:04,9.14E+02,prod-strategy-ap71,2026-01-21 21:50:50,-1.5523452577091175E+00,0E+00|,0E+00,8.814677745525329E-01,0E+00,0E+00,0E+00,-8.197899999999997E-04 | 0E+00
fr-DOT-USDT-loong_kc_bnfutures_mode_0,DOT-USDT-FTR,-2.4791505876172316E+01,1.1165951063827682E+01,-3.595745694E+01,5.242602441350755E+00,-2.315709803905356E+01,-4.096E-05 | 0E+00,-7.494085817450497E-02,7.111138545587659E+04,-1.8523534E+03,-1.829610795276E+03,3.8389750819620375E+01,1.485627277265787E+01,0E+00,-3.4862920638151576E-04,1.570205810538731E-04,-1.9411769341638588E-02,-3.256454348428094E-04,7.372381240699777E-05,7.530155186141242E-05,21_virtual@eisoky3tmanagedsub.com,precursor012,-9.806E+02,2026-01-06 14:02:27,7.38E+02,prod-strategy-ap71,2026-01-25 08:03:02,7.382284336296433E+00,8.569898232457795E-04|,0E+00,6.512851207086935E-01,0E+00,0E+00,0E+00,-4.1675E-04 | 0E+00
fr-EGLD-USDT-loong_kc_bnfutures_mode_1,EGLD-USDT-FTR,-3.0117697526086893E+01,-3.821563175608689E+01,8.09793423E+00,2.352199591719909E+00,-8.11692275502719E+01,-2.4891E-04 | 0E+00,-4.7044052227499994E-01,2.5073156588204205E+04,-1.90343E+03,-1.8900025E+03,1.3172618162057026E+01,5.0597643564513696E+01,0E+00,-1.2011928940872136E-03,-1.5241651613209974E-03,4.254390353204478E-03,-3.237295921027286E-03,9.381346076012278E-05,7.737790902079931E-05,21_virtual@eisoky3tmanagedsub.com,precursor012,-3.275E+02,2025-11-16 18:11:33,7.5E+02,prod-strategy-ap71,2026-01-26 12:52:05,-3.487356950770201E+01,3.2923236874025097E-03|,0E+00,6.154859593005259E-01,0E+00,0E+00,0E+00,1.5537800000000005E-03 | 0E+00
fr-YGG-USDT-loong_kc_bnfutures_mode_0,YGG-USDT-FTR,-3.343973357675527E+01,-3.178570540675527E+01,-1.6540281700000004E+00,4.500516843982041E-01,-3.016716058179736E+01,2.711E-05 | 0E+00,5.24250296070732E-02,6.393166251182556E+03,-1.8136435443999999E+03,-1.93378936212E+03,3.5250401165779137E+00,1.83790869140625E-01,0E+00,-5.230543405713853E-03,-4.971825251826637E-03,-9.119918713394123E-04,-4.718657296956306E-03,7.039574237803642E-05,7.372792546862409E-05,21_virtual@eisoky3tmanagedsub.com,precursor012,-3.0716E+04,2026-01-22 04:37:34,9.14E+02,prod-strategy-ap71,2026-01-26 12:52:05,-1.884961030962117E+01,1.5880578053040217E-04|,0E+00,7.835866737153224E-01,0E+00,0E+00,0E+00,-4.8038E-04 | 0E+00
fr-ETHFI-USDT-loong_kc_bnfutures_mode_0,ETHFI-USDT-FTR,-3.710733349E+01,0E+00,-3.710733349E+01,0E+00,0E+00,5E-05 | 0E+00,9.638440000000001E-01,0E+00,-1.958839753745E+03,-1.927688E+04,0E+00,0E+00,0E+00,0E+00,0E+00,-1.8943526860253114E-02,0E+00,0E+00,7.963041680104102E-05,21_virtual@eisoky3tmanagedsub.com,precursor012,-3.248E+04,2026-01-03 09:18:01,0E+00,prod-strategy-ap71,2026-01-12 10:45:52,0E+00,5.054759898903693E-04|,0E+00,7.733739817367089E-01,0E+00,0E+00,0E+00,-1.1562999999999992E-04 | 0E+00
fr-2Z-USDT-loong_kc_bnfutures_mode_0,2Z-USDT-FTR,-4.6727953367868324E+01,-4.679345169786832E+01,6.549833000000005E-02,1.120714406715706E+00,-7.486867979937233E+01,-1.74E-04 | 0E+00,-3.0826709999999996E-01,1.604408659696579E+04,-1.5987870999999998E+03,-1.7716499999999999E+03,1.0035161402644412E+01,9.851332229614257E-02,0E+00,-2.9124720242226427E-03,-2.916554421160863E-03,4.096751218470555E-05,-4.666434536293968E-03,6.985217886617816E-05,6.499361824045409E-05,21_virtual@eisoky3tmanagedsub.com,precursor012,-1.5E+04,2025-11-16 07:11:36,3.4E+01,prod-strategy-ap71,2026-01-26 18:03:44,-1.7244194830903602E+01,1.6941973739938998E-03|,0E+00,3.249879029600622E+00,0E+00,0E+00,0E+00,4.0204000000000005E-04 | 0E+00
fr-WIF-USDT-loong_kc_bnfutures_mode_1,WIF-USDT-FTR,-5.308577729000001E+01,0E+00,-5.308577729000001E+01,0E+00,0E+00,-4.257E-05 | 0E+00,-3.33409074372E-01,0E+00,-8.097778189190199E+04,-7.8320196000000005E+03,0E+00,0E+00,0E+00,0E+00,0E+00,-6.5555978503912E-04,0E+00,0E+00,3.2918948634505715E-03,21_virtual@eisoky3tmanagedsub.com,precursor012,-2.40246E+04,2026-01-02 17:29:00,0E+00,prod-strategy-ap71,2026-01-10 14:46:24,0E+00,3.0693677102533456E-04|,0E+00,7.610332046680758E-01,0E+00,0E+00,0E+00,-5.453299999999999E-04 | 0E+00
fr-ETHFI-USDT-loong_kc_bnfutures_mode_1,ETHFI-USDT-FTR,-5.7182494011356624E+01,-2.0075160521356626E+01,-3.710733349E+01,4.378083039599005E+00,-4.2308842293859925E+01,5E-05 | 0E+00,9.638440000000001E-01,5.866709138506651E+04,-1.958839753745E+03,-1.927688E+04,2.9949918707185752E+01,4.342398135149479E+00,0E+00,-9.746945461474202E-04,-3.421877588849868E-04,-1.8943526860253114E-02,-7.211682272803025E-04,7.462587519233023E-05,7.963041680104102E-05,21_virtual@eisoky3tmanagedsub.com,precursor012,-3.248E+04,2025-12-17 04:19:26,7.58E+02,prod-strategy-ap71,2026-01-23 11:29:35,-1.3934323572432131E+01,5.054759898903693E-04|,0E+00,7.733739817367089E-01,0E+00,0E+00,0E+00,-1.1562999999999992E-04 | 0E+00
fr-SENT-USDT-loong_kc_bnfutures_mode_1,SENT-USDT-FTR,-6.1433036691827496E+01,-6.89875173018275E+01,7.55448061E+00,1.4051341209211387E+01,-2.0324748248507973E+02,5E-05 | 0E+00,1.0643257679054003E+01,1.9582306875005364E+05,-4.64425329E+03,-2.1286515358108003E+05,4.2164597088556654E+01,4.878644041412354E+00,0E+00,-3.137170563404863E-04,-3.522951496071302E-04,1.6266297590328024E-03,-1.03791388717589E-03,7.175529062485667E-05,1.8879738605736372E-04,21_virtual@eisoky3tmanagedsub.com,precursor012,-7.975396E+06,2026-01-25 07:29:09,3E+01,prod-strategy-ap71,2026-01-27 12:50:42,-2.5650826104150532E+01,0E+00|,0E+00,1.7836534696242676E+00,0E+00,1E+00,0E+00,1.8210000000000008E-03 | 0E+00
fr-ENSO-USDT-loong_kc_bnfutures_mode_2,ENSO-USDT-FTR,-6.60302384894955E+01,2.4371423170504492E+01,-9.040166165999999E+01,2.0509101365350944E+00,-2.929400023422204E-01,-8.70552E-03 | 0E+00,-1.0667655309205912E+01,4.77168812417984E+03,-1.426466065739E+03,-1.225389788227E+03,3.3451115584076674E+00,1.7777856183052063E-01,0E+00,-1.3837919992066709E-02,5.1075054647863145E-03,-6.33745616746699E-02,-6.139127175093218E-05,4.2980808534874766E-04,5.798845319029849E-05,21_virtual@eisoky3tmanagedsub.com,precursor012,-8.657E+02,2026-01-25 03:28:48,1.2E+01,prod-strategy-ap71,2026-01-25 15:28:45,3.145126041112368E-02,1.5738073491182503E-02|,0E+00,3.55574397755233E+00,0E+00,0E+00,0E+00,-8.666621000000002E-02 | 0E+00
fr-IR-USDT-loong_kc_bnfutures_mode_2,IR-USDT-FTR,-6.632144685395156E+01,-8.760066701395156E+01,2.127922016E+01,2.8769218403904233E+00,-1.2265668012505557E+02,5E-05 | 0E+00,1.726796720215E+00,3.4819878226041794E+04,-1.7335713591600002E+03,-3.45359344043E+04,2.0085633073053145E+01,3.8683777E+01,0E+00,-1.9047007121452174E-03,-2.5158234743174663E-03,1.2274787563582511E-02,-3.5226050857731206E-03,8.262297247894374E-05,7.047284476452819E-05,21_virtual@eisoky3tmanagedsub.com,precursor012,-6.13865E+05,2026-01-22 04:10:19,1.65E+02,prod-strategy-ap71,2026-01-25 15:28:44,-4.644357812615107E+01,-4.8145506419394746E-04|,0E+00,1.586933407050759E+00,0E+00,0E+00,0E+00,2.6556500000000003E-03 | 0E+00
fr-WIF-USDT-loong_kc_bnfutures_mode_2,WIF-USDT-FTR,-7.819580726956714E+01,-2.5110029979567134E+01,-5.308577729E+01,3.1744837755104527E+00,-4.836910394579172E+01,-4.257E-05 | 0E+00,-3.33409074372E-01,3.345848094558716E+04,-8.097778189190199E+04,-7.8320196000000005E+03,4.1318100056446594E-01,1.1066082076263427E+01,0E+00,-2.337099744508287E-03,-7.504832637322376E-04,-6.555597850391199E-04,-1.445645545727357E-03,9.487829948625135E-05,3.2918948634505715E-03,21_virtual@eisoky3tmanagedsub.com,precursor012,-2.40246E+04,2026-01-11 20:05:55,7.47E+02,prod-strategy-ap71,2026-01-25 15:28:44,-1.0486129387063732E+01,3.0693677102533456E-04|,0E+00,7.610332046680758E-01,0E+00,0E+00,0E+00,-5.453299999999999E-04 | 0E+00
fr-SOMI-USDT-loong_kc_bnfutures_mode_0,SOMI-USDT-FTR,-8.570170896149725E+01,-2.809500341497245E+00,-8.289220862E+01,1.314002477345639E+00,-5.369164287438617E+01,-2.1464E-04 | 0E+00,-4.774825022155032E-01,1.6120500089406967E+04,-1.9306567508800001E+03,-2.22457371513E+03,8.349749421827152E+00,-1.6676519389152522E+00,0E+00,-5.316318258501992E-03,-1.7428121496946685E-04,-4.2934720831249495E-02,-3.3306437502933165E-03,8.151127260680272E-05,7.848472621529798E-05,21_virtual@eisoky3tmanagedsub.com,precursor012,-9.893E+03,2025-12-09 06:18:59,1.601E+03,prod-strategy-ap71,2026-01-24 07:29:49,6.4283516475977525E+00,1.335113484646211E-03|,0E+00,1.805967232076704E+00,0E+00,0E+00,0E+00,-2.8310800000000004E-02 | 0E+00
fr-SHELL-USDT-loong_kc_bnfutures_mode_0,SHELL-USDT-FTR,-8.645546238904491E+01,-9.887986632904492E+01,1.242440394E+01,1.921527995543147E+01,-7.992758959069615E+02,-7.6744E-04 | 0E+00,-1.991166448533236E+00,2.7389049820498005E+05,-2.9852038500000003E+03,-2.5945565106500003E+03,9.17493450924566E+01,4.6653494866848E+00,0E+00,-3.156570343098997E-04,-3.6101970304586135E-04,4.161995148170534E-03,-2.9182315602229556E-03,7.015679653498139E-05,1.2135399353474508E-04,21_virtual@eisoky3tmanagedsub.com,precursor012,-5.9195E+04,2026-01-21 06:10:45,6.99E+02,prod-strategy-ap71,2026-01-25 07:29:04,-9.488081942170945E+00,2.5114155251140247E-03|,0E+00,9.541669111326089E-01,0E+00,0E+00,0E+00,-1.284970000000001E-03 | 0E+00
fr-PENDLE-USDT-loong_kc_bnfutures_mode_0,PENDLE-USDT-FTR,-9.505129602413666E+01,-1.3635214954413667E+02,4.1300853520000004E+01,8.971657033478792E+00,-1.1090361678187766E+02,5.739E-05 | 0E+00,6.614314053350999E+00,1.2749387740833344E+05,-3.5456144775000002E+03,-1.152520309E+05,3.5958189537354585E+01,2.1183253645541953E+01,0E+00,-7.455361618637522E-04,-1.069479980653755E-03,1.1648433235505368E-02,-8.698740601219538E-04,7.03693166750639E-05,1.4413570998819176E-04,21_virtual@eisoky3tmanagedsub.com,precursor012,-6.0143E+04,2026-01-03 07:30:25,7.57E+02,prod-strategy-ap71,2026-01-22 06:10:36,-9.929218101009143E+01,4.1718815185665115E-04|,0E+00,7.930174091569432E-01,0E+00,0E+00,0E+00,7.406000000000003E-04 | 0E+00
fr-GRIFFAIN-USDT-loong_kc_bnfutures_mode_4,GRIFFAIN-USDT-FTR,-1.163661946580108E+02,-1.788996050980108E+02,6.253341044E+01,4.215611846164393E+00,-3.7741399105638266E+01,5E-05 | 0E+00,8.825407499999999E-02,5.5910050125710666E+04,-1.82018127684E+03,-1.7650814999999998E+03,3.071674829156335E+01,-2.6182637384414678E+00,0E+00,-2.08131086265113E-03,-3.199775437435039E-03,3.435559481666775E-02,-6.750378334624778E-04,7.539989387750184E-05,7.399369624345935E-05,21_virtual@eisoky3tmanagedsub.com,precursor012,-1.2931E+05,2026-01-18 18:26:03,6.82E+02,prod-strategy-ap71,2026-01-23 22:32:35,-7.75475336296531E+01,-7.288629737609575E-04|,0E+00,1.0128727320555848E+00,0E+00,0E+00,0E+00,2.099999999999999E-03 | 0E+00
fr-STABLE-USDT-loong_kc_bnfutures_mode_2,STABLE-USDT-FTR,-1.1697858296099952E+02,-4.455845079609995E+02,3.2860592499999996E+02,2.5716766060691953E+01,-7.662099429118098E+02,5E-05 | 0E+00,1.77962470042E+01,3.517741732009016E+05,-2.6865521812800002E+03,-3.55924940084E+05,1.3093889471125024E+02,1.7717930000000003E+01,0E+00,-3.325388612147826E-04,-1.2666777208414385E-03,1.2231510978634205E-01,-2.178130179199426E-03,7.310589582710741E-05,1.0921325725806243E-04,21_virtual@eisoky3tmanagedsub.com,precursor012,-1.6855699E+07,2026-01-21 02:21:50,5.18E+02,prod-strategy-ap71,2026-01-27 12:50:50,-1.9857933816933647E+02,3.315649867374759E-04|,6.25E-02,1.3481855739795339E+00,2.1E+01,0E+00,2E+00,2.099999999999999E-03 | 0E+00
fr-DASH-USDT-loong_kc_bnfutures_mode_0,DASH-USDT-FTR,-1.2769301536999998E+02,0E+00,-1.2769301536999998E+02,0E+00,0E+00,-3.077E-05 | 0E+00,-9.96266129005676E-02,0E+00,-3.3143149799999997E+03,-3.23778397466908E+03,0E+00,0E+00,0E+00,0E+00,0E+00,-3.8527724775875107E-02,0E+00,0E+00,1.347329625931672E-04,21_virtual@eisoky3tmanagedsub.com,precursor012,-5.3063E+01,2026-01-03 10:23:43,0E+00,prod-strategy-ap71,2026-01-10 08:03:01,0E+00,1.6388069485413492E-03|,0E+00,1.2990429016058949E+00,0E+00,0E+00,0E+00,-2.9272690000000004E-02 | 0E+00
fr-AIO-USDT-loong_kc_bnfutures_mode_12,AIO-USDT-FTR,-1.4083148917054706E+02,-1.5441748243054707E+02,1.3585993260000002E+01,5.477180727910309E+00,-1.9540968424877086E+01,5E-05 | 0E+00,1.08355690542E-01,4.0509495569720864E+04,-1.9556875087199999E+03,-2.16711381084E+03,2.0713685284125162E+01,8.532485088799E+00,0E+00,-3.476505623926175E-03,-3.8118836154051646E-03,6.946914166717797E-03,-4.8237994944284456E-04,1.3520732980946496E-04,7.950227227838681E-05,21_virtual@eisoky3tmanagedsub.com,precursor012,-1.3002E+04,2026-01-22 03:50:00,4.3E+01,prod-strategy-ap71,2026-01-24 13:23:50,-1.0672552361108397E+02,4.213314072467611E-04|,0E+00,1.3507349900041454E+00,0E+00,0E+00,0E+00,3.3190100000000003E-03 | 0E+00
fr-APR-USDT-loong_kc_bnfutures_mode_5,APR-USDT-FTR,-1.4978600137715335E+02,-1.7318161575715337E+02,2.3395614379999998E+01,1.8167582397909428E+00,-6.184162721634507E+00,5E-05 | 0E+00,8.681643E-02,2.5454278988279402E+04,-1.6817887500000002E+03,-1.7363285999999998E+03,1.513524156246104E+01,-8.586590265333653E+00,0E+00,-5.884511655039349E-03,-6.803634698782709E-03,1.3911149292680187E-02,-2.4295179307502868E-04,7.137339229398255E-05,6.836778704218374E-05,21_virtual@eisoky3tmanagedsub.com,precursor012,-1.7205E+04,2026-01-24 13:29:51,3E+01,prod-strategy-ap71,2026-01-24 21:36:55,-9.977920309958347E+01,1.2858555885262302E-03|,0E+00,1.3925702336321821E+00,0E+00,0E+00,0E+00,2.5655900000000004E-03 | 0E+00
fr-VET-USDT-loong_kc_bnfutures_mode_3,VET-USDT-FTR,-1.5883787895885698E+02,-8.525533202885698E+01,-7.358254692999999E+01,9.382297255013327E+00,-6.60777976141253E+01,3.748E-05 | 0E+00,1.8603743917938398E-01,1.286423991692774E+05,-1.98508474136E+03,-4.963645655799999E+03,6.480448743016548E+01,-1.1085462062273024E+00,0E+00,-1.2347241654739826E-03,-6.627312035487737E-04,-3.706771071122531E-02,-5.136548917062339E-04,7.293316445900073E-05,8.069732352412801E-05,21_virtual@eisoky3tmanagedsub.com,precursor012,-4.92518E+05,2026-01-03 12:37:33,8.24E+02,prod-strategy-ap71,2026-01-24 19:29:15,-3.667486128642994E+01,8.927685745461211E-04|,0E+00,7.000924363606823E-01,0E+00,0E+00,0E+00,-1.9980000000000076E-05 | 0E+00
fr-BAS-USDT-loong_kc_bnfutures_mode_2,BAS-USDT-FTR,-1.6184001119335124E+02,-1.8622161533335125E+02,2.438160414E+01,1.0968232899501736E+01,-5.1817591550640145E+01,2.4572E-04 | 0E+00,4.0691986335828E-01,7.205280612758761E+04,-1.6618809210000002E+03,-1.6560306990000001E+03,4.335617866304851E+01,9.918669010455758E-01,0E+00,-2.2461305796581026E-03,-2.5845157925369214E-03,1.4671089746507776E-02,-7.191613253602375E-04,1.522249234829206E-04,6.755849740129144E-05,21_virtual@eisoky3tmanagedsub.com,precursor012,-4.17873E+05,2026-01-22 03:49:02,1.85E+02,prod-strategy-ap71,2026-01-23 20:01:52,-2.739492395335609E+01,2.272727272727426E-03|,0E+00,8.681522011372861E-01,0E+00,0E+00,0E+00,5.2311400000000004E-03 | 0E+00
fr-BTR-USDT-loong_kc_bnfutures_mode_3,BTR-USDT-FTR,-1.6225638345824865E+02,6.649731381751326E+00,-1.6890611484E+02,1.614657964091748E-02,-8.257049184758216E-01,-5.474E-05 | 0E+00,0E+00,2.3522982013225555E+02,-1.0841202684619999E+04,0E+00,2.1697760569126444E-02,5.0166793697357175E+00,0E+00,-6.897781215282215E-01,2.8269083307603526E-02,-1.5580016327858224E-02,-3.5102051177507065E-03,6.864172081515528E-05,4.407147071374158E-04,21_virtual@eisoky3tmanagedsub.com,precursor012,0E+00,2026-01-15 17:30:07,6E+00,prod-strategy-ap71,2026-01-27 07:06:23,3.2763678417032285E+00,2.8953383666966648E-02|,0E+00,1.0664621042839736E+01,0E+00,0E+00,0E+00,-1.2153060000000007E-02 | 0E+00
fr-BLUAI-USDT-loong_kc_bnfutures_mode_3,BLUAI-USDT-FTR,-1.6595896214961755E+02,-2.5223449987961754E+02,8.627553773E+01,2.9506174542708322E+01,-9.382045430848375E+02,5E-05 | 0E+00,3.4061995464000003E+00,2.9313064338289574E+05,-1.3915625135400001E+04,-6.8123990928E+04,2.1064856269891877E+01,6.474537339999999E+02,0E+00,-5.661603994531446E-04,-8.604849256586987E-04,6.199903841224021E-03,-3.2006361813879947E-03,1.0065878545548888E-04,5.656955998878494E-04,21_virtual@eisoky3tmanagedsub.com,precursor012,-9.968392000000002E+06,2026-01-22 03:45:19,2.49E+02,prod-strategy-ap71,2026-01-27 12:50:36,-1.6189457268621823E+02,1.025490770583115E-03|,8.571428571428571E-01,2.213338497618129E+00,3.1E+01,0E+00,6E+00,3.2069900000000007E-03 | 0E+00
fr-BTR-USDT-loong_kc_bnfutures_mode_2,BTR-USDT-FTR,-1.6890611483999996E+02,0E+00,-1.6890611483999996E+02,0E+00,0E+00,-5.474E-05 | 0E+00,0E+00,0E+00,-1.0841202684619999E+04,0E+00,0E+00,0E+00,0E+00,0E+00,0E+00,-1.558001632785822E-02,0E+00,0E+00,4.407147071374158E-04,21_virtual@eisoky3tmanagedsub.com,precursor012,0E+00,2026-01-03 12:46:18,0E+00,prod-strategy-ap71,2026-01-16 00:49:38,0E+00,2.8953383666966648E-02|,0E+00,1.0664621042839736E+01,0E+00,0E+00,0E+00,-1.2153060000000007E-02 | 0E+00
fr-BTR-USDT-loong_kc_bnfutures_mode_1,BTR-USDT-FTR,-1.6890611484E+02,0E+00,-1.6890611484E+02,0E+00,0E+00,-5.474E-05 | 0E+00,0E+00,0E+00,-1.0841202684619999E+04,0E+00,0E+00,0E+00,0E+00,0E+00,0E+00,-1.5580016327858224E-02,0E+00,0E+00,4.407147071374158E-04,21_virtual@eisoky3tmanagedsub.com,precursor012,0E+00,1970-01-01 00:00:00,0E+00,prod-strategy-ap71,2026-01-02 19:11:00,0E+00,2.8953383666966648E-02|,0E+00,1.0664621042839736E+01,0E+00,0E+00,0E+00,-1.2153060000000007E-02 | 0E+00
fr-BTR-USDT-loong_kc_bnfutures_mode_0,BTR-USDT-FTR,-1.6890611484E+02,0E+00,-1.6890611484E+02,0E+00,0E+00,-5.474E-05 | 0E+00,0E+00,0E+00,-1.0841202684619999E+04,0E+00,0E+00,0E+00,0E+00,0E+00,0E+00,-1.5580016327858224E-02,0E+00,0E+00,4.407147071374158E-04,21_virtual@eisoky3tmanagedsub.com,precursor012,0E+00,2025-12-30 11:29:01,0E+00,prod-strategy-ap71,2026-01-02 03:10:52,0E+00,2.8953383666966648E-02|,0E+00,9.540965876675832E+00,0E+00,0E+00,0E+00,-1.2153060000000007E-02 | 0E+00
fr-CLO-USDT-loong_kc_bnfutures_mode_1,CLO-USDT-FTR,-1.968459361E+02,0E+00,-1.968459361E+02,0E+00,0E+00,-7.47171E-03 | 0E+00,-8.02477006122537E+00,0E+00,-1.41706974386E+03,-1.0740205469999999E+03,0E+00,0E+00,0E+00,0E+00,0E+00,-1.389105490064344E-01,0E+00,0E+00,5.760647552919017E-05,21_virtual@eisoky3tmanagedsub.com,precursor012,-2.922E+03,2026-01-06 12:38:01,0E+00,prod-strategy-ap71,2026-01-10 22:57:40,0E+00,1.8179325472991392E-02|,0E+00,1.929400539477339E+00,0E+00,0E+00,0E+00,-1.0824903999999999E-01 | 0E+00
fr-CLO-USDT-loong_kc_bnfutures_mode_0,CLO-USDT-FTR,-1.968459361E+02,0E+00,-1.968459361E+02,0E+00,0E+00,-7.47171E-03 | 0E+00,-8.02477006122537E+00,0E+00,-1.41706974386E+03,-1.0740205469999999E+03,0E+00,0E+00,0E+00,0E+00,0E+00,-1.389105490064344E-01,0E+00,0E+00,5.760647552919017E-05,21_virtual@eisoky3tmanagedsub.com,precursor012,-2.922E+03,2026-01-03 15:39:15,0E+00,prod-strategy-ap71,2026-01-06 19:12:16,0E+00,1.8179325472991392E-02|,0E+00,1.929400539477339E+00,0E+00,0E+00,0E+00,-1.0824903999999999E-01 | 0E+00
fr-SWARMS-USDT-loong_kc_bnfutures_mode_3,SWARMS-USDT-FTR,-2.0285130301286125E+02,-4.4551889256286125E+02,2.4266758955E+02,4.574882428981368E+00,-2.8671866270240614E+01,5E-05 | 0E+00,4.07957897E+00,6.0989906172498595E+04,-5.772568872E+04,-8.159157939999999E+04,1.0565470507997188E+00,-1.2717100152683258E-01,0E+00,-3.3259815556878234E-03,-7.3047971463145725E-03,4.203805877952633E-03,-4.7010838464233047E-04,7.501048478484562E-05,2.3466547705663673E-03,21_virtual@eisoky3tmanagedsub.com,precursor012,-7.485466000000001E+06,2026-01-16 23:08:30,7.29E+02,prod-strategy-ap71,2026-01-24 19:29:16,-2.2023273630200038E+02,3.676470588235059E-03|,0E+00,9.801004171328473E-01,0E+00,0E+00,0E+00,2.52807E-03 | 0E+00
fr-ENSO-USDT-loong_kc_bnfutures_mode_0,ENSO-USDT-FTR,-2.2384334124E+02,0E+00,-2.2384334124E+02,0E+00,0E+00,-8.70552E-03 | 0E+00,-1.0667655309205912E+01,0E+00,-1.426466065739E+03,-1.225389788227E+03,0E+00,0E+00,0E+00,0E+00,0E+00,-1.569216027049581E-01,0E+00,0E+00,5.798845319029849E-05,21_virtual@eisoky3tmanagedsub.com,precursor012,-8.657E+02,2025-11-18 08:17:57,0E+00,prod-strategy-ap71,2026-01-22 11:30:20,0E+00,1.5738073491182503E-02|,0E+00,3.532500088217054E+00,0E+00,0E+00,0E+00,-8.666621000000002E-02 | 0E+00
fr-ENSO-USDT-loong_kc_bnfutures_mode_1,ENSO-USDT-FTR,-2.2695733562106216E+02,-2.457079571062131E+00,-2.2450025605000002E+02,9.193310836271849E-01,-2.2855228790198453E+01,-8.70552E-03 | 0E+00,-1.0667655309205912E+01,7.773372873365879E+03,-1.426466065739E+03,-1.225389788227E+03,5.449392074629395E+00,1.3344820323109623E+00,0E+00,-2.9196764302751036E-02,-3.160892460827256E-04,-1.5738212176375513E-01,-2.940194579949709E-03,1.1826669048349838E-04,5.798845319029849E-05,21_virtual@eisoky3tmanagedsub.com,precursor012,-8.657E+02,2026-01-22 09:46:17,1.8E+01,prod-strategy-ap71,2026-01-25 11:28:48,-2.8712960565209403E-02,1.5738073491182503E-02|,0E+00,3.55574397755233E+00,0E+00,0E+00,0E+00,-8.666621000000002E-02 | 0E+00
fr-ARIA-USDT-loong_kc_bnfutures_mode_5,ARIA-USDT-FTR,-2.309648076331528E+02,-2.582075488531528E+02,2.724274122E+01,6.038737155421018E+00,-3.325917301353185E+01,5E-05 | 0E+00,2.50341315E-01,6.244653299213573E+04,-5.274229764899998E+03,-5.0068263E+03,1.1839934127958823E+01,1.1335216675881668E+01,0E+00,-3.6986009721666946E-03,-4.1348580374457366E-03,5.165254915760488E-03,-5.326023947193414E-04,9.67025207977761E-05,2.1440708137584452E-04,21_virtual@eisoky3tmanagedsub.com,precursor012,-6.7605E+04,2026-01-19 18:29:16,6.21E+02,prod-strategy-ap71,2026-01-20 22:10:44,-1.638377419878893E+02,2.9810298102981303E-03|,0E+00,9.238584154783144E-01,0E+00,0E+00,0E+00,2.099999999999999E-03 | 0E+00
fr-RESOLV-USDT-loong_kc_bnfutures_mode_0,RESOLV-USDT-FTR,-2.563243157434055E+02,3.767516659446413E-02,-2.5636199091E+02,6.089627742767334E-03,-2.5679999962449074E-02,-3.6127E-04 | 0E+00,-1.0421241240592E+00,8.693290710449219E+01,-2.0461117096E+03,-2.88461296E+03,4.248688216611934E-02,2.4544775390625E-02,0E+00,-2.9485303584212033E+00,4.333821086781221E-04,-1.2529227495605158E-01,-2.9540022090348433E-04,7.004974233114835E-05,8.317818134200938E-05,21_virtual@eisoky3tmanagedsub.com,precursor012,-2.3728E+04,2026-01-19 08:04:53,3E+00,prod-strategy-ap71,2026-01-19 20:29:12,0E+00,1.2360939431397266E-03|,0E+00,3.7160606418097464E+00,0E+00,0E+00,0E+00,-1.0726422999999999E-01 | 0E+00
fr-PLAY-USDT-loong_kc_bnfutures_mode_2,PLAY-USDT-FTR,-3.313135163574533E+02,-1.1806807702874532E+03,8.4936725393E+02,8.531502117329865E+00,-2.6669396690186113E+02,1.4629E-04 | 0E+00,4.433437271126701E+00,1.1378303054966195E+05,-1.91707584E+03,-3.0305812230000003E+04,5.935238876603962E+01,3.6650678470954894E+01,0E+00,-2.9118007734277E-03,-1.0376598026822031E-02,4.4305354864312513E-01,-2.3438817336251154E-03,7.498044371041944E-05,7.793263736175872E-05,21_virtual@eisoky3tmanagedsub.com,precursor012,-4.10481E+05,2026-01-19 14:22:42,5.4E+01,prod-strategy-ap71,2026-01-26 12:52:06,-5.475185849904254E+02,0E+00|,0E+00,1.633735303997988E+00,0E+00,0E+00,0E+00,2.1433100000000004E-02 | 0E+00
fr-ARIA-USDT-loong_kc_bnfutures_mode_4,ARIA-USDT-FTR,-4.073859667721756E+02,-4.4603228185217563E+02,3.864631508E+01,2.814529791706377E+00,-3.645383006031625E+01,5E-05 | 0E+00,2.50341315E-01,3.887773168988153E+04,-5.274229764899998E+03,-5.0068263E+03,7.371262425579723E+00,-1.081980808770828E+01,0E+00,-1.0478645462698211E-02,-1.1472693042126779E-02,7.3273855714802655E-03,-9.376532136982637E-04,7.239439312347786E-05,2.1440708137584452E-04,21_virtual@eisoky3tmanagedsub.com,precursor012,-6.7605E+04,2026-01-15 17:30:04,6.73E+02,prod-strategy-ap71,2026-01-20 02:11:04,-3.3690535257646036E+02,2.9810298102981303E-03|,0E+00,8.79410388550521E-01,0E+00,0E+00,0E+00,2.099999999999999E-03 | 0E+00
fr-DUSK-USDT-loong_kc_bnfutures_mode_0,DUSK-USDT-FTR,-4.1497749802E+02,0E+00,-4.1497749802E+02,0E+00,0E+00,-2.30901E-03 | 0E+00,-6.7342003494117E+00,0E+00,-2.5161140800000003E+03,-2.91648817E+03,0E+00,0E+00,0E+00,0E+00,0E+00,-1.649279344361047E-01,0E+00,0E+00,1.0228463687563617E-04,21_virtual@eisoky3tmanagedsub.com,precursor012,-1.8307E+04,2026-01-17 02:11:52,0E+00,prod-strategy-ap71,2026-01-17 19:13:13,0E+00,3.6907293882146863E-03|,0E+00,2.147542518582962E+00,0E+00,0E+00,0E+00,-1.0695496E-01 | 0E+00
fr-MERL-USDT-loong_kc_bnfutures_mode_0,MERL-USDT-FTR,-6.206145597215279E+02,-5.607259655015279E+02,-5.9888594220000016E+01,7.140227728462207E+01,-1.2674038103630662E+03,5E-05 | 0E+00,7.9868105756E-02,8.334210343429705E+05,-1.8129088228800001E+03,-1.5973621151199998E+03,4.5971480960580897E+02,2.7433784139809386E+01,0E+00,-7.446591028396481E-04,-6.728003522776187E-04,-3.3034531833134644E-02,-1.5207245295437344E-03,8.567371633584007E-05,7.369805769574557E-05,21_virtual@eisoky3tmanagedsub.com,precursor012,-1.6648E+04,2026-01-15 21:39:27,7.3E+02,prod-strategy-ap71,2026-01-25 02:04:15,-3.575571714015381E+02,1.6659725114533952E-03|,0E+00,1.365136385622865E+00,0E+00,0E+00,0E+00,-2.2124999999999974E-04 | 0E+00
fr-SOLV-USDT-loong_kc_bnfutures_mode_4,SOLV-USDT-FTR,-1.008219429339504E+03,-1.027506380079504E+03,1.928695074E+01,1.3209318601582353E+01,-3.377126469208826E+01,5E-05 | 0E+00,2.91265486776E-01,1.8556746043386287E+05,-1.73387308E+03,-5.82530973552E+03,1.0702482354352192E+02,6.245563213197664E+00,0E+00,-5.433169301246315E-03,-5.537104283677537E-03,1.1123623154700574E-02,-1.8198915161704495E-04,7.11833775743793E-05,7.048511026822793E-05,21_virtual@eisoky3tmanagedsub.com,precursor012,-4.9013800000000006E+05,2026-01-13 04:22:26,9.87E+02,prod-strategy-ap71,2026-01-26 12:52:05,-4.158882835683207E+02,-8.396305625524292E-04|,0E+00,7.544594544631007E-01,0E+00,0E+00,0E+00,2.099999999999999E-03 | 0E+00
fr-BULLA-USDT-loong_kc_bnfutures_mode_2,BULLA-USDT-FTR,-1.1821822822918148E+03,-1.7734592506118147E+03,5.9127696832E+02,7.9826619051117405E+00,-5.134314331473462E+00,5E-05 | 0E+00,4.505412013500001E+00,8.580548387483647E+04,-1.92267445E+03,-9.010824027000001E+04,4.4628191670636944E+01,-6.969348691981585E+00,0E+00,-1.377746769677625E-02,-2.0668367224625648E-02,3.075283849119647E-01,-5.983666893555231E-05,9.303207143212389E-05,7.81602310926671E-05,21_virtual@eisoky3tmanagedsub.com,precursor012,-2.8983029999999995E+06,2026-01-17 22:25:33,1.281E+03,prod-strategy-ap71,2026-01-26 12:52:06,-1.0075785591144253E+03,2.906038101388342E-03|,0E+00,1.4551500508356854E+00,0E+00,0E+00,0E+00,2.5436280000000012E-02 | 0E+00
fr-STABLE-USDT-loong_kc_bnfutures_mode_1,STABLE-USDT-FTR,-1.2704087028116242E+03,-1.656013851991624E+03,3.8560514918E+02,2.0842102414697365E+01,-1.0396868927906326E+02,5E-05 | 0E+00,1.77962470042E+01,2.9272200686527044E+05,-2.00425466525E+03,-3.55924940084E+05,1.460503058521048E+02,0E+00,0E+00,-4.339983578331875E-03,-5.657291946463829E-03,1.9239329006720896E-01,-3.5517893031840396E-04,7.120100957865544E-05,8.147661597338859E-05,21_virtual@eisoky3tmanagedsub.com,precursor012,-1.6855699E+07,2026-01-03 14:22:59,9.32E+02,prod-strategy-ap71,2026-01-21 10:10:24,-1.1586549462933708E+03,3.315649867374759E-04|,0E+00,1.3481855739795339E+00,0E+00,0E+00,0E+00,2.099999999999999E-03 | 0E+00
fr-BNB-USDT-loong_kc_bnfutures_mode_0,BNB-USDT-FTR,-1.6239235398405851E+03,-2.0457985074105852E+03,4.2187496757E+02,2.982439823327968E+02,-3.570439223975775E+02,0E+00 | 0E+00,0E+00,3.8131867706986777E+06,-2.7888453279E+06,-7.976799939095398E+03,1.367299481456007E+00,-3.813070729539875E+03,0E+00,-4.258704431472259E-04,-5.365062427917058E-04,1.5127227148436798E-04,-9.363399798330819E-05,7.82138406187092E-05,1.1337166066276531E-01,21_virtual@eisoky3tmanagedsub.com,precursor012,-9.03E+00,2026-01-10 07:29:05,8.14E+02,prod-strategy-ap71,2026-01-22 11:30:20,-1.1180505626047702E+03,6.478077596498988E-04|,0E+00,3.162967837294627E-01,0E+00,0E+00,0E+00,1.1218E-04 | 0E+00
